$date
	Wed Aug 19 18:01:13 2026
$end
$version
	ModelSim Version 2020.1
$end
$timescale
	1ps
$end

$scope module tb_end_to_end $end

$scope module dut $end
$var reg 1 ! accel_busy $end
$var reg 1 " dma_busy $end
$var reg 1 # compute_busy $end
$var reg 1 $ mac_en $end
$var reg 1 % output_writer_busy $end
$var reg 1 & mem_req_valid $end
$var wire 1 ' mem_req_ready $end
$var reg 1 ( mem_req_write $end
$var wire 1 ) mem_rsp_valid $end
$var reg 1 * irq $end
$var reg 16 + compute_tile_row [15:0] $end
$var reg 16 , compute_tile_col [15:0] $end
$upscope $end
$upscope $end
$enddefinitions $end
#0
$dumpvars
x&
x(
x*
x!
x"
x#
x$
bx +
bx ,
x%
x'
x)
$end
#1000
0)
0!
0(
0&
0"
b0 ,
b0 +
0$
0#
0%
0*
1'
#285000
1!
#295000
1&
1"
#305000
0&
0'
#315000
1)
#325000
0)
0"
1'
#345000
1&
1"
#355000
0&
0'
#365000
1)
#375000
0)
0"
1'
#395000
1#
#495000
1$
#505000
0$
#525000
1%
#545000
0#
#685000
0%
#705000
1"
#725000
1(
1&
#735000
0(
0&
0'
#745000
1)
#755000
0)
0"
1'
#765000
0!
#775000
1*
#985000
0*
#1265000
1!
#1275000
1&
1"
#1285000
0&
0'
#1305000
1)
#1315000
0)
1&
1'
#1325000
0&
0'
#1345000
1)
#1355000
0)
1&
1'
#1365000
0&
0'
#1385000
1)
#1395000
0)
1&
1'
#1405000
0&
0'
#1425000
1)
#1435000
0)
0"
1'
#1455000
1&
1"
#1465000
0&
0'
#1485000
1)
#1495000
0)
1&
1'
#1505000
0&
0'
#1525000
1)
#1535000
0)
1&
1'
#1545000
0&
0'
#1565000
1)
#1575000
0)
1&
1'
#1585000
0&
0'
#1605000
1)
#1615000
0)
0"
1'
#1635000
1#
#1735000
1$
#1745000
0$
#1825000
1$
#1835000
0$
#1855000
1%
#1875000
0#
#2015000
0%
#2035000
1"
#2055000
1(
1&
#2065000
0(
0&
0'
#2085000
1)
#2095000
0)
1'
#2115000
1(
1&
#2125000
0(
0&
0'
#2145000
1)
#2155000
0)
1'
#2175000
1(
1&
#2185000
0(
0&
0'
#2205000
1)
#2215000
0)
1'
#2235000
1(
1&
#2245000
0(
0&
0'
#2265000
1)
#2275000
0)
0"
1'
#2285000
0!
#2295000
1*
#2505000
0*
#2785000
1!
#2795000
1&
1"
#2805000
0&
0'
#2835000
1)
#2845000
0)
1&
1'
#2855000
0&
0'
#2885000
1)
#2895000
0)
1&
1'
#2905000
0&
0'
#2935000
1)
#2945000
0)
1&
1'
#2955000
0&
0'
#2985000
1)
#2995000
0)
1&
1'
#3005000
0&
0'
#3035000
1)
#3045000
0)
1&
1'
#3055000
0&
0'
#3085000
1)
#3095000
0)
1&
1'
#3105000
0&
0'
#3135000
1)
#3145000
0)
1&
1'
#3155000
0&
0'
#3185000
1)
#3195000
0)
1&
1'
#3205000
0&
0'
#3235000
1)
#3245000
0)
1&
1'
#3255000
0&
0'
#3285000
1)
#3295000
0)
1&
1'
#3305000
0&
0'
#3335000
1)
#3345000
0)
1&
1'
#3355000
0&
0'
#3385000
1)
#3395000
0)
1&
1'
#3405000
0&
0'
#3435000
1)
#3445000
0)
1&
1'
#3455000
0&
0'
#3485000
1)
#3495000
0)
1&
1'
#3505000
0&
0'
#3535000
1)
#3545000
0)
1&
1'
#3555000
0&
0'
#3585000
1)
#3595000
0)
1&
1'
#3605000
0&
0'
#3635000
1)
#3645000
0)
1&
1'
#3655000
0&
0'
#3685000
1)
#3695000
0)
1&
1'
#3705000
0&
0'
#3735000
1)
#3745000
0)
1&
1'
#3755000
0&
0'
#3785000
1)
#3795000
0)
1&
1'
#3805000
0&
0'
#3835000
1)
#3845000
0)
1&
1'
#3855000
0&
0'
#3885000
1)
#3895000
0)
1&
1'
#3905000
0&
0'
#3935000
1)
#3945000
0)
1&
1'
#3955000
0&
0'
#3985000
1)
#3995000
0)
1&
1'
#4005000
0&
0'
#4035000
1)
#4045000
0)
1&
1'
#4055000
0&
0'
#4085000
1)
#4095000
0)
1&
1'
#4105000
0&
0'
#4135000
1)
#4145000
0)
1&
1'
#4155000
0&
0'
#4185000
1)
#4195000
0)
1&
1'
#4205000
0&
0'
#4235000
1)
#4245000
0)
1&
1'
#4255000
0&
0'
#4285000
1)
#4295000
0)
1&
1'
#4305000
0&
0'
#4335000
1)
#4345000
0)
1&
1'
#4355000
0&
0'
#4385000
1)
#4395000
0)
1&
1'
#4405000
0&
0'
#4435000
1)
#4445000
0)
1&
1'
#4455000
0&
0'
#4485000
1)
#4495000
0)
1&
1'
#4505000
0&
0'
#4535000
1)
#4545000
0)
0"
1'
#4565000
1&
1"
#4575000
0&
0'
#4605000
1)
#4615000
0)
1&
1'
#4625000
0&
0'
#4655000
1)
#4665000
0)
1&
1'
#4675000
0&
0'
#4705000
1)
#4715000
0)
1&
1'
#4725000
0&
0'
#4755000
1)
#4765000
0)
1&
1'
#4775000
0&
0'
#4805000
1)
#4815000
0)
1&
1'
#4825000
0&
0'
#4855000
1)
#4865000
0)
1&
1'
#4875000
0&
0'
#4905000
1)
#4915000
0)
1&
1'
#4925000
0&
0'
#4955000
1)
#4965000
0)
1&
1'
#4975000
0&
0'
#5005000
1)
#5015000
0)
1&
1'
#5025000
0&
0'
#5055000
1)
#5065000
0)
1&
1'
#5075000
0&
0'
#5105000
1)
#5115000
0)
1&
1'
#5125000
0&
0'
#5155000
1)
#5165000
0)
1&
1'
#5175000
0&
0'
#5205000
1)
#5215000
0)
1&
1'
#5225000
0&
0'
#5255000
1)
#5265000
0)
1&
1'
#5275000
0&
0'
#5305000
1)
#5315000
0)
1&
1'
#5325000
0&
0'
#5355000
1)
#5365000
0)
1&
1'
#5375000
0&
0'
#5405000
1)
#5415000
0)
1&
1'
#5425000
0&
0'
#5455000
1)
#5465000
0)
1&
1'
#5475000
0&
0'
#5505000
1)
#5515000
0)
1&
1'
#5525000
0&
0'
#5555000
1)
#5565000
0)
1&
1'
#5575000
0&
0'
#5605000
1)
#5615000
0)
0"
1'
#5635000
1#
#5735000
1$
#5745000
0$
#5825000
1$
#5835000
0$
#5915000
1$
#5925000
0$
#6005000
1$
#6015000
0$
#6095000
1$
#6105000
0$
#6185000
1$
#6195000
0$
#6275000
1$
#6285000
0$
#6305000
1%
#6315000
b100 +
#6415000
1$
#6425000
0$
#6465000
0%
#6505000
1$
#6515000
0$
#6595000
1$
#6605000
0$
#6685000
1$
#6695000
0$
#6775000
1$
#6785000
0$
#6865000
1$
#6875000
0$
#6955000
1$
#6965000
0$
#6985000
1%
#7005000
0#
#7145000
0%
#7165000
1"
#7185000
1(
1&
#7195000
0(
0&
0'
#7225000
1)
#7235000
0)
1'
#7255000
1(
1&
#7265000
0(
0&
0'
#7295000
1)
#7305000
0)
1'
#7325000
1(
1&
#7335000
0(
0&
0'
#7365000
1)
#7375000
0)
1'
#7395000
1(
1&
#7405000
0(
0&
0'
#7435000
1)
#7445000
0)
1'
#7465000
1(
1&
#7475000
0(
0&
0'
#7505000
1)
#7515000
0)
1'
#7535000
1(
1&
#7545000
0(
0&
0'
#7575000
1)
#7585000
0)
1'
#7605000
1(
1&
#7615000
0(
0&
0'
#7645000
1)
#7655000
0)
1'
#7675000
1(
1&
#7685000
0(
0&
0'
#7715000
1)
#7725000
0)
1'
#7745000
1(
1&
#7755000
0(
0&
0'
#7785000
1)
#7795000
0)
1'
#7815000
1(
1&
#7825000
0(
0&
0'
#7855000
1)
#7865000
0)
1'
#7885000
1(
1&
#7895000
0(
0&
0'
#7925000
1)
#7935000
0)
1'
#7955000
1(
1&
#7965000
0(
0&
0'
#7995000
1)
#8005000
0)
1'
#8025000
1(
1&
#8035000
0(
0&
0'
#8065000
1)
#8075000
0)
1'
#8095000
1(
1&
#8105000
0(
0&
0'
#8135000
1)
#8145000
0)
1'
#8165000
1(
1&
#8175000
0(
0&
0'
#8205000
1)
#8215000
0)
0"
1'
#8225000
0!
#8235000
1*
#8445000
0*
#8725000
1!
#8735000
1&
1"
#8745000
0&
0'
#8765000
1)
#8775000
0)
1&
1'
#8785000
0&
0'
#8805000
1)
#8815000
0)
1&
1'
#8825000
0&
0'
#8845000
1)
#8855000
0)
1&
1'
#8865000
0&
0'
#8885000
1)
#8895000
0)
1&
1'
#8905000
0&
0'
#8925000
1)
#8935000
0)
1&
1'
#8945000
0&
0'
#8965000
1)
#8975000
0)
1&
1'
#8985000
0&
0'
#9005000
1)
#9015000
0)
1&
1'
#9025000
0&
0'
#9045000
1)
#9055000
0)
1&
1'
#9065000
0&
0'
#9085000
1)
#9095000
0)
1&
1'
#9105000
0&
0'
#9125000
1)
#9135000
0)
1&
1'
#9145000
0&
0'
#9165000
1)
#9175000
0)
1&
1'
#9185000
0&
0'
#9205000
1)
#9215000
0)
1&
1'
#9225000
0&
0'
#9245000
1)
#9255000
0)
1&
1'
#9265000
0&
0'
#9285000
1)
#9295000
0)
1&
1'
#9305000
0&
0'
#9325000
1)
#9335000
0)
0"
1'
#9355000
1&
1"
#9365000
0&
0'
#9385000
1)
#9395000
0)
1&
1'
#9405000
0&
0'
#9425000
1)
#9435000
0)
1&
1'
#9445000
0&
0'
#9465000
1)
#9475000
0)
1&
1'
#9485000
0&
0'
#9505000
1)
#9515000
0)
1&
1'
#9525000
0&
0'
#9545000
1)
#9555000
0)
1&
1'
#9565000
0&
0'
#9585000
1)
#9595000
0)
1&
1'
#9605000
0&
0'
#9625000
1)
#9635000
0)
1&
1'
#9645000
0&
0'
#9665000
1)
#9675000
0)
1&
1'
#9685000
0&
0'
#9705000
1)
#9715000
0)
1&
1'
#9725000
0&
0'
#9745000
1)
#9755000
0)
1&
1'
#9765000
0&
0'
#9785000
1)
#9795000
0)
1&
1'
#9805000
0&
0'
#9825000
1)
#9835000
0)
1&
1'
#9845000
0&
0'
#9865000
1)
#9875000
0)
1&
1'
#9885000
0&
0'
#9905000
1)
#9915000
0)
1&
1'
#9925000
0&
0'
#9945000
1)
#9955000
0)
1&
1'
#9965000
0&
0'
#9985000
1)
#9995000
0)
1&
1'
#10005000
0&
0'
#10025000
1)
#10035000
0)
1&
1'
#10045000
0&
0'
#10065000
1)
#10075000
0)
1&
1'
#10085000
0&
0'
#10105000
1)
#10115000
0)
1&
1'
#10125000
0&
0'
#10145000
1)
#10155000
0)
1&
1'
#10165000
0&
0'
#10185000
1)
#10195000
0)
1&
1'
#10205000
0&
0'
#10225000
1)
#10235000
0)
1&
1'
#10245000
0&
0'
#10265000
1)
#10275000
0)
1&
1'
#10285000
0&
0'
#10305000
1)
#10315000
0)
1&
1'
#10325000
0&
0'
#10345000
1)
#10355000
0)
0"
1'
#10375000
b0 +
1#
#10475000
1$
#10485000
0$
#10565000
1$
#10575000
0$
#10655000
1$
#10665000
0$
#10745000
1$
#10755000
0$
#10835000
1$
#10845000
0$
#10865000
1%
#10875000
b100 ,
#10975000
1$
#10985000
0$
#11025000
0%
#11065000
1$
#11075000
0$
#11155000
1$
#11165000
0$
#11245000
1$
#11255000
0$
#11335000
1$
#11345000
0$
#11365000
1%
#11385000
0#
#11525000
0%
#11545000
1"
#11565000
1(
1&
#11575000
0(
0&
0'
#11595000
1)
#11605000
0)
1'
#11625000
1(
1&
#11635000
0(
0&
0'
#11655000
1)
#11665000
0)
1'
#11685000
1(
1&
#11695000
0(
0&
0'
#11715000
1)
#11725000
0)
1'
#11745000
1(
1&
#11755000
0(
0&
0'
#11775000
1)
#11785000
0)
1'
#11805000
1(
1&
#11815000
0(
0&
0'
#11835000
1)
#11845000
0)
1'
#11865000
1(
1&
#11875000
0(
0&
0'
#11895000
1)
#11905000
0)
1'
#11925000
1(
1&
#11935000
0(
0&
0'
#11955000
1)
#11965000
0)
1'
#11985000
1(
1&
#11995000
0(
0&
0'
#12015000
1)
#12025000
0)
1'
#12045000
1(
1&
#12055000
0(
0&
0'
#12075000
1)
#12085000
0)
1'
#12105000
1(
1&
#12115000
0(
0&
0'
#12135000
1)
#12145000
0)
1'
#12165000
1(
1&
#12175000
0(
0&
0'
#12195000
1)
#12205000
0)
1'
#12225000
1(
1&
#12235000
0(
0&
0'
#12255000
1)
#12265000
0)
1'
#12285000
1(
1&
#12295000
0(
0&
0'
#12315000
1)
#12325000
0)
1'
#12345000
1(
1&
#12355000
0(
0&
0'
#12375000
1)
#12385000
0)
1'
#12405000
1(
1&
#12415000
0(
0&
0'
#12435000
1)
#12445000
0)
0"
1'
#12455000
0!
#12465000
1*
#12675000
0*
#12955000
1!
#12965000
1&
1"
#12975000
0&
0'
#12985000
1)
#12995000
0)
1&
1'
#13005000
0&
0'
#13015000
1)
#13025000
0)
1&
1'
#13035000
0&
0'
#13045000
1)
#13055000
0)
1&
1'
#13065000
0&
0'
#13075000
1)
#13085000
0)
1&
1'
#13095000
0&
0'
#13105000
1)
#13115000
0)
1&
1'
#13125000
0&
0'
#13135000
1)
#13145000
0)
1&
1'
#13155000
0&
0'
#13165000
1)
#13175000
0)
1&
1'
#13185000
0&
0'
#13195000
1)
#13205000
0)
1&
1'
#13215000
0&
0'
#13225000
1)
#13235000
0)
1&
1'
#13245000
0&
0'
#13255000
1)
#13265000
0)
1&
1'
#13275000
0&
0'
#13285000
1)
#13295000
0)
1&
1'
#13305000
0&
0'
#13315000
1)
#13325000
0)
1&
1'
#13335000
0&
0'
#13345000
1)
#13355000
0)
1&
1'
#13365000
0&
0'
#13375000
1)
#13385000
0)
1&
1'
#13395000
0&
0'
#13405000
1)
#13415000
0)
1&
1'
#13425000
0&
0'
#13435000
1)
#13445000
0)
1&
1'
#13455000
0&
0'
#13465000
1)
#13475000
0)
1&
1'
#13485000
0&
0'
#13495000
1)
#13505000
0)
1&
1'
#13515000
0&
0'
#13525000
1)
#13535000
0)
1&
1'
#13545000
0&
0'
#13555000
1)
#13565000
0)
1&
1'
#13575000
0&
0'
#13585000
1)
#13595000
0)
1&
1'
#13605000
0&
0'
#13615000
1)
#13625000
0)
1&
1'
#13635000
0&
0'
#13645000
1)
#13655000
0)
1&
1'
#13665000
0&
0'
#13675000
1)
#13685000
0)
1&
1'
#13695000
0&
0'
#13705000
1)
#13715000
0)
1&
1'
#13725000
0&
0'
#13735000
1)
#13745000
0)
1&
1'
#13755000
0&
0'
#13765000
1)
#13775000
0)
1&
1'
#13785000
0&
0'
#13795000
1)
#13805000
0)
1&
1'
#13815000
0&
0'
#13825000
1)
#13835000
0)
1&
1'
#13845000
0&
0'
#13855000
1)
#13865000
0)
1&
1'
#13875000
0&
0'
#13885000
1)
#13895000
0)
1&
1'
#13905000
0&
0'
#13915000
1)
#13925000
0)
0"
1'
#13945000
1&
1"
#13955000
0&
0'
#13965000
1)
#13975000
0)
1&
1'
#13985000
0&
0'
#13995000
1)
#14005000
0)
1&
1'
#14015000
0&
0'
#14025000
1)
#14035000
0)
1&
1'
#14045000
0&
0'
#14055000
1)
#14065000
0)
1&
1'
#14075000
0&
0'
#14085000
1)
#14095000
0)
1&
1'
#14105000
0&
0'
#14115000
1)
#14125000
0)
1&
1'
#14135000
0&
0'
#14145000
1)
#14155000
0)
1&
1'
#14165000
0&
0'
#14175000
1)
#14185000
0)
1&
1'
#14195000
0&
0'
#14205000
1)
#14215000
0)
1&
1'
#14225000
0&
0'
#14235000
1)
#14245000
0)
1&
1'
#14255000
0&
0'
#14265000
1)
#14275000
0)
1&
1'
#14285000
0&
0'
#14295000
1)
#14305000
0)
1&
1'
#14315000
0&
0'
#14325000
1)
#14335000
0)
1&
1'
#14345000
0&
0'
#14355000
1)
#14365000
0)
1&
1'
#14375000
0&
0'
#14385000
1)
#14395000
0)
1&
1'
#14405000
0&
0'
#14415000
1)
#14425000
0)
1&
1'
#14435000
0&
0'
#14445000
1)
#14455000
0)
1&
1'
#14465000
0&
0'
#14475000
1)
#14485000
0)
1&
1'
#14495000
0&
0'
#14505000
1)
#14515000
0)
1&
1'
#14525000
0&
0'
#14535000
1)
#14545000
0)
1&
1'
#14555000
0&
0'
#14565000
1)
#14575000
0)
1&
1'
#14585000
0&
0'
#14595000
1)
#14605000
0)
1&
1'
#14615000
0&
0'
#14625000
1)
#14635000
0)
1&
1'
#14645000
0&
0'
#14655000
1)
#14665000
0)
1&
1'
#14675000
0&
0'
#14685000
1)
#14695000
0)
1&
1'
#14705000
0&
0'
#14715000
1)
#14725000
0)
1&
1'
#14735000
0&
0'
#14745000
1)
#14755000
0)
1&
1'
#14765000
0&
0'
#14775000
1)
#14785000
0)
1&
1'
#14795000
0&
0'
#14805000
1)
#14815000
0)
1&
1'
#14825000
0&
0'
#14835000
1)
#14845000
0)
1&
1'
#14855000
0&
0'
#14865000
1)
#14875000
0)
1&
1'
#14885000
0&
0'
#14895000
1)
#14905000
0)
0"
1'
#14925000
b0 ,
1#
#15025000
1$
#15035000
0$
#15115000
1$
#15125000
0$
#15205000
1$
#15215000
0$
#15295000
1$
#15305000
0$
#15385000
1$
#15395000
0$
#15475000
1$
#15485000
0$
#15565000
1$
#15575000
0$
#15655000
1$
#15665000
0$
#15685000
1%
#15705000
0#
#15845000
0%
#15865000
1"
#15885000
1(
1&
#15895000
0(
0&
0'
#15905000
1)
#15915000
0)
1'
#15935000
1(
1&
#15945000
0(
0&
0'
#15955000
1)
#15965000
0)
1'
#15985000
1(
1&
#15995000
0(
0&
0'
#16005000
1)
#16015000
0)
1'
#16035000
1(
1&
#16045000
0(
0&
0'
#16055000
1)
#16065000
0)
1'
#16085000
1(
1&
#16095000
0(
0&
0'
#16105000
1)
#16115000
0)
1'
#16135000
1(
1&
#16145000
0(
0&
0'
#16155000
1)
#16165000
0)
1'
#16185000
1(
1&
#16195000
0(
0&
0'
#16205000
1)
#16215000
0)
1'
#16235000
1(
1&
#16245000
0(
0&
0'
#16255000
1)
#16265000
0)
1'
#16285000
1(
1&
#16295000
0(
0&
0'
#16305000
1)
#16315000
0)
1'
#16335000
1(
1&
#16345000
0(
0&
0'
#16355000
1)
#16365000
0)
1'
#16385000
1(
1&
#16395000
0(
0&
0'
#16405000
1)
#16415000
0)
1'
#16435000
1(
1&
#16445000
0(
0&
0'
#16455000
1)
#16465000
0)
1'
#16485000
1(
1&
#16495000
0(
0&
0'
#16505000
1)
#16515000
0)
1'
#16535000
1(
1&
#16545000
0(
0&
0'
#16555000
1)
#16565000
0)
1'
#16585000
1(
1&
#16595000
0(
0&
0'
#16605000
1)
#16615000
0)
1'
#16635000
1(
1&
#16645000
0(
0&
0'
#16655000
1)
#16665000
0)
0"
1'
#16675000
0!
#16685000
1*
#16895000
0*
#17175000
1!
#17185000
1&
1"
#17195000
0&
0'
#17215000
1)
#17225000
0)
1&
1'
#17235000
0&
0'
#17255000
1)
#17265000
0)
1&
1'
#17275000
0&
0'
#17295000
1)
#17305000
0)
1&
1'
#17315000
0&
0'
#17335000
1)
#17345000
0)
1&
1'
#17355000
0&
0'
#17375000
1)
#17385000
0)
1&
1'
#17395000
0&
0'
#17415000
1)
#17425000
0)
1&
1'
#17435000
0&
0'
#17455000
1)
#17465000
0)
1&
1'
#17475000
0&
0'
#17495000
1)
#17505000
0)
1&
1'
#17515000
0&
0'
#17535000
1)
#17545000
0)
1&
1'
#17555000
0&
0'
#17575000
1)
#17585000
0)
1&
1'
#17595000
0&
0'
#17615000
1)
#17625000
0)
1&
1'
#17635000
0&
0'
#17655000
1)
#17665000
0)
1&
1'
#17675000
0&
0'
#17695000
1)
#17705000
0)
1&
1'
#17715000
0&
0'
#17735000
1)
#17745000
0)
1&
1'
#17755000
0&
0'
#17775000
1)
#17785000
0)
1&
1'
#17795000
0&
0'
#17815000
1)
#17825000
0)
1&
1'
#17835000
0&
0'
#17855000
1)
#17865000
0)
1&
1'
#17875000
0&
0'
#17895000
1)
#17905000
0)
1&
1'
#17915000
0&
0'
#17935000
1)
#17945000
0)
1&
1'
#17955000
0&
0'
#17975000
1)
#17985000
0)
1&
1'
#17995000
0&
0'
#18015000
1)
#18025000
0)
1&
1'
#18035000
0&
0'
#18055000
1)
#18065000
0)
1&
1'
#18075000
0&
0'
#18095000
1)
#18105000
0)
1&
1'
#18115000
0&
0'
#18135000
1)
#18145000
0)
1&
1'
#18155000
0&
0'
#18175000
1)
#18185000
0)
1&
1'
#18195000
0&
0'
#18215000
1)
#18225000
0)
1&
1'
#18235000
0&
0'
#18255000
1)
#18265000
0)
1&
1'
#18275000
0&
0'
#18295000
1)
#18305000
0)
1&
1'
#18315000
0&
0'
#18335000
1)
#18345000
0)
1&
1'
#18355000
0&
0'
#18375000
1)
#18385000
0)
1&
1'
#18395000
0&
0'
#18415000
1)
#18425000
0)
1&
1'
#18435000
0&
0'
#18455000
1)
#18465000
0)
0"
1'
#18485000
1&
1"
#18495000
0&
0'
#18515000
1)
#18525000
0)
1&
1'
#18535000
0&
0'
#18555000
1)
#18565000
0)
1&
1'
#18575000
0&
0'
#18595000
1)
#18605000
0)
1&
1'
#18615000
0&
0'
#18635000
1)
#18645000
0)
1&
1'
#18655000
0&
0'
#18675000
1)
#18685000
0)
1&
1'
#18695000
0&
0'
#18715000
1)
#18725000
0)
1&
1'
#18735000
0&
0'
#18755000
1)
#18765000
0)
1&
1'
#18775000
0&
0'
#18795000
1)
#18805000
0)
1&
1'
#18815000
0&
0'
#18835000
1)
#18845000
0)
1&
1'
#18855000
0&
0'
#18875000
1)
#18885000
0)
1&
1'
#18895000
0&
0'
#18915000
1)
#18925000
0)
1&
1'
#18935000
0&
0'
#18955000
1)
#18965000
0)
1&
1'
#18975000
0&
0'
#18995000
1)
#19005000
0)
1&
1'
#19015000
0&
0'
#19035000
1)
#19045000
0)
1&
1'
#19055000
0&
0'
#19075000
1)
#19085000
0)
1&
1'
#19095000
0&
0'
#19115000
1)
#19125000
0)
1&
1'
#19135000
0&
0'
#19155000
1)
#19165000
0)
1&
1'
#19175000
0&
0'
#19195000
1)
#19205000
0)
1&
1'
#19215000
0&
0'
#19235000
1)
#19245000
0)
1&
1'
#19255000
0&
0'
#19275000
1)
#19285000
0)
1&
1'
#19295000
0&
0'
#19315000
1)
#19325000
0)
1&
1'
#19335000
0&
0'
#19355000
1)
#19365000
0)
1&
1'
#19375000
0&
0'
#19395000
1)
#19405000
0)
1&
1'
#19415000
0&
0'
#19435000
1)
#19445000
0)
1&
1'
#19455000
0&
0'
#19475000
1)
#19485000
0)
1&
1'
#19495000
0&
0'
#19515000
1)
#19525000
0)
1&
1'
#19535000
0&
0'
#19555000
1)
#19565000
0)
1&
1'
#19575000
0&
0'
#19595000
1)
#19605000
0)
1&
1'
#19615000
0&
0'
#19635000
1)
#19645000
0)
1&
1'
#19655000
0&
0'
#19675000
1)
#19685000
0)
1&
1'
#19695000
0&
0'
#19715000
1)
#19725000
0)
1&
1'
#19735000
0&
0'
#19755000
1)
#19765000
0)
0"
1'
#19785000
1#
#19885000
1$
#19895000
0$
#19975000
1$
#19985000
0$
#20065000
1$
#20075000
0$
#20155000
1$
#20165000
0$
#20245000
1$
#20255000
0$
#20335000
1$
#20345000
0$
#20425000
1$
#20435000
0$
#20515000
1$
#20525000
0$
#20545000
1%
#20565000
0#
#20705000
0%
#20725000
1"
#20745000
1(
1&
#20755000
0(
0&
0'
#20775000
1)
#20785000
0)
1'
#20805000
1(
1&
#20815000
0(
0&
0'
#20835000
1)
#20845000
0)
1'
#20865000
1(
1&
#20875000
0(
0&
0'
#20895000
1)
#20905000
0)
1'
#20925000
1(
1&
#20935000
0(
0&
0'
#20955000
1)
#20965000
0)
1'
#20985000
1(
1&
#20995000
0(
0&
0'
#21015000
1)
#21025000
0)
1'
#21045000
1(
1&
#21055000
0(
0&
0'
#21075000
1)
#21085000
0)
1'
#21105000
1(
1&
#21115000
0(
0&
0'
#21135000
1)
#21145000
0)
1'
#21165000
1(
1&
#21175000
0(
0&
0'
#21195000
1)
#21205000
0)
1'
#21225000
1(
1&
#21235000
0(
0&
0'
#21255000
1)
#21265000
0)
1'
#21285000
1(
1&
#21295000
0(
0&
0'
#21315000
1)
#21325000
0)
1'
#21345000
1(
1&
#21355000
0(
0&
0'
#21375000
1)
#21385000
0)
1'
#21405000
1(
1&
#21415000
0(
0&
0'
#21435000
1)
#21445000
0)
1'
#21465000
1(
1&
#21475000
0(
0&
0'
#21495000
1)
#21505000
0)
1'
#21525000
1(
1&
#21535000
0(
0&
0'
#21555000
1)
#21565000
0)
1'
#21585000
1(
1&
#21595000
0(
0&
0'
#21615000
1)
#21625000
0)
1'
#21645000
1(
1&
#21655000
0(
0&
0'
#21675000
1)
#21685000
0)
0"
1'
#21695000
0!
#21705000
1*
#21915000
0*
#22195000
1!
#22205000
1&
1"
#22215000
0&
0'
#22245000
1)
#22255000
0)
1&
1'
#22265000
0&
0'
#22295000
1)
#22305000
0)
1&
1'
#22315000
0&
0'
#22345000
1)
#22355000
0)
1&
1'
#22365000
0&
0'
#22395000
1)
#22405000
0)
1&
1'
#22415000
0&
0'
#22445000
1)
#22455000
0)
1&
1'
#22465000
0&
0'
#22495000
1)
#22505000
0)
1&
1'
#22515000
0&
0'
#22545000
1)
#22555000
0)
1&
1'
#22565000
0&
0'
#22595000
1)
#22605000
0)
1&
1'
#22615000
0&
0'
#22645000
1)
#22655000
0)
1&
1'
#22665000
0&
0'
#22695000
1)
#22705000
0)
1&
1'
#22715000
0&
0'
#22745000
1)
#22755000
0)
1&
1'
#22765000
0&
0'
#22795000
1)
#22805000
0)
1&
1'
#22815000
0&
0'
#22845000
1)
#22855000
0)
1&
1'
#22865000
0&
0'
#22895000
1)
#22905000
0)
1&
1'
#22915000
0&
0'
#22945000
1)
#22955000
0)
1&
1'
#22965000
0&
0'
#22995000
1)
#23005000
0)
1&
1'
#23015000
0&
0'
#23045000
1)
#23055000
0)
1&
1'
#23065000
0&
0'
#23095000
1)
#23105000
0)
1&
1'
#23115000
0&
0'
#23145000
1)
#23155000
0)
1&
1'
#23165000
0&
0'
#23195000
1)
#23205000
0)
1&
1'
#23215000
0&
0'
#23245000
1)
#23255000
0)
0"
1'
#23275000
1&
1"
#23285000
0&
0'
#23315000
1)
#23325000
0)
1&
1'
#23335000
0&
0'
#23365000
1)
#23375000
0)
1&
1'
#23385000
0&
0'
#23415000
1)
#23425000
0)
1&
1'
#23435000
0&
0'
#23465000
1)
#23475000
0)
1&
1'
#23485000
0&
0'
#23515000
1)
#23525000
0)
1&
1'
#23535000
0&
0'
#23565000
1)
#23575000
0)
1&
1'
#23585000
0&
0'
#23615000
1)
#23625000
0)
1&
1'
#23635000
0&
0'
#23665000
1)
#23675000
0)
1&
1'
#23685000
0&
0'
#23715000
1)
#23725000
0)
1&
1'
#23735000
0&
0'
#23765000
1)
#23775000
0)
1&
1'
#23785000
0&
0'
#23815000
1)
#23825000
0)
1&
1'
#23835000
0&
0'
#23865000
1)
#23875000
0)
1&
1'
#23885000
0&
0'
#23915000
1)
#23925000
0)
1&
1'
#23935000
0&
0'
#23965000
1)
#23975000
0)
1&
1'
#23985000
0&
0'
#24015000
1)
#24025000
0)
1&
1'
#24035000
0&
0'
#24065000
1)
#24075000
0)
1&
1'
#24085000
0&
0'
#24115000
1)
#24125000
0)
1&
1'
#24135000
0&
0'
#24165000
1)
#24175000
0)
0"
1'
#24195000
1#
#24295000
1$
#24305000
0$
#24385000
1$
#24395000
0$
#24475000
1$
#24485000
0$
#24505000
1%
#24515000
b100 ,
#24615000
1$
#24625000
0$
#24665000
0%
#24705000
1$
#24715000
0$
#24795000
1$
#24805000
0$
#24825000
1%
#24835000
b0 ,
b100 +
#24935000
1$
#24945000
0$
#24985000
0%
#25025000
1$
#25035000
0$
#25115000
1$
#25125000
0$
#25145000
1%
#25155000
b100 ,
#25255000
1$
#25265000
0$
#25305000
0%
#25345000
1$
#25355000
0$
#25435000
1$
#25445000
0$
#25465000
1%
#25485000
0#
#25625000
0%
#25645000
1"
#25665000
1(
1&
#25675000
0(
0&
0'
#25705000
1)
#25715000
0)
1'
#25735000
1(
1&
#25745000
0(
0&
0'
#25775000
1)
#25785000
0)
1'
#25805000
1(
1&
#25815000
0(
0&
0'
#25845000
1)
#25855000
0)
1'
#25875000
1(
1&
#25885000
0(
0&
0'
#25915000
1)
#25925000
0)
1'
#25945000
1(
1&
#25955000
0(
0&
0'
#25985000
1)
#25995000
0)
1'
#26015000
1(
1&
#26025000
0(
0&
0'
#26055000
1)
#26065000
0)
1'
#26085000
1(
1&
#26095000
0(
0&
0'
#26125000
1)
#26135000
0)
1'
#26155000
1(
1&
#26165000
0(
0&
0'
#26195000
1)
#26205000
0)
1'
#26225000
1(
1&
#26235000
0(
0&
0'
#26265000
1)
#26275000
0)
1'
#26295000
1(
1&
#26305000
0(
0&
0'
#26335000
1)
#26345000
0)
1'
#26365000
1(
1&
#26375000
0(
0&
0'
#26405000
1)
#26415000
0)
1'
#26435000
1(
1&
#26445000
0(
0&
0'
#26475000
1)
#26485000
0)
1'
#26505000
1(
1&
#26515000
0(
0&
0'
#26545000
1)
#26555000
0)
1'
#26575000
1(
1&
#26585000
0(
0&
0'
#26615000
1)
#26625000
0)
1'
#26645000
1(
1&
#26655000
0(
0&
0'
#26685000
1)
#26695000
0)
1'
#26715000
1(
1&
#26725000
0(
0&
0'
#26755000
1)
#26765000
0)
1'
#26785000
1(
1&
#26795000
0(
0&
0'
#26825000
1)
#26835000
0)
1'
#26855000
1(
1&
#26865000
0(
0&
0'
#26895000
1)
#26905000
0)
1'
#26925000
1(
1&
#26935000
0(
0&
0'
#26965000
1)
#26975000
0)
1'
#26995000
1(
1&
#27005000
0(
0&
0'
#27035000
1)
#27045000
0)
1'
#27065000
1(
1&
#27075000
0(
0&
0'
#27105000
1)
#27115000
0)
1'
#27135000
1(
1&
#27145000
0(
0&
0'
#27175000
1)
#27185000
0)
1'
#27205000
1(
1&
#27215000
0(
0&
0'
#27245000
1)
#27255000
0)
1'
#27275000
1(
1&
#27285000
0(
0&
0'
#27315000
1)
#27325000
0)
1'
#27345000
1(
1&
#27355000
0(
0&
0'
#27385000
1)
#27395000
0)
1'
#27415000
1(
1&
#27425000
0(
0&
0'
#27455000
1)
#27465000
0)
1'
#27485000
1(
1&
#27495000
0(
0&
0'
#27525000
1)
#27535000
0)
1'
#27555000
1(
1&
#27565000
0(
0&
0'
#27595000
1)
#27605000
0)
1'
#27625000
1(
1&
#27635000
0(
0&
0'
#27665000
1)
#27675000
0)
1'
#27695000
1(
1&
#27705000
0(
0&
0'
#27735000
1)
#27745000
0)
1'
#27765000
1(
1&
#27775000
0(
0&
0'
#27805000
1)
#27815000
0)
1'
#27835000
1(
1&
#27845000
0(
0&
0'
#27875000
1)
#27885000
0)
1'
#27905000
1(
1&
#27915000
0(
0&
0'
#27945000
1)
#27955000
0)
1'
#27975000
1(
1&
#27985000
0(
0&
0'
#28015000
1)
#28025000
0)
1'
#28045000
1(
1&
#28055000
0(
0&
0'
#28085000
1)
#28095000
0)
1'
#28115000
1(
1&
#28125000
0(
0&
0'
#28155000
1)
#28165000
0)
1'
#28185000
1(
1&
#28195000
0(
0&
0'
#28225000
1)
#28235000
0)
1'
#28255000
1(
1&
#28265000
0(
0&
0'
#28295000
1)
#28305000
0)
1'
#28325000
1(
1&
#28335000
0(
0&
0'
#28365000
1)
#28375000
0)
1'
#28395000
1(
1&
#28405000
0(
0&
0'
#28435000
1)
#28445000
0)
1'
#28465000
1(
1&
#28475000
0(
0&
0'
#28505000
1)
#28515000
0)
1'
#28535000
1(
1&
#28545000
0(
0&
0'
#28575000
1)
#28585000
0)
0"
1'
#28595000
0!
#28605000
1*
#28815000
0*
#29095000
1!
#29105000
1&
1"
#29115000
0&
0'
#29135000
1)
#29145000
0)
1&
1'
#29155000
0&
0'
#29175000
1)
#29185000
0)
1&
1'
#29195000
0&
0'
#29215000
1)
#29225000
0)
1&
1'
#29235000
0&
0'
#29255000
1)
#29265000
0)
1&
1'
#29275000
0&
0'
#29295000
1)
#29305000
0)
1&
1'
#29315000
0&
0'
#29335000
1)
#29345000
0)
1&
1'
#29355000
0&
0'
#29375000
1)
#29385000
0)
1&
1'
#29395000
0&
0'
#29415000
1)
#29425000
0)
0"
1'
#29445000
1&
1"
#29455000
0&
0'
#29475000
1)
#29485000
0)
1&
1'
#29495000
0&
0'
#29515000
1)
#29525000
0)
1&
1'
#29535000
0&
0'
#29555000
1)
#29565000
0)
1&
1'
#29575000
0&
0'
#29595000
1)
#29605000
0)
1&
1'
#29615000
0&
0'
#29635000
1)
#29645000
0)
1&
1'
#29655000
0&
0'
#29675000
1)
#29685000
0)
1&
1'
#29695000
0&
0'
#29715000
1)
#29725000
0)
1&
1'
#29735000
0&
0'
#29755000
1)
#29765000
0)
1&
1'
#29775000
0&
0'
#29795000
1)
#29805000
0)
1&
1'
#29815000
0&
0'
#29835000
1)
#29845000
0)
1&
1'
#29855000
0&
0'
#29875000
1)
#29885000
0)
1&
1'
#29895000
0&
0'
#29915000
1)
#29925000
0)
0"
1'
#29945000
b0 ,
b0 +
1#
#30045000
1$
#30055000
0$
#30135000
1$
#30145000
0$
#30225000
1$
#30235000
0$
#30315000
1$
#30325000
0$
#30345000
1%
#30365000
0#
#30505000
0%
#30525000
1"
#30545000
1(
1&
#30555000
0(
0&
0'
#30575000
1)
#30585000
0)
1'
#30605000
1(
1&
#30615000
0(
0&
0'
#30635000
1)
#30645000
0)
1'
#30665000
1(
1&
#30675000
0(
0&
0'
#30695000
1)
#30705000
0)
1'
#30725000
1(
1&
#30735000
0(
0&
0'
#30755000
1)
#30765000
0)
1'
#30785000
1(
1&
#30795000
0(
0&
0'
#30815000
1)
#30825000
0)
1'
#30845000
1(
1&
#30855000
0(
0&
0'
#30875000
1)
#30885000
0)
0"
1'
#30895000
0!
#30905000
1*
#31115000
0*
#31395000
1!
#31405000
1&
1"
#31415000
0&
0'
#31425000
1)
#31435000
0)
1&
1'
#31445000
0&
0'
#31455000
1)
#31465000
0)
1&
1'
#31475000
0&
0'
#31485000
1)
#31495000
0)
1&
1'
#31505000
0&
0'
#31515000
1)
#31525000
0)
1&
1'
#31535000
0&
0'
#31545000
1)
#31555000
0)
1&
1'
#31565000
0&
0'
#31575000
1)
#31585000
0)
1&
1'
#31595000
0&
0'
#31605000
1)
#31615000
0)
1&
1'
#31625000
0&
0'
#31635000
1)
#31645000
0)
1&
1'
#31655000
0&
0'
#31665000
1)
#31675000
0)
1&
1'
#31685000
0&
0'
#31695000
1)
#31705000
0)
1&
1'
#31715000
0&
0'
#31725000
1)
#31735000
0)
1&
1'
#31745000
0&
0'
#31755000
1)
#31765000
0)
1&
1'
#31775000
0&
0'
#31785000
1)
#31795000
0)
1&
1'
#31805000
0&
0'
#31815000
1)
#31825000
0)
1&
1'
#31835000
0&
0'
#31845000
1)
#31855000
0)
1&
1'
#31865000
0&
0'
#31875000
1)
#31885000
0)
1&
1'
#31895000
0&
0'
#31905000
1)
#31915000
0)
1&
1'
#31925000
0&
0'
#31935000
1)
#31945000
0)
1&
1'
#31955000
0&
0'
#31965000
1)
#31975000
0)
1&
1'
#31985000
0&
0'
#31995000
1)
#32005000
0)
1&
1'
#32015000
0&
0'
#32025000
1)
#32035000
0)
1&
1'
#32045000
0&
0'
#32055000
1)
#32065000
0)
1&
1'
#32075000
0&
0'
#32085000
1)
#32095000
0)
1&
1'
#32105000
0&
0'
#32115000
1)
#32125000
0)
1&
1'
#32135000
0&
0'
#32145000
1)
#32155000
0)
1&
1'
#32165000
0&
0'
#32175000
1)
#32185000
0)
1&
1'
#32195000
0&
0'
#32205000
1)
#32215000
0)
1&
1'
#32225000
0&
0'
#32235000
1)
#32245000
0)
1&
1'
#32255000
0&
0'
#32265000
1)
#32275000
0)
1&
1'
#32285000
0&
0'
#32295000
1)
#32305000
0)
1&
1'
#32315000
0&
0'
#32325000
1)
#32335000
0)
1&
1'
#32345000
0&
0'
#32355000
1)
#32365000
0)
1&
1'
#32375000
0&
0'
#32385000
1)
#32395000
0)
1&
1'
#32405000
0&
0'
#32415000
1)
#32425000
0)
1&
1'
#32435000
0&
0'
#32445000
1)
#32455000
0)
1&
1'
#32465000
0&
0'
#32475000
1)
#32485000
0)
1&
1'
#32495000
0&
0'
#32505000
1)
#32515000
0)
1&
1'
#32525000
0&
0'
#32535000
1)
#32545000
0)
1&
1'
#32555000
0&
0'
#32565000
1)
#32575000
0)
1&
1'
#32585000
0&
0'
#32595000
1)
#32605000
0)
1&
1'
#32615000
0&
0'
#32625000
1)
#32635000
0)
1&
1'
#32645000
0&
0'
#32655000
1)
#32665000
0)
0"
1'
#32685000
1&
1"
#32695000
0&
0'
#32705000
1)
#32715000
0)
1&
1'
#32725000
0&
0'
#32735000
1)
#32745000
0)
1&
1'
#32755000
0&
0'
#32765000
1)
#32775000
0)
1&
1'
#32785000
0&
0'
#32795000
1)
#32805000
0)
1&
1'
#32815000
0&
0'
#32825000
1)
#32835000
0)
1&
1'
#32845000
0&
0'
#32855000
1)
#32865000
0)
1&
1'
#32875000
0&
0'
#32885000
1)
#32895000
0)
1&
1'
#32905000
0&
0'
#32915000
1)
#32925000
0)
1&
1'
#32935000
0&
0'
#32945000
1)
#32955000
0)
1&
1'
#32965000
0&
0'
#32975000
1)
#32985000
0)
1&
1'
#32995000
0&
0'
#33005000
1)
#33015000
0)
1&
1'
#33025000
0&
0'
#33035000
1)
#33045000
0)
1&
1'
#33055000
0&
0'
#33065000
1)
#33075000
0)
1&
1'
#33085000
0&
0'
#33095000
1)
#33105000
0)
1&
1'
#33115000
0&
0'
#33125000
1)
#33135000
0)
1&
1'
#33145000
0&
0'
#33155000
1)
#33165000
0)
1&
1'
#33175000
0&
0'
#33185000
1)
#33195000
0)
1&
1'
#33205000
0&
0'
#33215000
1)
#33225000
0)
1&
1'
#33235000
0&
0'
#33245000
1)
#33255000
0)
1&
1'
#33265000
0&
0'
#33275000
1)
#33285000
0)
1&
1'
#33295000
0&
0'
#33305000
1)
#33315000
0)
1&
1'
#33325000
0&
0'
#33335000
1)
#33345000
0)
1&
1'
#33355000
0&
0'
#33365000
1)
#33375000
0)
1&
1'
#33385000
0&
0'
#33395000
1)
#33405000
0)
1&
1'
#33415000
0&
0'
#33425000
1)
#33435000
0)
1&
1'
#33445000
0&
0'
#33455000
1)
#33465000
0)
1&
1'
#33475000
0&
0'
#33485000
1)
#33495000
0)
1&
1'
#33505000
0&
0'
#33515000
1)
#33525000
0)
1&
1'
#33535000
0&
0'
#33545000
1)
#33555000
0)
1&
1'
#33565000
0&
0'
#33575000
1)
#33585000
0)
1&
1'
#33595000
0&
0'
#33605000
1)
#33615000
0)
1&
1'
#33625000
0&
0'
#33635000
1)
#33645000
0)
1&
1'
#33655000
0&
0'
#33665000
1)
#33675000
0)
1&
1'
#33685000
0&
0'
#33695000
1)
#33705000
0)
1&
1'
#33715000
0&
0'
#33725000
1)
#33735000
0)
0"
1'
#33755000
1#
#33855000
1$
#33865000
0$
#33945000
1$
#33955000
0$
#34035000
1$
#34045000
0$
#34125000
1$
#34135000
0$
#34215000
1$
#34225000
0$
#34305000
1$
#34315000
0$
#34395000
1$
#34405000
0$
#34425000
1%
#34435000
b100 ,
#34535000
1$
#34545000
0$
#34585000
0%
#34625000
1$
#34635000
0$
#34715000
1$
#34725000
0$
#34805000
1$
#34815000
0$
#34895000
1$
#34905000
0$
#34985000
1$
#34995000
0$
#35075000
1$
#35085000
0$
#35105000
1%
#35115000
b0 ,
b100 +
#35215000
1$
#35225000
0$
#35265000
0%
#35305000
1$
#35315000
0$
#35395000
1$
#35405000
0$
#35485000
1$
#35495000
0$
#35575000
1$
#35585000
0$
#35665000
1$
#35675000
0$
#35755000
1$
#35765000
0$
#35785000
1%
#35795000
b100 ,
#35895000
1$
#35905000
0$
#35945000
0%
#35985000
1$
#35995000
0$
#36075000
1$
#36085000
0$
#36165000
1$
#36175000
0$
#36255000
1$
#36265000
0$
#36345000
1$
#36355000
0$
#36435000
1$
#36445000
0$
#36465000
1%
#36485000
0#
#36625000
0%
#36645000
1"
#36665000
1(
1&
#36675000
0(
0&
0'
#36685000
1)
#36695000
0)
1'
#36715000
1(
1&
#36725000
0(
0&
0'
#36735000
1)
#36745000
0)
1'
#36765000
1(
1&
#36775000
0(
0&
0'
#36785000
1)
#36795000
0)
1'
#36815000
1(
1&
#36825000
0(
0&
0'
#36835000
1)
#36845000
0)
1'
#36865000
1(
1&
#36875000
0(
0&
0'
#36885000
1)
#36895000
0)
1'
#36915000
1(
1&
#36925000
0(
0&
0'
#36935000
1)
#36945000
0)
1'
#36965000
1(
1&
#36975000
0(
0&
0'
#36985000
1)
#36995000
0)
1'
#37015000
1(
1&
#37025000
0(
0&
0'
#37035000
1)
#37045000
0)
1'
#37065000
1(
1&
#37075000
0(
0&
0'
#37085000
1)
#37095000
0)
1'
#37115000
1(
1&
#37125000
0(
0&
0'
#37135000
1)
#37145000
0)
1'
#37165000
1(
1&
#37175000
0(
0&
0'
#37185000
1)
#37195000
0)
1'
#37215000
1(
1&
#37225000
0(
0&
0'
#37235000
1)
#37245000
0)
1'
#37265000
1(
1&
#37275000
0(
0&
0'
#37285000
1)
#37295000
0)
1'
#37315000
1(
1&
#37325000
0(
0&
0'
#37335000
1)
#37345000
0)
1'
#37365000
1(
1&
#37375000
0(
0&
0'
#37385000
1)
#37395000
0)
1'
#37415000
1(
1&
#37425000
0(
0&
0'
#37435000
1)
#37445000
0)
1'
#37465000
1(
1&
#37475000
0(
0&
0'
#37485000
1)
#37495000
0)
1'
#37515000
1(
1&
#37525000
0(
0&
0'
#37535000
1)
#37545000
0)
1'
#37565000
1(
1&
#37575000
0(
0&
0'
#37585000
1)
#37595000
0)
1'
#37615000
1(
1&
#37625000
0(
0&
0'
#37635000
1)
#37645000
0)
1'
#37665000
1(
1&
#37675000
0(
0&
0'
#37685000
1)
#37695000
0)
1'
#37715000
1(
1&
#37725000
0(
0&
0'
#37735000
1)
#37745000
0)
1'
#37765000
1(
1&
#37775000
0(
0&
0'
#37785000
1)
#37795000
0)
1'
#37815000
1(
1&
#37825000
0(
0&
0'
#37835000
1)
#37845000
0)
1'
#37865000
1(
1&
#37875000
0(
0&
0'
#37885000
1)
#37895000
0)
1'
#37915000
1(
1&
#37925000
0(
0&
0'
#37935000
1)
#37945000
0)
1'
#37965000
1(
1&
#37975000
0(
0&
0'
#37985000
1)
#37995000
0)
1'
#38015000
1(
1&
#38025000
0(
0&
0'
#38035000
1)
#38045000
0)
1'
#38065000
1(
1&
#38075000
0(
0&
0'
#38085000
1)
#38095000
0)
1'
#38115000
1(
1&
#38125000
0(
0&
0'
#38135000
1)
#38145000
0)
0"
1'
#38155000
0!
#38165000
1*
#38375000
0*
#38380000
0'
#38655000
1!
#38665000
1&
1"
#38685000
1'
#38695000
0&
0'
#38735000
1)
#38745000
0)
1&
#38765000
1'
#38775000
0&
0'
#38815000
1)
#38825000
0)
1&
#38845000
1'
#38855000
0&
0'
#38895000
1)
#38905000
0)
1&
#38925000
1'
#38935000
0&
0'
#38975000
1)
#38985000
0)
1&
#39005000
1'
#39015000
0&
0'
#39055000
1)
#39065000
0)
1&
#39085000
1'
#39095000
0&
0'
#39135000
1)
#39145000
0)
1&
#39165000
1'
#39175000
0&
0'
#39215000
1)
#39225000
0)
1&
#39245000
1'
#39255000
0&
0'
#39295000
1)
#39305000
0)
1&
#39325000
1'
#39335000
0&
0'
#39375000
1)
#39385000
0)
1&
#39405000
1'
#39415000
0&
0'
#39455000
1)
#39465000
0)
1&
#39485000
1'
#39495000
0&
0'
#39535000
1)
#39545000
0)
1&
#39565000
1'
#39575000
0&
0'
#39615000
1)
#39625000
0)
1&
#39645000
1'
#39655000
0&
0'
#39695000
1)
#39705000
0)
1&
#39725000
1'
#39735000
0&
0'
#39775000
1)
#39785000
0)
1&
#39805000
1'
#39815000
0&
0'
#39855000
1)
#39865000
0)
1&
#39885000
1'
#39895000
0&
0'
#39935000
1)
#39945000
0)
1&
#39965000
1'
#39975000
0&
0'
#40015000
1)
#40025000
0)
1&
#40045000
1'
#40055000
0&
0'
#40095000
1)
#40105000
0)
1&
#40125000
1'
#40135000
0&
0'
#40175000
1)
#40185000
0)
1&
#40205000
1'
#40215000
0&
0'
#40255000
1)
#40265000
0)
1&
#40285000
1'
#40295000
0&
0'
#40335000
1)
#40345000
0)
1&
#40365000
1'
#40375000
0&
0'
#40415000
1)
#40425000
0)
1&
#40445000
1'
#40455000
0&
0'
#40495000
1)
#40505000
0)
1&
#40525000
1'
#40535000
0&
0'
#40575000
1)
#40585000
0)
1&
#40605000
1'
#40615000
0&
0'
#40655000
1)
#40665000
0)
0"
#40685000
1&
1"
#40705000
1'
#40715000
0&
0'
#40755000
1)
#40765000
0)
1&
#40785000
1'
#40795000
0&
0'
#40835000
1)
#40845000
0)
1&
#40865000
1'
#40875000
0&
0'
#40915000
1)
#40925000
0)
1&
#40945000
1'
#40955000
0&
0'
#40995000
1)
#41005000
0)
1&
#41025000
1'
#41035000
0&
0'
#41075000
1)
#41085000
0)
1&
#41105000
1'
#41115000
0&
0'
#41155000
1)
#41165000
0)
1&
#41185000
1'
#41195000
0&
0'
#41235000
1)
#41245000
0)
1&
#41265000
1'
#41275000
0&
0'
#41315000
1)
#41325000
0)
1&
#41345000
1'
#41355000
0&
0'
#41395000
1)
#41405000
0)
1&
#41425000
1'
#41435000
0&
0'
#41475000
1)
#41485000
0)
1&
#41505000
1'
#41515000
0&
0'
#41555000
1)
#41565000
0)
1&
#41585000
1'
#41595000
0&
0'
#41635000
1)
#41645000
0)
1&
#41665000
1'
#41675000
0&
0'
#41715000
1)
#41725000
0)
1&
#41745000
1'
#41755000
0&
0'
#41795000
1)
#41805000
0)
1&
#41825000
1'
#41835000
0&
0'
#41875000
1)
#41885000
0)
1&
#41905000
1'
#41915000
0&
0'
#41955000
1)
#41965000
0)
1&
#41985000
1'
#41995000
0&
0'
#42035000
1)
#42045000
0)
1&
#42065000
1'
#42075000
0&
0'
#42115000
1)
#42125000
0)
1&
#42145000
1'
#42155000
0&
0'
#42195000
1)
#42205000
0)
1&
#42225000
1'
#42235000
0&
0'
#42275000
1)
#42285000
0)
1&
#42305000
1'
#42315000
0&
0'
#42355000
1)
#42365000
0)
1&
#42385000
1'
#42395000
0&
0'
#42435000
1)
#42445000
0)
1&
#42465000
1'
#42475000
0&
0'
#42515000
1)
#42525000
0)
1&
#42545000
1'
#42555000
0&
0'
#42595000
1)
#42605000
0)
1&
#42625000
1'
#42635000
0&
0'
#42675000
1)
#42685000
0)
0"
#42705000
b0 ,
b0 +
1#
#42805000
1$
#42815000
0$
#42895000
1$
#42905000
0$
#42985000
1$
#42995000
0$
#43075000
1$
#43085000
0$
#43165000
1$
#43175000
0$
#43195000
1%
#43205000
b100 ,
#43305000
1$
#43315000
0$
#43355000
0%
#43395000
1$
#43405000
0$
#43485000
1$
#43495000
0$
#43575000
1$
#43585000
0$
#43665000
1$
#43675000
0$
#43695000
1%
#43705000
b0 ,
b100 +
#43805000
1$
#43815000
0$
#43855000
0%
#43895000
1$
#43905000
0$
#43985000
1$
#43995000
0$
#44075000
1$
#44085000
0$
#44165000
1$
#44175000
0$
#44195000
1%
#44205000
b100 ,
#44305000
1$
#44315000
0$
#44355000
0%
#44395000
1$
#44405000
0$
#44485000
1$
#44495000
0$
#44575000
1$
#44585000
0$
#44665000
1$
#44675000
0$
#44695000
1%
#44715000
0#
#44855000
0%
#44875000
1"
#44895000
1(
1&
#44915000
1'
#44925000
0(
0&
0'
#44965000
1)
#44975000
0)
#44995000
1(
1&
#45015000
1'
#45025000
0(
0&
0'
#45065000
1)
#45075000
0)
#45095000
1(
1&
#45115000
1'
#45125000
0(
0&
0'
#45165000
1)
#45175000
0)
#45195000
1(
1&
#45215000
1'
#45225000
0(
0&
0'
#45265000
1)
#45275000
0)
#45295000
1(
1&
#45315000
1'
#45325000
0(
0&
0'
#45365000
1)
#45375000
0)
#45395000
1(
1&
#45415000
1'
#45425000
0(
0&
0'
#45465000
1)
#45475000
0)
#45495000
1(
1&
#45515000
1'
#45525000
0(
0&
0'
#45565000
1)
#45575000
0)
#45595000
1(
1&
#45615000
1'
#45625000
0(
0&
0'
#45665000
1)
#45675000
0)
#45695000
1(
1&
#45715000
1'
#45725000
0(
0&
0'
#45765000
1)
#45775000
0)
#45795000
1(
1&
#45815000
1'
#45825000
0(
0&
0'
#45865000
1)
#45875000
0)
#45895000
1(
1&
#45915000
1'
#45925000
0(
0&
0'
#45965000
1)
#45975000
0)
#45995000
1(
1&
#46015000
1'
#46025000
0(
0&
0'
#46065000
1)
#46075000
0)
#46095000
1(
1&
#46115000
1'
#46125000
0(
0&
0'
#46165000
1)
#46175000
0)
#46195000
1(
1&
#46215000
1'
#46225000
0(
0&
0'
#46265000
1)
#46275000
0)
#46295000
1(
1&
#46315000
1'
#46325000
0(
0&
0'
#46365000
1)
#46375000
0)
#46395000
1(
1&
#46415000
1'
#46425000
0(
0&
0'
#46465000
1)
#46475000
0)
#46495000
1(
1&
#46515000
1'
#46525000
0(
0&
0'
#46565000
1)
#46575000
0)
#46595000
1(
1&
#46615000
1'
#46625000
0(
0&
0'
#46665000
1)
#46675000
0)
#46695000
1(
1&
#46715000
1'
#46725000
0(
0&
0'
#46765000
1)
#46775000
0)
#46795000
1(
1&
#46815000
1'
#46825000
0(
0&
0'
#46865000
1)
#46875000
0)
#46895000
1(
1&
#46915000
1'
#46925000
0(
0&
0'
#46965000
1)
#46975000
0)
#46995000
1(
1&
#47015000
1'
#47025000
0(
0&
0'
#47065000
1)
#47075000
0)
#47095000
1(
1&
#47115000
1'
#47125000
0(
0&
0'
#47165000
1)
#47175000
0)
#47195000
1(
1&
#47215000
1'
#47225000
0(
0&
0'
#47265000
1)
#47275000
0)
#47295000
1(
1&
#47315000
1'
#47325000
0(
0&
0'
#47365000
1)
#47375000
0)
0"
#47385000
0!
#47395000
1*
#47605000
0*
#47885000
1!
#47895000
1&
1"
#47905000
1'
#47915000
0&
0'
#47965000
1)
#47975000
0)
1&
#47985000
1'
#47995000
0&
0'
#48045000
1)
#48055000
0)
1&
#48065000
1'
#48075000
0&
0'
#48125000
1)
#48135000
0)
1&
#48145000
1'
#48155000
0&
0'
#48205000
1)
#48215000
0)
1&
#48225000
1'
#48235000
0&
0'
#48285000
1)
#48295000
0)
0"
#48315000
1&
1"
#48325000
1'
#48335000
0&
0'
#48385000
1)
#48395000
0)
1&
#48405000
1'
#48415000
0&
0'
#48465000
1)
#48475000
0)
1&
#48485000
1'
#48495000
0&
0'
#48545000
1)
#48555000
0)
1&
#48565000
1'
#48575000
0&
0'
#48625000
1)
#48635000
0)
1&
#48645000
1'
#48655000
0&
0'
#48705000
1)
#48715000
0)
1&
#48725000
1'
#48735000
0&
0'
#48785000
1)
#48795000
0)
1&
#48805000
1'
#48815000
0&
0'
#48865000
1)
#48875000
0)
1&
#48885000
1'
#48895000
0&
0'
#48945000
1)
#48955000
0)
1&
#48965000
1'
#48975000
0&
0'
#49025000
1)
#49035000
0)
1&
#49045000
1'
#49055000
0&
0'
#49105000
1)
#49115000
0)
1&
#49125000
1'
#49135000
0&
0'
#49185000
1)
#49195000
0)
1&
#49205000
1'
#49215000
0&
0'
#49265000
1)
#49275000
0)
1&
#49285000
1'
#49295000
0&
0'
#49345000
1)
#49355000
0)
1&
#49365000
1'
#49375000
0&
0'
#49425000
1)
#49435000
0)
1&
#49445000
1'
#49455000
0&
0'
#49505000
1)
#49515000
0)
1&
#49525000
1'
#49535000
0&
0'
#49585000
1)
#49595000
0)
1&
#49605000
1'
#49615000
0&
0'
#49665000
1)
#49675000
0)
1&
#49685000
1'
#49695000
0&
0'
#49745000
1)
#49755000
0)
1&
#49765000
1'
#49775000
0&
0'
#49825000
1)
#49835000
0)
1&
#49845000
1'
#49855000
0&
0'
#49905000
1)
#49915000
0)
1&
#49925000
1'
#49935000
0&
0'
#49985000
1)
#49995000
0)
1&
#50005000
1'
#50015000
0&
0'
#50065000
1)
#50075000
0)
1&
#50085000
1'
#50095000
0&
0'
#50145000
1)
#50155000
0)
1&
#50165000
1'
#50175000
0&
0'
#50225000
1)
#50235000
0)
1&
#50245000
1'
#50255000
0&
0'
#50305000
1)
#50315000
0)
1&
#50325000
1'
#50335000
0&
0'
#50385000
1)
#50395000
0)
1&
#50405000
1'
#50415000
0&
0'
#50465000
1)
#50475000
0)
1&
#50485000
1'
#50495000
0&
0'
#50545000
1)
#50555000
0)
1&
#50565000
1'
#50575000
0&
0'
#50625000
1)
#50635000
0)
1&
#50645000
1'
#50655000
0&
0'
#50705000
1)
#50715000
0)
0"
#50735000
b0 ,
b0 +
1#
#50835000
1$
#50845000
0$
#50925000
1$
#50935000
0$
#51015000
1$
#51025000
0$
#51105000
1$
#51115000
0$
#51195000
1$
#51205000
0$
#51225000
1%
#51235000
b100 ,
#51335000
1$
#51345000
0$
#51385000
0%
#51425000
1$
#51435000
0$
#51515000
1$
#51525000
0$
#51605000
1$
#51615000
0$
#51695000
1$
#51705000
0$
#51725000
1%
#51745000
0#
#51885000
0%
#51905000
1"
#51925000
1(
1&
#51935000
1'
#51945000
0(
0&
0'
#51995000
1)
#52005000
0)
#52025000
1(
1&
#52035000
1'
#52045000
0(
0&
0'
#52095000
1)
#52105000
0)
#52125000
1(
1&
#52135000
1'
#52145000
0(
0&
0'
#52195000
1)
#52205000
0)
#52225000
1(
1&
#52235000
1'
#52245000
0(
0&
0'
#52295000
1)
#52305000
0)
#52325000
1(
1&
#52335000
1'
#52345000
0(
0&
0'
#52395000
1)
#52405000
0)
#52425000
1(
1&
#52435000
1'
#52445000
0(
0&
0'
#52495000
1)
#52505000
0)
0"
#52515000
0!
#52525000
1*
#52735000
0*
#53015000
1!
#53025000
1&
1"
#53045000
1'
#53055000
0&
0'
#53065000
1)
#53075000
0)
1&
#53095000
1'
#53105000
0&
0'
#53115000
1)
#53125000
0)
1&
#53145000
1'
#53155000
0&
0'
#53165000
1)
#53175000
0)
1&
#53195000
1'
#53205000
0&
0'
#53215000
1)
#53225000
0)
1&
#53245000
1'
#53255000
0&
0'
#53265000
1)
#53275000
0)
1&
#53295000
1'
#53305000
0&
0'
#53315000
1)
#53325000
0)
1&
#53345000
1'
#53355000
0&
0'
#53365000
1)
#53375000
0)
1&
#53395000
1'
#53405000
0&
0'
#53415000
1)
#53425000
0)
1&
#53445000
1'
#53455000
0&
0'
#53465000
1)
#53475000
0)
1&
#53495000
1'
#53505000
0&
0'
#53515000
1)
#53525000
0)
1&
#53545000
1'
#53555000
0&
0'
#53565000
1)
#53575000
0)
1&
#53595000
1'
#53605000
0&
0'
#53615000
1)
#53625000
0)
1&
#53645000
1'
#53655000
0&
0'
#53665000
1)
#53675000
0)
1&
#53695000
1'
#53705000
0&
0'
#53715000
1)
#53725000
0)
1&
#53745000
1'
#53755000
0&
0'
#53765000
1)
#53775000
0)
1&
#53795000
1'
#53805000
0&
0'
#53815000
1)
#53825000
0)
1&
#53845000
1'
#53855000
0&
0'
#53865000
1)
#53875000
0)
1&
#53895000
1'
#53905000
0&
0'
#53915000
1)
#53925000
0)
1&
#53945000
1'
#53955000
0&
0'
#53965000
1)
#53975000
0)
1&
#53995000
1'
#54005000
0&
0'
#54015000
1)
#54025000
0)
1&
#54045000
1'
#54055000
0&
0'
#54065000
1)
#54075000
0)
1&
#54095000
1'
#54105000
0&
0'
#54115000
1)
#54125000
0)
1&
#54145000
1'
#54155000
0&
0'
#54165000
1)
#54175000
0)
1&
#54195000
1'
#54205000
0&
0'
#54215000
1)
#54225000
0)
1&
#54245000
1'
#54255000
0&
0'
#54265000
1)
#54275000
0)
1&
#54295000
1'
#54305000
0&
0'
#54315000
1)
#54325000
0)
1&
#54345000
1'
#54355000
0&
0'
#54365000
1)
#54375000
0)
1&
#54395000
1'
#54405000
0&
0'
#54415000
1)
#54425000
0)
1&
#54445000
1'
#54455000
0&
0'
#54465000
1)
#54475000
0)
1&
#54495000
1'
#54505000
0&
0'
#54515000
1)
#54525000
0)
1&
#54545000
1'
#54555000
0&
0'
#54565000
1)
#54575000
0)
1&
#54595000
1'
#54605000
0&
0'
#54615000
1)
#54625000
0)
1&
#54645000
1'
#54655000
0&
0'
#54665000
1)
#54675000
0)
1&
#54695000
1'
#54705000
0&
0'
#54715000
1)
#54725000
0)
1&
#54745000
1'
#54755000
0&
0'
#54765000
1)
#54775000
0)
1&
#54795000
1'
#54805000
0&
0'
#54815000
1)
#54825000
0)
1&
#54845000
1'
#54855000
0&
0'
#54865000
1)
#54875000
0)
1&
#54895000
1'
#54905000
0&
0'
#54915000
1)
#54925000
0)
1&
#54945000
1'
#54955000
0&
0'
#54965000
1)
#54975000
0)
1&
#54995000
1'
#55005000
0&
0'
#55015000
1)
#55025000
0)
1&
#55045000
1'
#55055000
0&
0'
#55065000
1)
#55075000
0)
1&
#55095000
1'
#55105000
0&
0'
#55115000
1)
#55125000
0)
1&
#55145000
1'
#55155000
0&
0'
#55165000
1)
#55175000
0)
1&
#55195000
1'
#55205000
0&
0'
#55215000
1)
#55225000
0)
1&
#55245000
1'
#55255000
0&
0'
#55265000
1)
#55275000
0)
0"
#55295000
1&
1"
#55315000
1'
#55325000
0&
0'
#55335000
1)
#55345000
0)
1&
#55365000
1'
#55375000
0&
0'
#55385000
1)
#55395000
0)
1&
#55415000
1'
#55425000
0&
0'
#55435000
1)
#55445000
0)
1&
#55465000
1'
#55475000
0&
0'
#55485000
1)
#55495000
0)
1&
#55515000
1'
#55525000
0&
0'
#55535000
1)
#55545000
0)
1&
#55565000
1'
#55575000
0&
0'
#55585000
1)
#55595000
0)
1&
#55615000
1'
#55625000
0&
0'
#55635000
1)
#55645000
0)
1&
#55665000
1'
#55675000
0&
0'
#55685000
1)
#55695000
0)
1&
#55715000
1'
#55725000
0&
0'
#55735000
1)
#55745000
0)
1&
#55765000
1'
#55775000
0&
0'
#55785000
1)
#55795000
0)
1&
#55815000
1'
#55825000
0&
0'
#55835000
1)
#55845000
0)
1&
#55865000
1'
#55875000
0&
0'
#55885000
1)
#55895000
0)
1&
#55915000
1'
#55925000
0&
0'
#55935000
1)
#55945000
0)
1&
#55965000
1'
#55975000
0&
0'
#55985000
1)
#55995000
0)
1&
#56015000
1'
#56025000
0&
0'
#56035000
1)
#56045000
0)
1&
#56065000
1'
#56075000
0&
0'
#56085000
1)
#56095000
0)
1&
#56115000
1'
#56125000
0&
0'
#56135000
1)
#56145000
0)
1&
#56165000
1'
#56175000
0&
0'
#56185000
1)
#56195000
0)
1&
#56215000
1'
#56225000
0&
0'
#56235000
1)
#56245000
0)
1&
#56265000
1'
#56275000
0&
0'
#56285000
1)
#56295000
0)
1&
#56315000
1'
#56325000
0&
0'
#56335000
1)
#56345000
0)
1&
#56365000
1'
#56375000
0&
0'
#56385000
1)
#56395000
0)
1&
#56415000
1'
#56425000
0&
0'
#56435000
1)
#56445000
0)
1&
#56465000
1'
#56475000
0&
0'
#56485000
1)
#56495000
0)
0"
#56515000
b0 ,
1#
#56615000
1$
#56625000
0$
#56705000
1$
#56715000
0$
#56795000
1$
#56805000
0$
#56825000
1%
#56835000
b100 ,
#56935000
1$
#56945000
0$
#56985000
0%
#57025000
1$
#57035000
0$
#57115000
1$
#57125000
0$
#57145000
1%
#57155000
b0 ,
b100 +
#57255000
1$
#57265000
0$
#57305000
0%
#57345000
1$
#57355000
0$
#57435000
1$
#57445000
0$
#57465000
1%
#57475000
b100 ,
#57575000
1$
#57585000
0$
#57625000
0%
#57665000
1$
#57675000
0$
#57755000
1$
#57765000
0$
#57785000
1%
#57795000
b0 ,
b1000 +
#57895000
1$
#57905000
0$
#57945000
0%
#57985000
1$
#57995000
0$
#58075000
1$
#58085000
0$
#58105000
1%
#58115000
b100 ,
#58215000
1$
#58225000
0$
#58265000
0%
#58305000
1$
#58315000
0$
#58395000
1$
#58405000
0$
#58425000
1%
#58435000
b0 ,
b1100 +
#58535000
1$
#58545000
0$
#58585000
0%
#58625000
1$
#58635000
0$
#58715000
1$
#58725000
0$
#58745000
1%
#58755000
b100 ,
#58855000
1$
#58865000
0$
#58905000
0%
#58945000
1$
#58955000
0$
#59035000
1$
#59045000
0$
#59065000
1%
#59085000
0#
#59225000
0%
#59245000
1"
#59265000
1(
1&
#59285000
1'
#59295000
0(
0&
0'
#59305000
1)
#59315000
0)
#59335000
1(
1&
#59355000
1'
#59365000
0(
0&
0'
#59375000
1)
#59385000
0)
#59405000
1(
1&
#59425000
1'
#59435000
0(
0&
0'
#59445000
1)
#59455000
0)
#59475000
1(
1&
#59495000
1'
#59505000
0(
0&
0'
#59515000
1)
#59525000
0)
#59545000
1(
1&
#59565000
1'
#59575000
0(
0&
0'
#59585000
1)
#59595000
0)
#59615000
1(
1&
#59635000
1'
#59645000
0(
0&
0'
#59655000
1)
#59665000
0)
#59685000
1(
1&
#59705000
1'
#59715000
0(
0&
0'
#59725000
1)
#59735000
0)
#59755000
1(
1&
#59775000
1'
#59785000
0(
0&
0'
#59795000
1)
#59805000
0)
#59825000
1(
1&
#59845000
1'
#59855000
0(
0&
0'
#59865000
1)
#59875000
0)
#59895000
1(
1&
#59915000
1'
#59925000
0(
0&
0'
#59935000
1)
#59945000
0)
#59965000
1(
1&
#59985000
1'
#59995000
0(
0&
0'
#60005000
1)
#60015000
0)
#60035000
1(
1&
#60055000
1'
#60065000
0(
0&
0'
#60075000
1)
#60085000
0)
#60105000
1(
1&
#60125000
1'
#60135000
0(
0&
0'
#60145000
1)
#60155000
0)
#60175000
1(
1&
#60195000
1'
#60205000
0(
0&
0'
#60215000
1)
#60225000
0)
#60245000
1(
1&
#60265000
1'
#60275000
0(
0&
0'
#60285000
1)
#60295000
0)
#60315000
1(
1&
#60335000
1'
#60345000
0(
0&
0'
#60355000
1)
#60365000
0)
#60385000
1(
1&
#60405000
1'
#60415000
0(
0&
0'
#60425000
1)
#60435000
0)
#60455000
1(
1&
#60475000
1'
#60485000
0(
0&
0'
#60495000
1)
#60505000
0)
#60525000
1(
1&
#60545000
1'
#60555000
0(
0&
0'
#60565000
1)
#60575000
0)
#60595000
1(
1&
#60615000
1'
#60625000
0(
0&
0'
#60635000
1)
#60645000
0)
#60665000
1(
1&
#60685000
1'
#60695000
0(
0&
0'
#60705000
1)
#60715000
0)
#60735000
1(
1&
#60755000
1'
#60765000
0(
0&
0'
#60775000
1)
#60785000
0)
#60805000
1(
1&
#60825000
1'
#60835000
0(
0&
0'
#60845000
1)
#60855000
0)
#60875000
1(
1&
#60895000
1'
#60905000
0(
0&
0'
#60915000
1)
#60925000
0)
#60945000
1(
1&
#60965000
1'
#60975000
0(
0&
0'
#60985000
1)
#60995000
0)
#61015000
1(
1&
#61035000
1'
#61045000
0(
0&
0'
#61055000
1)
#61065000
0)
#61085000
1(
1&
#61105000
1'
#61115000
0(
0&
0'
#61125000
1)
#61135000
0)
#61155000
1(
1&
#61175000
1'
#61185000
0(
0&
0'
#61195000
1)
#61205000
0)
#61225000
1(
1&
#61245000
1'
#61255000
0(
0&
0'
#61265000
1)
#61275000
0)
#61295000
1(
1&
#61315000
1'
#61325000
0(
0&
0'
#61335000
1)
#61345000
0)
#61365000
1(
1&
#61385000
1'
#61395000
0(
0&
0'
#61405000
1)
#61415000
0)
#61435000
1(
1&
#61455000
1'
#61465000
0(
0&
0'
#61475000
1)
#61485000
0)
#61505000
1(
1&
#61525000
1'
#61535000
0(
0&
0'
#61545000
1)
#61555000
0)
#61575000
1(
1&
#61595000
1'
#61605000
0(
0&
0'
#61615000
1)
#61625000
0)
#61645000
1(
1&
#61665000
1'
#61675000
0(
0&
0'
#61685000
1)
#61695000
0)
#61715000
1(
1&
#61735000
1'
#61745000
0(
0&
0'
#61755000
1)
#61765000
0)
#61785000
1(
1&
#61805000
1'
#61815000
0(
0&
0'
#61825000
1)
#61835000
0)
#61855000
1(
1&
#61875000
1'
#61885000
0(
0&
0'
#61895000
1)
#61905000
0)
#61925000
1(
1&
#61945000
1'
#61955000
0(
0&
0'
#61965000
1)
#61975000
0)
#61995000
1(
1&
#62015000
1'
#62025000
0(
0&
0'
#62035000
1)
#62045000
0)
#62065000
1(
1&
#62085000
1'
#62095000
0(
0&
0'
#62105000
1)
#62115000
0)
#62135000
1(
1&
#62155000
1'
#62165000
0(
0&
0'
#62175000
1)
#62185000
0)
#62205000
1(
1&
#62225000
1'
#62235000
0(
0&
0'
#62245000
1)
#62255000
0)
#62275000
1(
1&
#62295000
1'
#62305000
0(
0&
0'
#62315000
1)
#62325000
0)
#62345000
1(
1&
#62365000
1'
#62375000
0(
0&
0'
#62385000
1)
#62395000
0)
#62415000
1(
1&
#62435000
1'
#62445000
0(
0&
0'
#62455000
1)
#62465000
0)
#62485000
1(
1&
#62505000
1'
#62515000
0(
0&
0'
#62525000
1)
#62535000
0)
#62555000
1(
1&
#62575000
1'
#62585000
0(
0&
0'
#62595000
1)
#62605000
0)
#62625000
1(
1&
#62645000
1'
#62655000
0(
0&
0'
#62665000
1)
#62675000
0)
#62695000
1(
1&
#62715000
1'
#62725000
0(
0&
0'
#62735000
1)
#62745000
0)
#62765000
1(
1&
#62785000
1'
#62795000
0(
0&
0'
#62805000
1)
#62815000
0)
#62835000
1(
1&
#62855000
1'
#62865000
0(
0&
0'
#62875000
1)
#62885000
0)
#62905000
1(
1&
#62925000
1'
#62935000
0(
0&
0'
#62945000
1)
#62955000
0)
#62975000
1(
1&
#62995000
1'
#63005000
0(
0&
0'
#63015000
1)
#63025000
0)
#63045000
1(
1&
#63065000
1'
#63075000
0(
0&
0'
#63085000
1)
#63095000
0)
#63115000
1(
1&
#63135000
1'
#63145000
0(
0&
0'
#63155000
1)
#63165000
0)
#63185000
1(
1&
#63205000
1'
#63215000
0(
0&
0'
#63225000
1)
#63235000
0)
#63255000
1(
1&
#63275000
1'
#63285000
0(
0&
0'
#63295000
1)
#63305000
0)
#63325000
1(
1&
#63345000
1'
#63355000
0(
0&
0'
#63365000
1)
#63375000
0)
#63395000
1(
1&
#63415000
1'
#63425000
0(
0&
0'
#63435000
1)
#63445000
0)
#63465000
1(
1&
#63485000
1'
#63495000
0(
0&
0'
#63505000
1)
#63515000
0)
#63535000
1(
1&
#63555000
1'
#63565000
0(
0&
0'
#63575000
1)
#63585000
0)
#63605000
1(
1&
#63625000
1'
#63635000
0(
0&
0'
#63645000
1)
#63655000
0)
#63675000
1(
1&
#63695000
1'
#63705000
0(
0&
0'
#63715000
1)
#63725000
0)
#63745000
1(
1&
#63765000
1'
#63775000
0(
0&
0'
#63785000
1)
#63795000
0)
#63815000
1(
1&
#63835000
1'
#63845000
0(
0&
0'
#63855000
1)
#63865000
0)
#63885000
1(
1&
#63905000
1'
#63915000
0(
0&
0'
#63925000
1)
#63935000
0)
#63955000
1(
1&
#63975000
1'
#63985000
0(
0&
0'
#63995000
1)
#64005000
0)
#64025000
1(
1&
#64045000
1'
#64055000
0(
0&
0'
#64065000
1)
#64075000
0)
#64095000
1(
1&
#64115000
1'
#64125000
0(
0&
0'
#64135000
1)
#64145000
0)
#64165000
1(
1&
#64185000
1'
#64195000
0(
0&
0'
#64205000
1)
#64215000
0)
#64235000
1(
1&
#64255000
1'
#64265000
0(
0&
0'
#64275000
1)
#64285000
0)
#64305000
1(
1&
#64325000
1'
#64335000
0(
0&
0'
#64345000
1)
#64355000
0)
#64375000
1(
1&
#64395000
1'
#64405000
0(
0&
0'
#64415000
1)
#64425000
0)
#64445000
1(
1&
#64465000
1'
#64475000
0(
0&
0'
#64485000
1)
#64495000
0)
#64515000
1(
1&
#64535000
1'
#64545000
0(
0&
0'
#64555000
1)
#64565000
0)
#64585000
1(
1&
#64605000
1'
#64615000
0(
0&
0'
#64625000
1)
#64635000
0)
#64655000
1(
1&
#64675000
1'
#64685000
0(
0&
0'
#64695000
1)
#64705000
0)
#64725000
1(
1&
#64745000
1'
#64755000
0(
0&
0'
#64765000
1)
#64775000
0)
#64795000
1(
1&
#64815000
1'
#64825000
0(
0&
0'
#64835000
1)
#64845000
0)
#64865000
1(
1&
#64885000
1'
#64895000
0(
0&
0'
#64905000
1)
#64915000
0)
#64935000
1(
1&
#64955000
1'
#64965000
0(
0&
0'
#64975000
1)
#64985000
0)
#65005000
1(
1&
#65025000
1'
#65035000
0(
0&
0'
#65045000
1)
#65055000
0)
#65075000
1(
1&
#65095000
1'
#65105000
0(
0&
0'
#65115000
1)
#65125000
0)
#65145000
1(
1&
#65165000
1'
#65175000
0(
0&
0'
#65185000
1)
#65195000
0)
#65215000
1(
1&
#65235000
1'
#65245000
0(
0&
0'
#65255000
1)
#65265000
0)
#65285000
1(
1&
#65305000
1'
#65315000
0(
0&
0'
#65325000
1)
#65335000
0)
#65355000
1(
1&
#65375000
1'
#65385000
0(
0&
0'
#65395000
1)
#65405000
0)
#65425000
1(
1&
#65445000
1'
#65455000
0(
0&
0'
#65465000
1)
#65475000
0)
#65495000
1(
1&
#65515000
1'
#65525000
0(
0&
0'
#65535000
1)
#65545000
0)
#65565000
1(
1&
#65585000
1'
#65595000
0(
0&
0'
#65605000
1)
#65615000
0)
#65635000
1(
1&
#65655000
1'
#65665000
0(
0&
0'
#65675000
1)
#65685000
0)
#65705000
1(
1&
#65725000
1'
#65735000
0(
0&
0'
#65745000
1)
#65755000
0)
#65775000
1(
1&
#65795000
1'
#65805000
0(
0&
0'
#65815000
1)
#65825000
0)
#65845000
1(
1&
#65865000
1'
#65875000
0(
0&
0'
#65885000
1)
#65895000
0)
#65915000
1(
1&
#65935000
1'
#65945000
0(
0&
0'
#65955000
1)
#65965000
0)
#65985000
1(
1&
#66005000
1'
#66015000
0(
0&
0'
#66025000
1)
#66035000
0)
#66055000
1(
1&
#66075000
1'
#66085000
0(
0&
0'
#66095000
1)
#66105000
0)
#66125000
1(
1&
#66145000
1'
#66155000
0(
0&
0'
#66165000
1)
#66175000
0)
#66195000
1(
1&
#66215000
1'
#66225000
0(
0&
0'
#66235000
1)
#66245000
0)
#66265000
1(
1&
#66285000
1'
#66295000
0(
0&
0'
#66305000
1)
#66315000
0)
#66335000
1(
1&
#66355000
1'
#66365000
0(
0&
0'
#66375000
1)
#66385000
0)
#66405000
1(
1&
#66425000
1'
#66435000
0(
0&
0'
#66445000
1)
#66455000
0)
#66475000
1(
1&
#66495000
1'
#66505000
0(
0&
0'
#66515000
1)
#66525000
0)
#66545000
1(
1&
#66565000
1'
#66575000
0(
0&
0'
#66585000
1)
#66595000
0)
#66615000
1(
1&
#66635000
1'
#66645000
0(
0&
0'
#66655000
1)
#66665000
0)
#66685000
1(
1&
#66705000
1'
#66715000
0(
0&
0'
#66725000
1)
#66735000
0)
#66755000
1(
1&
#66775000
1'
#66785000
0(
0&
0'
#66795000
1)
#66805000
0)
#66825000
1(
1&
#66845000
1'
#66855000
0(
0&
0'
#66865000
1)
#66875000
0)
#66895000
1(
1&
#66915000
1'
#66925000
0(
0&
0'
#66935000
1)
#66945000
0)
#66965000
1(
1&
#66985000
1'
#66995000
0(
0&
0'
#67005000
1)
#67015000
0)
#67035000
1(
1&
#67055000
1'
#67065000
0(
0&
0'
#67075000
1)
#67085000
0)
#67105000
1(
1&
#67125000
1'
#67135000
0(
0&
0'
#67145000
1)
#67155000
0)
#67175000
1(
1&
#67195000
1'
#67205000
0(
0&
0'
#67215000
1)
#67225000
0)
#67245000
1(
1&
#67265000
1'
#67275000
0(
0&
0'
#67285000
1)
#67295000
0)
#67315000
1(
1&
#67335000
1'
#67345000
0(
0&
0'
#67355000
1)
#67365000
0)
#67385000
1(
1&
#67405000
1'
#67415000
0(
0&
0'
#67425000
1)
#67435000
0)
#67455000
1(
1&
#67475000
1'
#67485000
0(
0&
0'
#67495000
1)
#67505000
0)
#67525000
1(
1&
#67545000
1'
#67555000
0(
0&
0'
#67565000
1)
#67575000
0)
#67595000
1(
1&
#67615000
1'
#67625000
0(
0&
0'
#67635000
1)
#67645000
0)
0"
#67655000
0!
#67665000
1*
#67875000
0*
#67880000
1'
#68155000
1!
#68165000
1&
1"
#68175000
0&
0'
#68195000
1)
#68205000
0)
1&
1'
#68215000
0&
0'
#68235000
1)
#68245000
0)
1&
1'
#68255000
0&
0'
#68275000
1)
#68285000
0)
1&
1'
#68295000
0&
0'
#68315000
1)
#68325000
0)
1&
1'
#68335000
0&
0'
#68355000
1)
#68365000
0)
1&
1'
#68375000
0&
0'
#68395000
1)
#68405000
0)
1&
1'
#68415000
0&
0'
#68435000
1)
#68445000
0)
1&
1'
#68455000
0&
0'
#68475000
1)
#68485000
0)
1&
1'
#68495000
0&
0'
#68515000
1)
#68525000
0)
1&
1'
#68535000
0&
0'
#68555000
1)
#68565000
0)
1&
1'
#68575000
0&
0'
#68595000
1)
#68605000
0)
1&
1'
#68615000
0&
0'
#68635000
1)
#68645000
0)
1&
1'
#68655000
0&
0'
#68675000
1)
#68685000
0)
1&
1'
#68695000
0&
0'
#68715000
1)
#68725000
0)
1&
1'
#68735000
0&
0'
#68755000
1)
#68765000
0)
1&
1'
#68775000
0&
0'
#68795000
1)
#68805000
0)
1&
1'
#68815000
0&
0'
#68835000
1)
#68845000
0)
1&
1'
#68855000
0&
0'
#68875000
1)
#68885000
0)
1&
1'
#68895000
0&
0'
#68915000
1)
#68925000
0)
1&
1'
#68935000
0&
0'
#68955000
1)
#68965000
0)
1&
1'
#68975000
0&
0'
#68995000
1)
#69005000
0)
1&
1'
#69015000
0&
0'
#69035000
1)
#69045000
0)
1&
1'
#69055000
0&
0'
#69075000
1)
#69085000
0)
1&
1'
#69095000
0&
0'
#69115000
1)
#69125000
0)
1&
1'
#69135000
0&
0'
#69155000
1)
#69165000
0)
1&
1'
#69175000
0&
0'
#69195000
1)
#69205000
0)
1&
1'
#69215000
0&
0'
#69235000
1)
#69245000
0)
1&
1'
#69255000
0&
0'
#69275000
1)
#69285000
0)
1&
1'
#69295000
0&
0'
#69315000
1)
#69325000
0)
1&
1'
#69335000
0&
0'
#69355000
1)
#69365000
0)
1&
1'
#69375000
0&
0'
#69395000
1)
#69405000
0)
1&
1'
#69415000
0&
0'
#69435000
1)
#69445000
0)
1&
1'
#69455000
0&
0'
#69475000
1)
#69485000
0)
1&
1'
#69495000
0&
0'
#69515000
1)
#69525000
0)
1&
1'
#69535000
0&
0'
#69555000
1)
#69565000
0)
1&
1'
#69575000
0&
0'
#69595000
1)
#69605000
0)
1&
1'
#69615000
0&
0'
#69635000
1)
#69645000
0)
1&
1'
#69655000
0&
0'
#69675000
1)
#69685000
0)
1&
1'
#69695000
0&
0'
#69715000
1)
#69725000
0)
1&
1'
#69735000
0&
0'
#69755000
1)
#69765000
0)
1&
1'
#69775000
0&
0'
#69795000
1)
#69805000
0)
1&
1'
#69815000
0&
0'
#69835000
1)
#69845000
0)
1&
1'
#69855000
0&
0'
#69875000
1)
#69885000
0)
1&
1'
#69895000
0&
0'
#69915000
1)
#69925000
0)
1&
1'
#69935000
0&
0'
#69955000
1)
#69965000
0)
1&
1'
#69975000
0&
0'
#69995000
1)
#70005000
0)
1&
1'
#70015000
0&
0'
#70035000
1)
#70045000
0)
1&
1'
#70055000
0&
0'
#70075000
1)
#70085000
0)
1&
1'
#70095000
0&
0'
#70115000
1)
#70125000
0)
1&
1'
#70135000
0&
0'
#70155000
1)
#70165000
0)
1&
1'
#70175000
0&
0'
#70195000
1)
#70205000
0)
1&
1'
#70215000
0&
0'
#70235000
1)
#70245000
0)
1&
1'
#70255000
0&
0'
#70275000
1)
#70285000
0)
1&
1'
#70295000
0&
0'
#70315000
1)
#70325000
0)
1&
1'
#70335000
0&
0'
#70355000
1)
#70365000
0)
1&
1'
#70375000
0&
0'
#70395000
1)
#70405000
0)
1&
1'
#70415000
0&
0'
#70435000
1)
#70445000
0)
1&
1'
#70455000
0&
0'
#70475000
1)
#70485000
0)
1&
1'
#70495000
0&
0'
#70515000
1)
#70525000
0)
1&
1'
#70535000
0&
0'
#70555000
1)
#70565000
0)
1&
1'
#70575000
0&
0'
#70595000
1)
#70605000
0)
1&
1'
#70615000
0&
0'
#70635000
1)
#70645000
0)
1&
1'
#70655000
0&
0'
#70675000
1)
#70685000
0)
0"
1'
#70705000
1&
1"
#70715000
0&
0'
#70735000
1)
#70745000
0)
1&
1'
#70755000
0&
0'
#70775000
1)
#70785000
0)
1&
1'
#70795000
0&
0'
#70815000
1)
#70825000
0)
1&
1'
#70835000
0&
0'
#70855000
1)
#70865000
0)
1&
1'
#70875000
0&
0'
#70895000
1)
#70905000
0)
1&
1'
#70915000
0&
0'
#70935000
1)
#70945000
0)
1&
1'
#70955000
0&
0'
#70975000
1)
#70985000
0)
1&
1'
#70995000
0&
0'
#71015000
1)
#71025000
0)
1&
1'
#71035000
0&
0'
#71055000
1)
#71065000
0)
1&
1'
#71075000
0&
0'
#71095000
1)
#71105000
0)
1&
1'
#71115000
0&
0'
#71135000
1)
#71145000
0)
1&
1'
#71155000
0&
0'
#71175000
1)
#71185000
0)
1&
1'
#71195000
0&
0'
#71215000
1)
#71225000
0)
1&
1'
#71235000
0&
0'
#71255000
1)
#71265000
0)
1&
1'
#71275000
0&
0'
#71295000
1)
#71305000
0)
1&
1'
#71315000
0&
0'
#71335000
1)
#71345000
0)
1&
1'
#71355000
0&
0'
#71375000
1)
#71385000
0)
1&
1'
#71395000
0&
0'
#71415000
1)
#71425000
0)
1&
1'
#71435000
0&
0'
#71455000
1)
#71465000
0)
1&
1'
#71475000
0&
0'
#71495000
1)
#71505000
0)
1&
1'
#71515000
0&
0'
#71535000
1)
#71545000
0)
1&
1'
#71555000
0&
0'
#71575000
1)
#71585000
0)
1&
1'
#71595000
0&
0'
#71615000
1)
#71625000
0)
1&
1'
#71635000
0&
0'
#71655000
1)
#71665000
0)
1&
1'
#71675000
0&
0'
#71695000
1)
#71705000
0)
1&
1'
#71715000
0&
0'
#71735000
1)
#71745000
0)
1&
1'
#71755000
0&
0'
#71775000
1)
#71785000
0)
1&
1'
#71795000
0&
0'
#71815000
1)
#71825000
0)
1&
1'
#71835000
0&
0'
#71855000
1)
#71865000
0)
1&
1'
#71875000
0&
0'
#71895000
1)
#71905000
0)
1&
1'
#71915000
0&
0'
#71935000
1)
#71945000
0)
1&
1'
#71955000
0&
0'
#71975000
1)
#71985000
0)
1&
1'
#71995000
0&
0'
#72015000
1)
#72025000
0)
1&
1'
#72035000
0&
0'
#72055000
1)
#72065000
0)
1&
1'
#72075000
0&
0'
#72095000
1)
#72105000
0)
1&
1'
#72115000
0&
0'
#72135000
1)
#72145000
0)
1&
1'
#72155000
0&
0'
#72175000
1)
#72185000
0)
1&
1'
#72195000
0&
0'
#72215000
1)
#72225000
0)
1&
1'
#72235000
0&
0'
#72255000
1)
#72265000
0)
1&
1'
#72275000
0&
0'
#72295000
1)
#72305000
0)
1&
1'
#72315000
0&
0'
#72335000
1)
#72345000
0)
1&
1'
#72355000
0&
0'
#72375000
1)
#72385000
0)
1&
1'
#72395000
0&
0'
#72415000
1)
#72425000
0)
1&
1'
#72435000
0&
0'
#72455000
1)
#72465000
0)
1&
1'
#72475000
0&
0'
#72495000
1)
#72505000
0)
1&
1'
#72515000
0&
0'
#72535000
1)
#72545000
0)
1&
1'
#72555000
0&
0'
#72575000
1)
#72585000
0)
1&
1'
#72595000
0&
0'
#72615000
1)
#72625000
0)
1&
1'
#72635000
0&
0'
#72655000
1)
#72665000
0)
1&
1'
#72675000
0&
0'
#72695000
1)
#72705000
0)
1&
1'
#72715000
0&
0'
#72735000
1)
#72745000
0)
1&
1'
#72755000
0&
0'
#72775000
1)
#72785000
0)
1&
1'
#72795000
0&
0'
#72815000
1)
#72825000
0)
1&
1'
#72835000
0&
0'
#72855000
1)
#72865000
0)
1&
1'
#72875000
0&
0'
#72895000
1)
#72905000
0)
1&
1'
#72915000
0&
0'
#72935000
1)
#72945000
0)
1&
1'
#72955000
0&
0'
#72975000
1)
#72985000
0)
1&
1'
#72995000
0&
0'
#73015000
1)
#73025000
0)
1&
1'
#73035000
0&
0'
#73055000
1)
#73065000
0)
1&
1'
#73075000
0&
0'
#73095000
1)
#73105000
0)
1&
1'
#73115000
0&
0'
#73135000
1)
#73145000
0)
1&
1'
#73155000
0&
0'
#73175000
1)
#73185000
0)
1&
1'
#73195000
0&
0'
#73215000
1)
#73225000
0)
1&
1'
#73235000
0&
0'
#73255000
1)
#73265000
0)
1&
1'
#73275000
0&
0'
#73295000
1)
#73305000
0)
1&
1'
#73315000
0&
0'
#73335000
1)
#73345000
0)
1&
1'
#73355000
0&
0'
#73375000
1)
#73385000
0)
1&
1'
#73395000
0&
0'
#73415000
1)
#73425000
0)
1&
1'
#73435000
0&
0'
#73455000
1)
#73465000
0)
1&
1'
#73475000
0&
0'
#73495000
1)
#73505000
0)
0"
1'
#73525000
b0 ,
b0 +
1#
#73625000
1$
#73635000
0$
#73715000
1$
#73725000
0$
#73805000
1$
#73815000
0$
#73895000
1$
#73905000
0$
#73985000
1$
#73995000
0$
#74075000
1$
#74085000
0$
#74165000
1$
#74175000
0$
#74195000
1%
#74205000
b100 ,
#74305000
1$
#74315000
0$
#74355000
0%
#74395000
1$
#74405000
0$
#74485000
1$
#74495000
0$
#74575000
1$
#74585000
0$
#74665000
1$
#74675000
0$
#74755000
1$
#74765000
0$
#74845000
1$
#74855000
0$
#74875000
1%
#74885000
b1000 ,
#74985000
1$
#74995000
0$
#75035000
0%
#75075000
1$
#75085000
0$
#75165000
1$
#75175000
0$
#75255000
1$
#75265000
0$
#75345000
1$
#75355000
0$
#75435000
1$
#75445000
0$
#75525000
1$
#75535000
0$
#75555000
1%
#75565000
b0 ,
b100 +
#75665000
1$
#75675000
0$
#75715000
0%
#75755000
1$
#75765000
0$
#75845000
1$
#75855000
0$
#75935000
1$
#75945000
0$
#76025000
1$
#76035000
0$
#76115000
1$
#76125000
0$
#76205000
1$
#76215000
0$
#76235000
1%
#76245000
b100 ,
#76345000
1$
#76355000
0$
#76395000
0%
#76435000
1$
#76445000
0$
#76525000
1$
#76535000
0$
#76615000
1$
#76625000
0$
#76705000
1$
#76715000
0$
#76795000
1$
#76805000
0$
#76885000
1$
#76895000
0$
#76915000
1%
#76925000
b1000 ,
#77025000
1$
#77035000
0$
#77075000
0%
#77115000
1$
#77125000
0$
#77205000
1$
#77215000
0$
#77295000
1$
#77305000
0$
#77385000
1$
#77395000
0$
#77475000
1$
#77485000
0$
#77565000
1$
#77575000
0$
#77595000
1%
#77605000
b0 ,
b1000 +
#77705000
1$
#77715000
0$
#77755000
0%
#77795000
1$
#77805000
0$
#77885000
1$
#77895000
0$
#77975000
1$
#77985000
0$
#78065000
1$
#78075000
0$
#78155000
1$
#78165000
0$
#78245000
1$
#78255000
0$
#78275000
1%
#78285000
b100 ,
#78385000
1$
#78395000
0$
#78435000
0%
#78475000
1$
#78485000
0$
#78565000
1$
#78575000
0$
#78655000
1$
#78665000
0$
#78745000
1$
#78755000
0$
#78835000
1$
#78845000
0$
#78925000
1$
#78935000
0$
#78955000
1%
#78965000
b1000 ,
#79065000
1$
#79075000
0$
#79115000
0%
#79155000
1$
#79165000
0$
#79245000
1$
#79255000
0$
#79335000
1$
#79345000
0$
#79425000
1$
#79435000
0$
#79515000
1$
#79525000
0$
#79605000
1$
#79615000
0$
#79635000
1%
#79655000
0#
#79795000
0%
#79815000
1"
#79835000
1(
1&
#79845000
0(
0&
0'
#79865000
1)
#79875000
0)
1'
#79895000
1(
1&
#79905000
0(
0&
0'
#79925000
1)
#79935000
0)
1'
#79955000
1(
1&
#79965000
0(
0&
0'
#79985000
1)
#79995000
0)
1'
#80015000
1(
1&
#80025000
0(
0&
0'
#80045000
1)
#80055000
0)
1'
#80075000
1(
1&
#80085000
0(
0&
0'
#80105000
1)
#80115000
0)
1'
#80135000
1(
1&
#80145000
0(
0&
0'
#80165000
1)
#80175000
0)
1'
#80195000
1(
1&
#80205000
0(
0&
0'
#80225000
1)
#80235000
0)
1'
#80255000
1(
1&
#80265000
0(
0&
0'
#80285000
1)
#80295000
0)
1'
#80315000
1(
1&
#80325000
0(
0&
0'
#80345000
1)
#80355000
0)
1'
#80375000
1(
1&
#80385000
0(
0&
0'
#80405000
1)
#80415000
0)
1'
#80435000
1(
1&
#80445000
0(
0&
0'
#80465000
1)
#80475000
0)
1'
#80495000
1(
1&
#80505000
0(
0&
0'
#80525000
1)
#80535000
0)
1'
#80555000
1(
1&
#80565000
0(
0&
0'
#80585000
1)
#80595000
0)
1'
#80615000
1(
1&
#80625000
0(
0&
0'
#80645000
1)
#80655000
0)
1'
#80675000
1(
1&
#80685000
0(
0&
0'
#80705000
1)
#80715000
0)
1'
#80735000
1(
1&
#80745000
0(
0&
0'
#80765000
1)
#80775000
0)
1'
#80795000
1(
1&
#80805000
0(
0&
0'
#80825000
1)
#80835000
0)
1'
#80855000
1(
1&
#80865000
0(
0&
0'
#80885000
1)
#80895000
0)
1'
#80915000
1(
1&
#80925000
0(
0&
0'
#80945000
1)
#80955000
0)
1'
#80975000
1(
1&
#80985000
0(
0&
0'
#81005000
1)
#81015000
0)
1'
#81035000
1(
1&
#81045000
0(
0&
0'
#81065000
1)
#81075000
0)
1'
#81095000
1(
1&
#81105000
0(
0&
0'
#81125000
1)
#81135000
0)
1'
#81155000
1(
1&
#81165000
0(
0&
0'
#81185000
1)
#81195000
0)
1'
#81215000
1(
1&
#81225000
0(
0&
0'
#81245000
1)
#81255000
0)
1'
#81275000
1(
1&
#81285000
0(
0&
0'
#81305000
1)
#81315000
0)
1'
#81335000
1(
1&
#81345000
0(
0&
0'
#81365000
1)
#81375000
0)
1'
#81395000
1(
1&
#81405000
0(
0&
0'
#81425000
1)
#81435000
0)
1'
#81455000
1(
1&
#81465000
0(
0&
0'
#81485000
1)
#81495000
0)
1'
#81515000
1(
1&
#81525000
0(
0&
0'
#81545000
1)
#81555000
0)
1'
#81575000
1(
1&
#81585000
0(
0&
0'
#81605000
1)
#81615000
0)
1'
#81635000
1(
1&
#81645000
0(
0&
0'
#81665000
1)
#81675000
0)
1'
#81695000
1(
1&
#81705000
0(
0&
0'
#81725000
1)
#81735000
0)
1'
#81755000
1(
1&
#81765000
0(
0&
0'
#81785000
1)
#81795000
0)
1'
#81815000
1(
1&
#81825000
0(
0&
0'
#81845000
1)
#81855000
0)
1'
#81875000
1(
1&
#81885000
0(
0&
0'
#81905000
1)
#81915000
0)
1'
#81935000
1(
1&
#81945000
0(
0&
0'
#81965000
1)
#81975000
0)
1'
#81995000
1(
1&
#82005000
0(
0&
0'
#82025000
1)
#82035000
0)
1'
#82055000
1(
1&
#82065000
0(
0&
0'
#82085000
1)
#82095000
0)
1'
#82115000
1(
1&
#82125000
0(
0&
0'
#82145000
1)
#82155000
0)
1'
#82175000
1(
1&
#82185000
0(
0&
0'
#82205000
1)
#82215000
0)
1'
#82235000
1(
1&
#82245000
0(
0&
0'
#82265000
1)
#82275000
0)
1'
#82295000
1(
1&
#82305000
0(
0&
0'
#82325000
1)
#82335000
0)
1'
#82355000
1(
1&
#82365000
0(
0&
0'
#82385000
1)
#82395000
0)
1'
#82415000
1(
1&
#82425000
0(
0&
0'
#82445000
1)
#82455000
0)
1'
#82475000
1(
1&
#82485000
0(
0&
0'
#82505000
1)
#82515000
0)
1'
#82535000
1(
1&
#82545000
0(
0&
0'
#82565000
1)
#82575000
0)
1'
#82595000
1(
1&
#82605000
0(
0&
0'
#82625000
1)
#82635000
0)
1'
#82655000
1(
1&
#82665000
0(
0&
0'
#82685000
1)
#82695000
0)
1'
#82715000
1(
1&
#82725000
0(
0&
0'
#82745000
1)
#82755000
0)
1'
#82775000
1(
1&
#82785000
0(
0&
0'
#82805000
1)
#82815000
0)
1'
#82835000
1(
1&
#82845000
0(
0&
0'
#82865000
1)
#82875000
0)
1'
#82895000
1(
1&
#82905000
0(
0&
0'
#82925000
1)
#82935000
0)
1'
#82955000
1(
1&
#82965000
0(
0&
0'
#82985000
1)
#82995000
0)
1'
#83015000
1(
1&
#83025000
0(
0&
0'
#83045000
1)
#83055000
0)
1'
#83075000
1(
1&
#83085000
0(
0&
0'
#83105000
1)
#83115000
0)
1'
#83135000
1(
1&
#83145000
0(
0&
0'
#83165000
1)
#83175000
0)
1'
#83195000
1(
1&
#83205000
0(
0&
0'
#83225000
1)
#83235000
0)
1'
#83255000
1(
1&
#83265000
0(
0&
0'
#83285000
1)
#83295000
0)
1'
#83315000
1(
1&
#83325000
0(
0&
0'
#83345000
1)
#83355000
0)
1'
#83375000
1(
1&
#83385000
0(
0&
0'
#83405000
1)
#83415000
0)
1'
#83435000
1(
1&
#83445000
0(
0&
0'
#83465000
1)
#83475000
0)
1'
#83495000
1(
1&
#83505000
0(
0&
0'
#83525000
1)
#83535000
0)
1'
#83555000
1(
1&
#83565000
0(
0&
0'
#83585000
1)
#83595000
0)
1'
#83615000
1(
1&
#83625000
0(
0&
0'
#83645000
1)
#83655000
0)
1'
#83675000
1(
1&
#83685000
0(
0&
0'
#83705000
1)
#83715000
0)
1'
#83735000
1(
1&
#83745000
0(
0&
0'
#83765000
1)
#83775000
0)
1'
#83795000
1(
1&
#83805000
0(
0&
0'
#83825000
1)
#83835000
0)
1'
#83855000
1(
1&
#83865000
0(
0&
0'
#83885000
1)
#83895000
0)
1'
#83915000
1(
1&
#83925000
0(
0&
0'
#83945000
1)
#83955000
0)
1'
#83975000
1(
1&
#83985000
0(
0&
0'
#84005000
1)
#84015000
0)
1'
#84035000
1(
1&
#84045000
0(
0&
0'
#84065000
1)
#84075000
0)
1'
#84095000
1(
1&
#84105000
0(
0&
0'
#84125000
1)
#84135000
0)
1'
#84155000
1(
1&
#84165000
0(
0&
0'
#84185000
1)
#84195000
0)
1'
#84215000
1(
1&
#84225000
0(
0&
0'
#84245000
1)
#84255000
0)
1'
#84275000
1(
1&
#84285000
0(
0&
0'
#84305000
1)
#84315000
0)
1'
#84335000
1(
1&
#84345000
0(
0&
0'
#84365000
1)
#84375000
0)
1'
#84395000
1(
1&
#84405000
0(
0&
0'
#84425000
1)
#84435000
0)
1'
#84455000
1(
1&
#84465000
0(
0&
0'
#84485000
1)
#84495000
0)
1'
#84515000
1(
1&
#84525000
0(
0&
0'
#84545000
1)
#84555000
0)
1'
#84575000
1(
1&
#84585000
0(
0&
0'
#84605000
1)
#84615000
0)
1'
#84635000
1(
1&
#84645000
0(
0&
0'
#84665000
1)
#84675000
0)
1'
#84695000
1(
1&
#84705000
0(
0&
0'
#84725000
1)
#84735000
0)
1'
#84755000
1(
1&
#84765000
0(
0&
0'
#84785000
1)
#84795000
0)
1'
#84815000
1(
1&
#84825000
0(
0&
0'
#84845000
1)
#84855000
0)
1'
#84875000
1(
1&
#84885000
0(
0&
0'
#84905000
1)
#84915000
0)
1'
#84935000
1(
1&
#84945000
0(
0&
0'
#84965000
1)
#84975000
0)
1'
#84995000
1(
1&
#85005000
0(
0&
0'
#85025000
1)
#85035000
0)
1'
#85055000
1(
1&
#85065000
0(
0&
0'
#85085000
1)
#85095000
0)
1'
#85115000
1(
1&
#85125000
0(
0&
0'
#85145000
1)
#85155000
0)
1'
#85175000
1(
1&
#85185000
0(
0&
0'
#85205000
1)
#85215000
0)
0"
1'
#85225000
0!
#85235000
1*
#85445000
0*
#85725000
1!
#85735000
1&
1"
#85745000
0&
0'
#85775000
1)
#85785000
0)
1&
1'
#85795000
0&
0'
#85825000
1)
#85835000
0)
1&
1'
#85845000
0&
0'
#85875000
1)
#85885000
0)
0"
1'
#85905000
1&
1"
#85915000
0&
0'
#85945000
1)
#85955000
0)
1&
1'
#85965000
0&
0'
#85995000
1)
#86005000
0)
1&
1'
#86015000
0&
0'
#86045000
1)
#86055000
0)
1&
1'
#86065000
0&
0'
#86095000
1)
#86105000
0)
1&
1'
#86115000
0&
0'
#86145000
1)
#86155000
0)
1&
1'
#86165000
0&
0'
#86195000
1)
#86205000
0)
1&
1'
#86215000
0&
0'
#86245000
1)
#86255000
0)
1&
1'
#86265000
0&
0'
#86295000
1)
#86305000
0)
1&
1'
#86315000
0&
0'
#86345000
1)
#86355000
0)
1&
1'
#86365000
0&
0'
#86395000
1)
#86405000
0)
1&
1'
#86415000
0&
0'
#86445000
1)
#86455000
0)
1&
1'
#86465000
0&
0'
#86495000
1)
#86505000
0)
1&
1'
#86515000
0&
0'
#86545000
1)
#86555000
0)
1&
1'
#86565000
0&
0'
#86595000
1)
#86605000
0)
1&
1'
#86615000
0&
0'
#86645000
1)
#86655000
0)
0"
1'
#86675000
b0 ,
b0 +
1#
#86775000
1$
#86785000
0$
#86805000
1%
#86815000
b100 ,
#86915000
1$
#86925000
0$
#86965000
0%
#86975000
1%
#86985000
b1000 ,
#87085000
1$
#87095000
0$
#87135000
0%
#87145000
1%
#87155000
b1100 ,
#87255000
1$
#87265000
0$
#87305000
0%
#87315000
1%
#87335000
0#
#87475000
0%
#87495000
1"
#87515000
1(
1&
#87525000
0(
0&
0'
#87555000
1)
#87565000
0)
1'
#87585000
1(
1&
#87595000
0(
0&
0'
#87625000
1)
#87635000
0)
1'
#87655000
1(
1&
#87665000
0(
0&
0'
#87695000
1)
#87705000
0)
1'
#87725000
1(
1&
#87735000
0(
0&
0'
#87765000
1)
#87775000
0)
1'
#87795000
1(
1&
#87805000
0(
0&
0'
#87835000
1)
#87845000
0)
1'
#87865000
1(
1&
#87875000
0(
0&
0'
#87905000
1)
#87915000
0)
1'
#87935000
1(
1&
#87945000
0(
0&
0'
#87975000
1)
#87985000
0)
1'
#88005000
1(
1&
#88015000
0(
0&
0'
#88045000
1)
#88055000
0)
1'
#88075000
1(
1&
#88085000
0(
0&
0'
#88115000
1)
#88125000
0)
1'
#88145000
1(
1&
#88155000
0(
0&
0'
#88185000
1)
#88195000
0)
1'
#88215000
1(
1&
#88225000
0(
0&
0'
#88255000
1)
#88265000
0)
1'
#88285000
1(
1&
#88295000
0(
0&
0'
#88325000
1)
#88335000
0)
1'
#88355000
1(
1&
#88365000
0(
0&
0'
#88395000
1)
#88405000
0)
1'
#88425000
1(
1&
#88435000
0(
0&
0'
#88465000
1)
#88475000
0)
1'
#88495000
1(
1&
#88505000
0(
0&
0'
#88535000
1)
#88545000
0)
1'
#88565000
1(
1&
#88575000
0(
0&
0'
#88605000
1)
#88615000
0)
1'
#88635000
1(
1&
#88645000
0(
0&
0'
#88675000
1)
#88685000
0)
1'
#88705000
1(
1&
#88715000
0(
0&
0'
#88745000
1)
#88755000
0)
1'
#88775000
1(
1&
#88785000
0(
0&
0'
#88815000
1)
#88825000
0)
1'
#88845000
1(
1&
#88855000
0(
0&
0'
#88885000
1)
#88895000
0)
1'
#88915000
1(
1&
#88925000
0(
0&
0'
#88955000
1)
#88965000
0)
1'
#88985000
1(
1&
#88995000
0(
0&
0'
#89025000
1)
#89035000
0)
1'
#89055000
1(
1&
#89065000
0(
0&
0'
#89095000
1)
#89105000
0)
1'
#89125000
1(
1&
#89135000
0(
0&
0'
#89165000
1)
#89175000
0)
1'
#89195000
1(
1&
#89205000
0(
0&
0'
#89235000
1)
#89245000
0)
1'
#89265000
1(
1&
#89275000
0(
0&
0'
#89305000
1)
#89315000
0)
1'
#89335000
1(
1&
#89345000
0(
0&
0'
#89375000
1)
#89385000
0)
1'
#89405000
1(
1&
#89415000
0(
0&
0'
#89445000
1)
#89455000
0)
1'
#89475000
1(
1&
#89485000
0(
0&
0'
#89515000
1)
#89525000
0)
1'
#89545000
1(
1&
#89555000
0(
0&
0'
#89585000
1)
#89595000
0)
1'
#89615000
1(
1&
#89625000
0(
0&
0'
#89655000
1)
#89665000
0)
1'
#89685000
1(
1&
#89695000
0(
0&
0'
#89725000
1)
#89735000
0)
1'
#89755000
1(
1&
#89765000
0(
0&
0'
#89795000
1)
#89805000
0)
1'
#89825000
1(
1&
#89835000
0(
0&
0'
#89865000
1)
#89875000
0)
1'
#89895000
1(
1&
#89905000
0(
0&
0'
#89935000
1)
#89945000
0)
1'
#89965000
1(
1&
#89975000
0(
0&
0'
#90005000
1)
#90015000
0)
1'
#90035000
1(
1&
#90045000
0(
0&
0'
#90075000
1)
#90085000
0)
1'
#90105000
1(
1&
#90115000
0(
0&
0'
#90145000
1)
#90155000
0)
1'
#90175000
1(
1&
#90185000
0(
0&
0'
#90215000
1)
#90225000
0)
1'
#90245000
1(
1&
#90255000
0(
0&
0'
#90285000
1)
#90295000
0)
1'
#90315000
1(
1&
#90325000
0(
0&
0'
#90355000
1)
#90365000
0)
1'
#90385000
1(
1&
#90395000
0(
0&
0'
#90425000
1)
#90435000
0)
1'
#90455000
1(
1&
#90465000
0(
0&
0'
#90495000
1)
#90505000
0)
1'
#90525000
1(
1&
#90535000
0(
0&
0'
#90565000
1)
#90575000
0)
1'
#90595000
1(
1&
#90605000
0(
0&
0'
#90635000
1)
#90645000
0)
0"
1'
#90655000
0!
#90665000
1*
#90875000
0*
#91155000
1!
#91165000
1&
1"
#91175000
0&
0'
#91215000
1)
#91225000
0)
1&
1'
#91235000
0&
0'
#91275000
1)
#91285000
0)
1&
1'
#91295000
0&
0'
#91335000
1)
#91345000
0)
1&
1'
#91355000
0&
0'
#91395000
1)
#91405000
0)
1&
1'
#91415000
0&
0'
#91455000
1)
#91465000
0)
1&
1'
#91475000
0&
0'
#91515000
1)
#91525000
0)
1&
1'
#91535000
0&
0'
#91575000
1)
#91585000
0)
1&
1'
#91595000
0&
0'
#91635000
1)
#91645000
0)
1&
1'
#91655000
0&
0'
#91695000
1)
#91705000
0)
1&
1'
#91715000
0&
0'
#91755000
1)
#91765000
0)
0"
1'
#91785000
1&
1"
#91795000
0&
0'
#91835000
1)
#91845000
0)
0"
1'
#91865000
b0 ,
1#
#91965000
1$
#91975000
0$
#91995000
1%
#92005000
b100 +
#92105000
1$
#92115000
0$
#92155000
0%
#92165000
1%
#92175000
b1000 +
#92275000
1$
#92285000
0$
#92325000
0%
#92335000
1%
#92355000
0#
#92495000
0%
#92515000
1"
#92535000
1(
1&
#92545000
0(
0&
0'
#92585000
1)
#92595000
0)
1'
#92615000
1(
1&
#92625000
0(
0&
0'
#92665000
1)
#92675000
0)
1'
#92695000
1(
1&
#92705000
0(
0&
0'
#92745000
1)
#92755000
0)
1'
#92775000
1(
1&
#92785000
0(
0&
0'
#92825000
1)
#92835000
0)
1'
#92855000
1(
1&
#92865000
0(
0&
0'
#92905000
1)
#92915000
0)
1'
#92935000
1(
1&
#92945000
0(
0&
0'
#92985000
1)
#92995000
0)
1'
#93015000
1(
1&
#93025000
0(
0&
0'
#93065000
1)
#93075000
0)
1'
#93095000
1(
1&
#93105000
0(
0&
0'
#93145000
1)
#93155000
0)
1'
#93175000
1(
1&
#93185000
0(
0&
0'
#93225000
1)
#93235000
0)
1'
#93255000
1(
1&
#93265000
0(
0&
0'
#93305000
1)
#93315000
0)
0"
1'
#93325000
0!
#93335000
1*
#93545000
0*
#93825000
1!
#93835000
1&
1"
#93845000
0&
0'
#93895000
1)
#93905000
0)
1&
1'
#93915000
0&
0'
#93965000
1)
#93975000
0)
1&
1'
#93985000
0&
0'
#94035000
1)
#94045000
0)
1&
1'
#94055000
0&
0'
#94105000
1)
#94115000
0)
1&
1'
#94125000
0&
0'
#94175000
1)
#94185000
0)
1&
1'
#94195000
0&
0'
#94245000
1)
#94255000
0)
1&
1'
#94265000
0&
0'
#94315000
1)
#94325000
0)
1&
1'
#94335000
0&
0'
#94385000
1)
#94395000
0)
0"
1'
#94415000
1&
1"
#94425000
0&
0'
#94475000
1)
#94485000
0)
1&
1'
#94495000
0&
0'
#94545000
1)
#94555000
0)
1&
1'
#94565000
0&
0'
#94615000
1)
#94625000
0)
1&
1'
#94635000
0&
0'
#94685000
1)
#94695000
0)
1&
1'
#94705000
0&
0'
#94755000
1)
#94765000
0)
1&
1'
#94775000
0&
0'
#94825000
1)
#94835000
0)
1&
1'
#94845000
0&
0'
#94895000
1)
#94905000
0)
1&
1'
#94915000
0&
0'
#94965000
1)
#94975000
0)
0"
1'
#94995000
b0 +
1#
#95095000
1$
#95105000
0$
#95185000
1$
#95195000
0$
#95215000
1%
#95235000
0#
#95375000
0%
#95395000
1"
#95415000
1(
1&
#95425000
0(
0&
0'
#95475000
1)
#95485000
0)
1'
#95505000
1(
1&
#95515000
0(
0&
0'
#95565000
1)
#95575000
0)
1'
#95595000
1(
1&
#95605000
0(
0&
0'
#95655000
1)
#95665000
0)
1'
#95685000
1(
1&
#95695000
0(
0&
0'
#95745000
1)
#95755000
0)
1'
#95775000
1(
1&
#95785000
0(
0&
0'
#95835000
1)
#95845000
0)
1'
#95865000
1(
1&
#95875000
0(
0&
0'
#95925000
1)
#95935000
0)
1'
#95955000
1(
1&
#95965000
0(
0&
0'
#96015000
1)
#96025000
0)
1'
#96045000
1(
1&
#96055000
0(
0&
0'
#96105000
1)
#96115000
0)
1'
#96135000
1(
1&
#96145000
0(
0&
0'
#96195000
1)
#96205000
0)
1'
#96225000
1(
1&
#96235000
0(
0&
0'
#96285000
1)
#96295000
0)
1'
#96315000
1(
1&
#96325000
0(
0&
0'
#96375000
1)
#96385000
0)
1'
#96405000
1(
1&
#96415000
0(
0&
0'
#96465000
1)
#96475000
0)
1'
#96495000
1(
1&
#96505000
0(
0&
0'
#96555000
1)
#96565000
0)
1'
#96585000
1(
1&
#96595000
0(
0&
0'
#96645000
1)
#96655000
0)
1'
#96675000
1(
1&
#96685000
0(
0&
0'
#96735000
1)
#96745000
0)
1'
#96765000
1(
1&
#96775000
0(
0&
0'
#96825000
1)
#96835000
0)
0"
1'
#96845000
0!
#96855000
1*
#97065000
0*
#97345000
1!
#97355000
1&
1"
#97365000
0&
0'
#97375000
1)
#97385000
0)
1&
1'
#97395000
0&
0'
#97405000
1)
#97415000
0)
1&
1'
#97425000
0&
0'
#97435000
1)
#97445000
0)
1&
1'
#97455000
0&
0'
#97465000
1)
#97475000
0)
1&
1'
#97485000
0&
0'
#97495000
1)
#97505000
0)
1&
1'
#97515000
0&
0'
#97525000
1)
#97535000
0)
1&
1'
#97545000
0&
0'
#97555000
1)
#97565000
0)
1&
1'
#97575000
0&
0'
#97585000
1)
#97595000
0)
1&
1'
#97605000
0&
0'
#97615000
1)
#97625000
0)
1&
1'
#97635000
0&
0'
#97645000
1)
#97655000
0)
1&
1'
#97665000
0&
0'
#97675000
1)
#97685000
0)
1&
1'
#97695000
0&
0'
#97705000
1)
#97715000
0)
1&
1'
#97725000
0&
0'
#97735000
1)
#97745000
0)
1&
1'
#97755000
0&
0'
#97765000
1)
#97775000
0)
1&
1'
#97785000
0&
0'
#97795000
1)
#97805000
0)
1&
1'
#97815000
0&
0'
#97825000
1)
#97835000
0)
1&
1'
#97845000
0&
0'
#97855000
1)
#97865000
0)
1&
1'
#97875000
0&
0'
#97885000
1)
#97895000
0)
1&
1'
#97905000
0&
0'
#97915000
1)
#97925000
0)
1&
1'
#97935000
0&
0'
#97945000
1)
#97955000
0)
1&
1'
#97965000
0&
0'
#97975000
1)
#97985000
0)
1&
1'
#97995000
0&
0'
#98005000
1)
#98015000
0)
1&
1'
#98025000
0&
0'
#98035000
1)
#98045000
0)
1&
1'
#98055000
0&
0'
#98065000
1)
#98075000
0)
1&
1'
#98085000
0&
0'
#98095000
1)
#98105000
0)
1&
1'
#98115000
0&
0'
#98125000
1)
#98135000
0)
1&
1'
#98145000
0&
0'
#98155000
1)
#98165000
0)
1&
1'
#98175000
0&
0'
#98185000
1)
#98195000
0)
1&
1'
#98205000
0&
0'
#98215000
1)
#98225000
0)
1&
1'
#98235000
0&
0'
#98245000
1)
#98255000
0)
1&
1'
#98265000
0&
0'
#98275000
1)
#98285000
0)
1&
1'
#98295000
0&
0'
#98305000
1)
#98315000
0)
1&
1'
#98325000
0&
0'
#98335000
1)
#98345000
0)
1&
1'
#98355000
0&
0'
#98365000
1)
#98375000
0)
1&
1'
#98385000
0&
0'
#98395000
1)
#98405000
0)
1&
1'
#98415000
0&
0'
#98425000
1)
#98435000
0)
1&
1'
#98445000
0&
0'
#98455000
1)
#98465000
0)
1&
1'
#98475000
0&
0'
#98485000
1)
#98495000
0)
1&
1'
#98505000
0&
0'
#98515000
1)
#98525000
0)
1&
1'
#98535000
0&
0'
#98545000
1)
#98555000
0)
1&
1'
#98565000
0&
0'
#98575000
1)
#98585000
0)
1&
1'
#98595000
0&
0'
#98605000
1)
#98615000
0)
1&
1'
#98625000
0&
0'
#98635000
1)
#98645000
0)
1&
1'
#98655000
0&
0'
#98665000
1)
#98675000
0)
1&
1'
#98685000
0&
0'
#98695000
1)
#98705000
0)
1&
1'
#98715000
0&
0'
#98725000
1)
#98735000
0)
1&
1'
#98745000
0&
0'
#98755000
1)
#98765000
0)
1&
1'
#98775000
0&
0'
#98785000
1)
#98795000
0)
0"
1'
#98815000
1&
1"
#98825000
0&
0'
#98835000
1)
#98845000
0)
1&
1'
#98855000
0&
0'
#98865000
1)
#98875000
0)
1&
1'
#98885000
0&
0'
#98895000
1)
#98905000
0)
1&
1'
#98915000
0&
0'
#98925000
1)
#98935000
0)
1&
1'
#98945000
0&
0'
#98955000
1)
#98965000
0)
1&
1'
#98975000
0&
0'
#98985000
1)
#98995000
0)
1&
1'
#99005000
0&
0'
#99015000
1)
#99025000
0)
1&
1'
#99035000
0&
0'
#99045000
1)
#99055000
0)
0"
1'
#99075000
1#
#99175000
1$
#99185000
0$
#99265000
1$
#99275000
0$
#99355000
1$
#99365000
0$
#99445000
1$
#99455000
0$
#99535000
1$
#99545000
0$
#99625000
1$
#99635000
0$
#99715000
1$
#99725000
0$
#99805000
1$
#99815000
0$
#99835000
1%
#99845000
b100 +
#99945000
1$
#99955000
0$
#99995000
0%
#100035000
1$
#100045000
0$
#100125000
1$
#100135000
0$
#100215000
1$
#100225000
0$
#100305000
1$
#100315000
0$
#100395000
1$
#100405000
0$
#100485000
1$
#100495000
0$
#100575000
1$
#100585000
0$
#100605000
1%
#100625000
0#
#100765000
0%
#100785000
1"
#100805000
1(
1&
#100815000
0(
0&
0'
#100825000
1)
#100835000
0)
1'
#100855000
1(
1&
#100865000
0(
0&
0'
#100875000
1)
#100885000
0)
1'
#100905000
1(
1&
#100915000
0(
0&
0'
#100925000
1)
#100935000
0)
1'
#100955000
1(
1&
#100965000
0(
0&
0'
#100975000
1)
#100985000
0)
1'
#101005000
1(
1&
#101015000
0(
0&
0'
#101025000
1)
#101035000
0)
1'
#101055000
1(
1&
#101065000
0(
0&
0'
#101075000
1)
#101085000
0)
0"
1'
#101095000
0!
#101105000
1*
#101315000
0*
#101595000
1!
#101605000
1&
1"
#101615000
0&
0'
#101635000
1)
#101645000
0)
1&
1'
#101655000
0&
0'
#101675000
1)
#101685000
0)
1&
1'
#101695000
0&
0'
#101715000
1)
#101725000
0)
1&
1'
#101735000
0&
0'
#101755000
1)
#101765000
0)
1&
1'
#101775000
0&
0'
#101795000
1)
#101805000
0)
0"
1'
#101825000
1&
1"
#101835000
0&
0'
#101855000
1)
#101865000
0)
1&
1'
#101875000
0&
0'
#101895000
1)
#101905000
0)
1&
1'
#101915000
0&
0'
#101935000
1)
#101945000
0)
1&
1'
#101955000
0&
0'
#101975000
1)
#101985000
0)
0"
1'
#102005000
b0 +
1#
#102105000
1$
#102115000
0$
#102135000
1%
#102145000
b100 +
#102245000
1$
#102255000
0$
#102295000
0%
#102305000
1%
#102325000
0#
#102465000
0%
#102485000
1"
#102505000
1(
1&
#102515000
0(
0&
0'
#102535000
1)
#102545000
0)
1'
#102565000
1(
1&
#102575000
0(
0&
0'
#102595000
1)
#102605000
0)
1'
#102625000
1(
1&
#102635000
0(
0&
0'
#102655000
1)
#102665000
0)
1'
#102685000
1(
1&
#102695000
0(
0&
0'
#102715000
1)
#102725000
0)
1'
#102745000
1(
1&
#102755000
0(
0&
0'
#102775000
1)
#102785000
0)
1'
#102805000
1(
1&
#102815000
0(
0&
0'
#102835000
1)
#102845000
0)
1'
#102865000
1(
1&
#102875000
0(
0&
0'
#102895000
1)
#102905000
0)
1'
#102925000
1(
1&
#102935000
0(
0&
0'
#102955000
1)
#102965000
0)
1'
#102985000
1(
1&
#102995000
0(
0&
0'
#103015000
1)
#103025000
0)
1'
#103045000
1(
1&
#103055000
0(
0&
0'
#103075000
1)
#103085000
0)
1'
#103105000
1(
1&
#103115000
0(
0&
0'
#103135000
1)
#103145000
0)
1'
#103165000
1(
1&
#103175000
0(
0&
0'
#103195000
1)
#103205000
0)
1'
#103225000
1(
1&
#103235000
0(
0&
0'
#103255000
1)
#103265000
0)
1'
#103285000
1(
1&
#103295000
0(
0&
0'
#103315000
1)
#103325000
0)
1'
#103345000
1(
1&
#103355000
0(
0&
0'
#103375000
1)
#103385000
0)
1'
#103405000
1(
1&
#103415000
0(
0&
0'
#103435000
1)
#103445000
0)
1'
#103465000
1(
1&
#103475000
0(
0&
0'
#103495000
1)
#103505000
0)
1'
#103525000
1(
1&
#103535000
0(
0&
0'
#103555000
1)
#103565000
0)
1'
#103585000
1(
1&
#103595000
0(
0&
0'
#103615000
1)
#103625000
0)
1'
#103645000
1(
1&
#103655000
0(
0&
0'
#103675000
1)
#103685000
0)
0"
1'
#103695000
0!
#103705000
1*
#103915000
0*
#103920000
0'
#104195000
1!
#104205000
1&
1"
#104215000
1'
#104225000
0&
0'
#104255000
1)
#104265000
0)
1&
#104275000
1'
#104285000
0&
0'
#104315000
1)
#104325000
0)
1&
#104335000
1'
#104345000
0&
0'
#104375000
1)
#104385000
0)
1&
#104395000
1'
#104405000
0&
0'
#104435000
1)
#104445000
0)
1&
#104455000
1'
#104465000
0&
0'
#104495000
1)
#104505000
0)
1&
#104515000
1'
#104525000
0&
0'
#104555000
1)
#104565000
0)
1&
#104575000
1'
#104585000
0&
0'
#104615000
1)
#104625000
0)
0"
#104645000
1&
1"
#104655000
1'
#104665000
0&
0'
#104695000
1)
#104705000
0)
1&
#104715000
1'
#104725000
0&
0'
#104755000
1)
#104765000
0)
1&
#104775000
1'
#104785000
0&
0'
#104815000
1)
#104825000
0)
1&
#104835000
1'
#104845000
0&
0'
#104875000
1)
#104885000
0)
1&
#104895000
1'
#104905000
0&
0'
#104935000
1)
#104945000
0)
1&
#104955000
1'
#104965000
0&
0'
#104995000
1)
#105005000
0)
1&
#105015000
1'
#105025000
0&
0'
#105055000
1)
#105065000
0)
1&
#105075000
1'
#105085000
0&
0'
#105115000
1)
#105125000
0)
1&
#105135000
1'
#105145000
0&
0'
#105175000
1)
#105185000
0)
0"
#105205000
b0 +
1#
#105305000
1$
#105315000
0$
#105335000
1%
#105345000
b100 ,
#105445000
1$
#105455000
0$
#105495000
0%
#105505000
1%
#105515000
b1000 ,
#105615000
1$
#105625000
0$
#105665000
0%
#105675000
1%
#105685000
b0 ,
b100 +
#105785000
1$
#105795000
0$
#105835000
0%
#105845000
1%
#105855000
b100 ,
#105955000
1$
#105965000
0$
#106005000
0%
#106015000
1%
#106025000
b1000 ,
#106125000
1$
#106135000
0$
#106175000
0%
#106185000
1%
#106205000
0#
#106345000
0%
#106365000
1"
#106385000
1(
1&
#106395000
1'
#106405000
0(
0&
0'
#106435000
1)
#106445000
0)
#106465000
1(
1&
#106475000
1'
#106485000
0(
0&
0'
#106515000
1)
#106525000
0)
#106545000
1(
1&
#106555000
1'
#106565000
0(
0&
0'
#106595000
1)
#106605000
0)
#106625000
1(
1&
#106635000
1'
#106645000
0(
0&
0'
#106675000
1)
#106685000
0)
#106705000
1(
1&
#106715000
1'
#106725000
0(
0&
0'
#106755000
1)
#106765000
0)
#106785000
1(
1&
#106795000
1'
#106805000
0(
0&
0'
#106835000
1)
#106845000
0)
#106865000
1(
1&
#106875000
1'
#106885000
0(
0&
0'
#106915000
1)
#106925000
0)
#106945000
1(
1&
#106955000
1'
#106965000
0(
0&
0'
#106995000
1)
#107005000
0)
#107025000
1(
1&
#107035000
1'
#107045000
0(
0&
0'
#107075000
1)
#107085000
0)
#107105000
1(
1&
#107115000
1'
#107125000
0(
0&
0'
#107155000
1)
#107165000
0)
#107185000
1(
1&
#107195000
1'
#107205000
0(
0&
0'
#107235000
1)
#107245000
0)
#107265000
1(
1&
#107275000
1'
#107285000
0(
0&
0'
#107315000
1)
#107325000
0)
#107345000
1(
1&
#107355000
1'
#107365000
0(
0&
0'
#107395000
1)
#107405000
0)
#107425000
1(
1&
#107435000
1'
#107445000
0(
0&
0'
#107475000
1)
#107485000
0)
#107505000
1(
1&
#107515000
1'
#107525000
0(
0&
0'
#107555000
1)
#107565000
0)
#107585000
1(
1&
#107595000
1'
#107605000
0(
0&
0'
#107635000
1)
#107645000
0)
#107665000
1(
1&
#107675000
1'
#107685000
0(
0&
0'
#107715000
1)
#107725000
0)
#107745000
1(
1&
#107755000
1'
#107765000
0(
0&
0'
#107795000
1)
#107805000
0)
#107825000
1(
1&
#107835000
1'
#107845000
0(
0&
0'
#107875000
1)
#107885000
0)
#107905000
1(
1&
#107915000
1'
#107925000
0(
0&
0'
#107955000
1)
#107965000
0)
#107985000
1(
1&
#107995000
1'
#108005000
0(
0&
0'
#108035000
1)
#108045000
0)
#108065000
1(
1&
#108075000
1'
#108085000
0(
0&
0'
#108115000
1)
#108125000
0)
#108145000
1(
1&
#108155000
1'
#108165000
0(
0&
0'
#108195000
1)
#108205000
0)
#108225000
1(
1&
#108235000
1'
#108245000
0(
0&
0'
#108275000
1)
#108285000
0)
#108305000
1(
1&
#108315000
1'
#108325000
0(
0&
0'
#108355000
1)
#108365000
0)
#108385000
1(
1&
#108395000
1'
#108405000
0(
0&
0'
#108435000
1)
#108445000
0)
#108465000
1(
1&
#108475000
1'
#108485000
0(
0&
0'
#108515000
1)
#108525000
0)
#108545000
1(
1&
#108555000
1'
#108565000
0(
0&
0'
#108595000
1)
#108605000
0)
#108625000
1(
1&
#108635000
1'
#108645000
0(
0&
0'
#108675000
1)
#108685000
0)
#108705000
1(
1&
#108715000
1'
#108725000
0(
0&
0'
#108755000
1)
#108765000
0)
#108785000
1(
1&
#108795000
1'
#108805000
0(
0&
0'
#108835000
1)
#108845000
0)
#108865000
1(
1&
#108875000
1'
#108885000
0(
0&
0'
#108915000
1)
#108925000
0)
#108945000
1(
1&
#108955000
1'
#108965000
0(
0&
0'
#108995000
1)
#109005000
0)
#109025000
1(
1&
#109035000
1'
#109045000
0(
0&
0'
#109075000
1)
#109085000
0)
#109105000
1(
1&
#109115000
1'
#109125000
0(
0&
0'
#109155000
1)
#109165000
0)
#109185000
1(
1&
#109195000
1'
#109205000
0(
0&
0'
#109235000
1)
#109245000
0)
#109265000
1(
1&
#109275000
1'
#109285000
0(
0&
0'
#109315000
1)
#109325000
0)
#109345000
1(
1&
#109355000
1'
#109365000
0(
0&
0'
#109395000
1)
#109405000
0)
#109425000
1(
1&
#109435000
1'
#109445000
0(
0&
0'
#109475000
1)
#109485000
0)
#109505000
1(
1&
#109515000
1'
#109525000
0(
0&
0'
#109555000
1)
#109565000
0)
#109585000
1(
1&
#109595000
1'
#109605000
0(
0&
0'
#109635000
1)
#109645000
0)
#109665000
1(
1&
#109675000
1'
#109685000
0(
0&
0'
#109715000
1)
#109725000
0)
#109745000
1(
1&
#109755000
1'
#109765000
0(
0&
0'
#109795000
1)
#109805000
0)
#109825000
1(
1&
#109835000
1'
#109845000
0(
0&
0'
#109875000
1)
#109885000
0)
#109905000
1(
1&
#109915000
1'
#109925000
0(
0&
0'
#109955000
1)
#109965000
0)
#109985000
1(
1&
#109995000
1'
#110005000
0(
0&
0'
#110035000
1)
#110045000
0)
#110065000
1(
1&
#110075000
1'
#110085000
0(
0&
0'
#110115000
1)
#110125000
0)
#110145000
1(
1&
#110155000
1'
#110165000
0(
0&
0'
#110195000
1)
#110205000
0)
#110225000
1(
1&
#110235000
1'
#110245000
0(
0&
0'
#110275000
1)
#110285000
0)
#110305000
1(
1&
#110315000
1'
#110325000
0(
0&
0'
#110355000
1)
#110365000
0)
#110385000
1(
1&
#110395000
1'
#110405000
0(
0&
0'
#110435000
1)
#110445000
0)
#110465000
1(
1&
#110475000
1'
#110485000
0(
0&
0'
#110515000
1)
#110525000
0)
#110545000
1(
1&
#110555000
1'
#110565000
0(
0&
0'
#110595000
1)
#110605000
0)
#110625000
1(
1&
#110635000
1'
#110645000
0(
0&
0'
#110675000
1)
#110685000
0)
#110705000
1(
1&
#110715000
1'
#110725000
0(
0&
0'
#110755000
1)
#110765000
0)
#110785000
1(
1&
#110795000
1'
#110805000
0(
0&
0'
#110835000
1)
#110845000
0)
#110865000
1(
1&
#110875000
1'
#110885000
0(
0&
0'
#110915000
1)
#110925000
0)
#110945000
1(
1&
#110955000
1'
#110965000
0(
0&
0'
#110995000
1)
#111005000
0)
#111025000
1(
1&
#111035000
1'
#111045000
0(
0&
0'
#111075000
1)
#111085000
0)
#111105000
1(
1&
#111115000
1'
#111125000
0(
0&
0'
#111155000
1)
#111165000
0)
#111185000
1(
1&
#111195000
1'
#111205000
0(
0&
0'
#111235000
1)
#111245000
0)
#111265000
1(
1&
#111275000
1'
#111285000
0(
0&
0'
#111315000
1)
#111325000
0)
#111345000
1(
1&
#111355000
1'
#111365000
0(
0&
0'
#111395000
1)
#111405000
0)
0"
#111415000
0!
#111425000
1*
#111635000
0*
#111640000
1'
#111915000
1!
#111925000
1&
1"
#111935000
0&
0'
#111975000
1)
#111985000
0)
1&
1'
#111995000
0&
0'
#112035000
1)
#112045000
0)
1&
1'
#112055000
0&
0'
#112095000
1)
#112105000
0)
1&
1'
#112115000
0&
0'
#112155000
1)
#112165000
0)
1&
1'
#112175000
0&
0'
#112215000
1)
#112225000
0)
1&
1'
#112235000
0&
0'
#112275000
1)
#112285000
0)
1&
1'
#112295000
0&
0'
#112335000
1)
#112345000
0)
1&
1'
#112355000
0&
0'
#112395000
1)
#112405000
0)
1&
1'
#112415000
0&
0'
#112455000
1)
#112465000
0)
1&
1'
#112475000
0&
0'
#112515000
1)
#112525000
0)
1&
1'
#112535000
0&
0'
#112575000
1)
#112585000
0)
1&
1'
#112595000
0&
0'
#112635000
1)
#112645000
0)
1&
1'
#112655000
0&
0'
#112695000
1)
#112705000
0)
1&
1'
#112715000
0&
0'
#112755000
1)
#112765000
0)
1&
1'
#112775000
0&
0'
#112815000
1)
#112825000
0)
1&
1'
#112835000
0&
0'
#112875000
1)
#112885000
0)
1&
1'
#112895000
0&
0'
#112935000
1)
#112945000
0)
1&
1'
#112955000
0&
0'
#112995000
1)
#113005000
0)
1&
1'
#113015000
0&
0'
#113055000
1)
#113065000
0)
1&
1'
#113075000
0&
0'
#113115000
1)
#113125000
0)
1&
1'
#113135000
0&
0'
#113175000
1)
#113185000
0)
1&
1'
#113195000
0&
0'
#113235000
1)
#113245000
0)
1&
1'
#113255000
0&
0'
#113295000
1)
#113305000
0)
1&
1'
#113315000
0&
0'
#113355000
1)
#113365000
0)
1&
1'
#113375000
0&
0'
#113415000
1)
#113425000
0)
1&
1'
#113435000
0&
0'
#113475000
1)
#113485000
0)
1&
1'
#113495000
0&
0'
#113535000
1)
#113545000
0)
1&
1'
#113555000
0&
0'
#113595000
1)
#113605000
0)
1&
1'
#113615000
0&
0'
#113655000
1)
#113665000
0)
1&
1'
#113675000
0&
0'
#113715000
1)
#113725000
0)
1&
1'
#113735000
0&
0'
#113775000
1)
#113785000
0)
1&
1'
#113795000
0&
0'
#113835000
1)
#113845000
0)
1&
1'
#113855000
0&
0'
#113895000
1)
#113905000
0)
1&
1'
#113915000
0&
0'
#113955000
1)
#113965000
0)
1&
1'
#113975000
0&
0'
#114015000
1)
#114025000
0)
1&
1'
#114035000
0&
0'
#114075000
1)
#114085000
0)
1&
1'
#114095000
0&
0'
#114135000
1)
#114145000
0)
1&
1'
#114155000
0&
0'
#114195000
1)
#114205000
0)
1&
1'
#114215000
0&
0'
#114255000
1)
#114265000
0)
1&
1'
#114275000
0&
0'
#114315000
1)
#114325000
0)
1&
1'
#114335000
0&
0'
#114375000
1)
#114385000
0)
1&
1'
#114395000
0&
0'
#114435000
1)
#114445000
0)
1&
1'
#114455000
0&
0'
#114495000
1)
#114505000
0)
1&
1'
#114515000
0&
0'
#114555000
1)
#114565000
0)
1&
1'
#114575000
0&
0'
#114615000
1)
#114625000
0)
0"
1'
#114645000
1&
1"
#114655000
0&
0'
#114695000
1)
#114705000
0)
1&
1'
#114715000
0&
0'
#114755000
1)
#114765000
0)
1&
1'
#114775000
0&
0'
#114815000
1)
#114825000
0)
1&
1'
#114835000
0&
0'
#114875000
1)
#114885000
0)
1&
1'
#114895000
0&
0'
#114935000
1)
#114945000
0)
1&
1'
#114955000
0&
0'
#114995000
1)
#115005000
0)
1&
1'
#115015000
0&
0'
#115055000
1)
#115065000
0)
1&
1'
#115075000
0&
0'
#115115000
1)
#115125000
0)
1&
1'
#115135000
0&
0'
#115175000
1)
#115185000
0)
1&
1'
#115195000
0&
0'
#115235000
1)
#115245000
0)
1&
1'
#115255000
0&
0'
#115295000
1)
#115305000
0)
1&
1'
#115315000
0&
0'
#115355000
1)
#115365000
0)
1&
1'
#115375000
0&
0'
#115415000
1)
#115425000
0)
1&
1'
#115435000
0&
0'
#115475000
1)
#115485000
0)
1&
1'
#115495000
0&
0'
#115535000
1)
#115545000
0)
1&
1'
#115555000
0&
0'
#115595000
1)
#115605000
0)
1&
1'
#115615000
0&
0'
#115655000
1)
#115665000
0)
1&
1'
#115675000
0&
0'
#115715000
1)
#115725000
0)
0"
1'
#115745000
b0 ,
b0 +
1#
#115845000
1$
#115855000
0$
#115935000
1$
#115945000
0$
#116025000
1$
#116035000
0$
#116055000
1%
#116065000
b100 ,
#116165000
1$
#116175000
0$
#116215000
0%
#116255000
1$
#116265000
0$
#116345000
1$
#116355000
0$
#116375000
1%
#116385000
b0 ,
b100 +
#116485000
1$
#116495000
0$
#116535000
0%
#116575000
1$
#116585000
0$
#116665000
1$
#116675000
0$
#116695000
1%
#116705000
b100 ,
#116805000
1$
#116815000
0$
#116855000
0%
#116895000
1$
#116905000
0$
#116985000
1$
#116995000
0$
#117015000
1%
#117025000
b0 ,
b1000 +
#117125000
1$
#117135000
0$
#117175000
0%
#117215000
1$
#117225000
0$
#117305000
1$
#117315000
0$
#117335000
1%
#117345000
b100 ,
#117445000
1$
#117455000
0$
#117495000
0%
#117535000
1$
#117545000
0$
#117625000
1$
#117635000
0$
#117655000
1%
#117665000
b0 ,
b1100 +
#117765000
1$
#117775000
0$
#117815000
0%
#117855000
1$
#117865000
0$
#117945000
1$
#117955000
0$
#117975000
1%
#117985000
b100 ,
#118085000
1$
#118095000
0$
#118135000
0%
#118175000
1$
#118185000
0$
#118265000
1$
#118275000
0$
#118295000
1%
#118315000
0#
#118455000
0%
#118475000
1"
#118495000
1(
1&
#118505000
0(
0&
0'
#118545000
1)
#118555000
0)
1'
#118575000
1(
1&
#118585000
0(
0&
0'
#118625000
1)
#118635000
0)
1'
#118655000
1(
1&
#118665000
0(
0&
0'
#118705000
1)
#118715000
0)
1'
#118735000
1(
1&
#118745000
0(
0&
0'
#118785000
1)
#118795000
0)
1'
#118815000
1(
1&
#118825000
0(
0&
0'
#118865000
1)
#118875000
0)
1'
#118895000
1(
1&
#118905000
0(
0&
0'
#118945000
1)
#118955000
0)
1'
#118975000
1(
1&
#118985000
0(
0&
0'
#119025000
1)
#119035000
0)
1'
#119055000
1(
1&
#119065000
0(
0&
0'
#119105000
1)
#119115000
0)
1'
#119135000
1(
1&
#119145000
0(
0&
0'
#119185000
1)
#119195000
0)
1'
#119215000
1(
1&
#119225000
0(
0&
0'
#119265000
1)
#119275000
0)
1'
#119295000
1(
1&
#119305000
0(
0&
0'
#119345000
1)
#119355000
0)
1'
#119375000
1(
1&
#119385000
0(
0&
0'
#119425000
1)
#119435000
0)
1'
#119455000
1(
1&
#119465000
0(
0&
0'
#119505000
1)
#119515000
0)
1'
#119535000
1(
1&
#119545000
0(
0&
0'
#119585000
1)
#119595000
0)
1'
#119615000
1(
1&
#119625000
0(
0&
0'
#119665000
1)
#119675000
0)
1'
#119695000
1(
1&
#119705000
0(
0&
0'
#119745000
1)
#119755000
0)
1'
#119775000
1(
1&
#119785000
0(
0&
0'
#119825000
1)
#119835000
0)
1'
#119855000
1(
1&
#119865000
0(
0&
0'
#119905000
1)
#119915000
0)
1'
#119935000
1(
1&
#119945000
0(
0&
0'
#119985000
1)
#119995000
0)
1'
#120015000
1(
1&
#120025000
0(
0&
0'
#120065000
1)
#120075000
0)
1'
#120095000
1(
1&
#120105000
0(
0&
0'
#120145000
1)
#120155000
0)
1'
#120175000
1(
1&
#120185000
0(
0&
0'
#120225000
1)
#120235000
0)
1'
#120255000
1(
1&
#120265000
0(
0&
0'
#120305000
1)
#120315000
0)
1'
#120335000
1(
1&
#120345000
0(
0&
0'
#120385000
1)
#120395000
0)
1'
#120415000
1(
1&
#120425000
0(
0&
0'
#120465000
1)
#120475000
0)
1'
#120495000
1(
1&
#120505000
0(
0&
0'
#120545000
1)
#120555000
0)
1'
#120575000
1(
1&
#120585000
0(
0&
0'
#120625000
1)
#120635000
0)
1'
#120655000
1(
1&
#120665000
0(
0&
0'
#120705000
1)
#120715000
0)
1'
#120735000
1(
1&
#120745000
0(
0&
0'
#120785000
1)
#120795000
0)
1'
#120815000
1(
1&
#120825000
0(
0&
0'
#120865000
1)
#120875000
0)
1'
#120895000
1(
1&
#120905000
0(
0&
0'
#120945000
1)
#120955000
0)
1'
#120975000
1(
1&
#120985000
0(
0&
0'
#121025000
1)
#121035000
0)
1'
#121055000
1(
1&
#121065000
0(
0&
0'
#121105000
1)
#121115000
0)
1'
#121135000
1(
1&
#121145000
0(
0&
0'
#121185000
1)
#121195000
0)
1'
#121215000
1(
1&
#121225000
0(
0&
0'
#121265000
1)
#121275000
0)
1'
#121295000
1(
1&
#121305000
0(
0&
0'
#121345000
1)
#121355000
0)
1'
#121375000
1(
1&
#121385000
0(
0&
0'
#121425000
1)
#121435000
0)
1'
#121455000
1(
1&
#121465000
0(
0&
0'
#121505000
1)
#121515000
0)
1'
#121535000
1(
1&
#121545000
0(
0&
0'
#121585000
1)
#121595000
0)
1'
#121615000
1(
1&
#121625000
0(
0&
0'
#121665000
1)
#121675000
0)
1'
#121695000
1(
1&
#121705000
0(
0&
0'
#121745000
1)
#121755000
0)
1'
#121775000
1(
1&
#121785000
0(
0&
0'
#121825000
1)
#121835000
0)
1'
#121855000
1(
1&
#121865000
0(
0&
0'
#121905000
1)
#121915000
0)
1'
#121935000
1(
1&
#121945000
0(
0&
0'
#121985000
1)
#121995000
0)
1'
#122015000
1(
1&
#122025000
0(
0&
0'
#122065000
1)
#122075000
0)
1'
#122095000
1(
1&
#122105000
0(
0&
0'
#122145000
1)
#122155000
0)
1'
#122175000
1(
1&
#122185000
0(
0&
0'
#122225000
1)
#122235000
0)
1'
#122255000
1(
1&
#122265000
0(
0&
0'
#122305000
1)
#122315000
0)
1'
#122335000
1(
1&
#122345000
0(
0&
0'
#122385000
1)
#122395000
0)
1'
#122415000
1(
1&
#122425000
0(
0&
0'
#122465000
1)
#122475000
0)
1'
#122495000
1(
1&
#122505000
0(
0&
0'
#122545000
1)
#122555000
0)
1'
#122575000
1(
1&
#122585000
0(
0&
0'
#122625000
1)
#122635000
0)
1'
#122655000
1(
1&
#122665000
0(
0&
0'
#122705000
1)
#122715000
0)
1'
#122735000
1(
1&
#122745000
0(
0&
0'
#122785000
1)
#122795000
0)
1'
#122815000
1(
1&
#122825000
0(
0&
0'
#122865000
1)
#122875000
0)
1'
#122895000
1(
1&
#122905000
0(
0&
0'
#122945000
1)
#122955000
0)
1'
#122975000
1(
1&
#122985000
0(
0&
0'
#123025000
1)
#123035000
0)
1'
#123055000
1(
1&
#123065000
0(
0&
0'
#123105000
1)
#123115000
0)
1'
#123135000
1(
1&
#123145000
0(
0&
0'
#123185000
1)
#123195000
0)
1'
#123215000
1(
1&
#123225000
0(
0&
0'
#123265000
1)
#123275000
0)
1'
#123295000
1(
1&
#123305000
0(
0&
0'
#123345000
1)
#123355000
0)
1'
#123375000
1(
1&
#123385000
0(
0&
0'
#123425000
1)
#123435000
0)
1'
#123455000
1(
1&
#123465000
0(
0&
0'
#123505000
1)
#123515000
0)
1'
#123535000
1(
1&
#123545000
0(
0&
0'
#123585000
1)
#123595000
0)
1'
#123615000
1(
1&
#123625000
0(
0&
0'
#123665000
1)
#123675000
0)
1'
#123695000
1(
1&
#123705000
0(
0&
0'
#123745000
1)
#123755000
0)
1'
#123775000
1(
1&
#123785000
0(
0&
0'
#123825000
1)
#123835000
0)
1'
#123855000
1(
1&
#123865000
0(
0&
0'
#123905000
1)
#123915000
0)
1'
#123935000
1(
1&
#123945000
0(
0&
0'
#123985000
1)
#123995000
0)
1'
#124015000
1(
1&
#124025000
0(
0&
0'
#124065000
1)
#124075000
0)
1'
#124095000
1(
1&
#124105000
0(
0&
0'
#124145000
1)
#124155000
0)
1'
#124175000
1(
1&
#124185000
0(
0&
0'
#124225000
1)
#124235000
0)
1'
#124255000
1(
1&
#124265000
0(
0&
0'
#124305000
1)
#124315000
0)
1'
#124335000
1(
1&
#124345000
0(
0&
0'
#124385000
1)
#124395000
0)
1'
#124415000
1(
1&
#124425000
0(
0&
0'
#124465000
1)
#124475000
0)
1'
#124495000
1(
1&
#124505000
0(
0&
0'
#124545000
1)
#124555000
0)
1'
#124575000
1(
1&
#124585000
0(
0&
0'
#124625000
1)
#124635000
0)
1'
#124655000
1(
1&
#124665000
0(
0&
0'
#124705000
1)
#124715000
0)
1'
#124735000
1(
1&
#124745000
0(
0&
0'
#124785000
1)
#124795000
0)
1'
#124815000
1(
1&
#124825000
0(
0&
0'
#124865000
1)
#124875000
0)
1'
#124895000
1(
1&
#124905000
0(
0&
0'
#124945000
1)
#124955000
0)
1'
#124975000
1(
1&
#124985000
0(
0&
0'
#125025000
1)
#125035000
0)
1'
#125055000
1(
1&
#125065000
0(
0&
0'
#125105000
1)
#125115000
0)
1'
#125135000
1(
1&
#125145000
0(
0&
0'
#125185000
1)
#125195000
0)
1'
#125215000
1(
1&
#125225000
0(
0&
0'
#125265000
1)
#125275000
0)
1'
#125295000
1(
1&
#125305000
0(
0&
0'
#125345000
1)
#125355000
0)
1'
#125375000
1(
1&
#125385000
0(
0&
0'
#125425000
1)
#125435000
0)
1'
#125455000
1(
1&
#125465000
0(
0&
0'
#125505000
1)
#125515000
0)
1'
#125535000
1(
1&
#125545000
0(
0&
0'
#125585000
1)
#125595000
0)
1'
#125615000
1(
1&
#125625000
0(
0&
0'
#125665000
1)
#125675000
0)
0"
1'
#125685000
0!
#125695000
1*
#125905000
0*
#126185000
1!
#126195000
1&
1"
#126205000
0&
0'
#126255000
1)
#126265000
0)
1&
1'
#126275000
0&
0'
#126325000
1)
#126335000
0)
1&
1'
#126345000
0&
0'
#126395000
1)
#126405000
0)
1&
1'
#126415000
0&
0'
#126465000
1)
#126475000
0)
1&
1'
#126485000
0&
0'
#126535000
1)
#126545000
0)
1&
1'
#126555000
0&
0'
#126605000
1)
#126615000
0)
1&
1'
#126625000
0&
0'
#126675000
1)
#126685000
0)
1&
1'
#126695000
0&
0'
#126745000
1)
#126755000
0)
1&
1'
#126765000
0&
0'
#126815000
1)
#126825000
0)
1&
1'
#126835000
0&
0'
#126885000
1)
#126895000
0)
1&
1'
#126905000
0&
0'
#126955000
1)
#126965000
0)
1&
1'
#126975000
0&
0'
#127025000
1)
#127035000
0)
0"
1'
#127055000
1&
1"
#127065000
0&
0'
#127115000
1)
#127125000
0)
1&
1'
#127135000
0&
0'
#127185000
1)
#127195000
0)
1&
1'
#127205000
0&
0'
#127255000
1)
#127265000
0)
1&
1'
#127275000
0&
0'
#127325000
1)
#127335000
0)
1&
1'
#127345000
0&
0'
#127395000
1)
#127405000
0)
1&
1'
#127415000
0&
0'
#127465000
1)
#127475000
0)
0"
1'
#127495000
b0 ,
b0 +
1#
#127595000
1$
#127605000
0$
#127685000
1$
#127695000
0$
#127775000
1$
#127785000
0$
#127805000
1%
#127825000
0#
#127965000
0%
#127985000
1"
#128005000
1(
1&
#128015000
0(
0&
0'
#128065000
1)
#128075000
0)
1'
#128095000
1(
1&
#128105000
0(
0&
0'
#128155000
1)
#128165000
0)
1'
#128185000
1(
1&
#128195000
0(
0&
0'
#128245000
1)
#128255000
0)
1'
#128275000
1(
1&
#128285000
0(
0&
0'
#128335000
1)
#128345000
0)
1'
#128365000
1(
1&
#128375000
0(
0&
0'
#128425000
1)
#128435000
0)
1'
#128455000
1(
1&
#128465000
0(
0&
0'
#128515000
1)
#128525000
0)
1'
#128545000
1(
1&
#128555000
0(
0&
0'
#128605000
1)
#128615000
0)
1'
#128635000
1(
1&
#128645000
0(
0&
0'
#128695000
1)
#128705000
0)
0"
1'
#128715000
0!
#128725000
1*
#128935000
0*
#129215000
1!
#129225000
1&
1"
#129235000
0&
0'
#129245000
1)
#129255000
0)
1&
1'
#129265000
0&
0'
#129275000
1)
#129285000
0)
1&
1'
#129295000
0&
0'
#129305000
1)
#129315000
0)
1&
1'
#129325000
0&
0'
#129335000
1)
#129345000
0)
1&
1'
#129355000
0&
0'
#129365000
1)
#129375000
0)
1&
1'
#129385000
0&
0'
#129395000
1)
#129405000
0)
1&
1'
#129415000
0&
0'
#129425000
1)
#129435000
0)
1&
1'
#129445000
0&
0'
#129455000
1)
#129465000
0)
1&
1'
#129475000
0&
0'
#129485000
1)
#129495000
0)
1&
1'
#129505000
0&
0'
#129515000
1)
#129525000
0)
1&
1'
#129535000
0&
0'
#129545000
1)
#129555000
0)
1&
1'
#129565000
0&
0'
#129575000
1)
#129585000
0)
1&
1'
#129595000
0&
0'
#129605000
1)
#129615000
0)
1&
1'
#129625000
0&
0'
#129635000
1)
#129645000
0)
1&
1'
#129655000
0&
0'
#129665000
1)
#129675000
0)
1&
1'
#129685000
0&
0'
#129695000
1)
#129705000
0)
1&
1'
#129715000
0&
0'
#129725000
1)
#129735000
0)
1&
1'
#129745000
0&
0'
#129755000
1)
#129765000
0)
1&
1'
#129775000
0&
0'
#129785000
1)
#129795000
0)
1&
1'
#129805000
0&
0'
#129815000
1)
#129825000
0)
1&
1'
#129835000
0&
0'
#129845000
1)
#129855000
0)
1&
1'
#129865000
0&
0'
#129875000
1)
#129885000
0)
1&
1'
#129895000
0&
0'
#129905000
1)
#129915000
0)
1&
1'
#129925000
0&
0'
#129935000
1)
#129945000
0)
1&
1'
#129955000
0&
0'
#129965000
1)
#129975000
0)
1&
1'
#129985000
0&
0'
#129995000
1)
#130005000
0)
1&
1'
#130015000
0&
0'
#130025000
1)
#130035000
0)
1&
1'
#130045000
0&
0'
#130055000
1)
#130065000
0)
1&
1'
#130075000
0&
0'
#130085000
1)
#130095000
0)
1&
1'
#130105000
0&
0'
#130115000
1)
#130125000
0)
1&
1'
#130135000
0&
0'
#130145000
1)
#130155000
0)
1&
1'
#130165000
0&
0'
#130175000
1)
#130185000
0)
1&
1'
#130195000
0&
0'
#130205000
1)
#130215000
0)
1&
1'
#130225000
0&
0'
#130235000
1)
#130245000
0)
1&
1'
#130255000
0&
0'
#130265000
1)
#130275000
0)
1&
1'
#130285000
0&
0'
#130295000
1)
#130305000
0)
1&
1'
#130315000
0&
0'
#130325000
1)
#130335000
0)
1&
1'
#130345000
0&
0'
#130355000
1)
#130365000
0)
1&
1'
#130375000
0&
0'
#130385000
1)
#130395000
0)
1&
1'
#130405000
0&
0'
#130415000
1)
#130425000
0)
1&
1'
#130435000
0&
0'
#130445000
1)
#130455000
0)
1&
1'
#130465000
0&
0'
#130475000
1)
#130485000
0)
1&
1'
#130495000
0&
0'
#130505000
1)
#130515000
0)
1&
1'
#130525000
0&
0'
#130535000
1)
#130545000
0)
1&
1'
#130555000
0&
0'
#130565000
1)
#130575000
0)
1&
1'
#130585000
0&
0'
#130595000
1)
#130605000
0)
1&
1'
#130615000
0&
0'
#130625000
1)
#130635000
0)
1&
1'
#130645000
0&
0'
#130655000
1)
#130665000
0)
1&
1'
#130675000
0&
0'
#130685000
1)
#130695000
0)
1&
1'
#130705000
0&
0'
#130715000
1)
#130725000
0)
1&
1'
#130735000
0&
0'
#130745000
1)
#130755000
0)
1&
1'
#130765000
0&
0'
#130775000
1)
#130785000
0)
1&
1'
#130795000
0&
0'
#130805000
1)
#130815000
0)
1&
1'
#130825000
0&
0'
#130835000
1)
#130845000
0)
1&
1'
#130855000
0&
0'
#130865000
1)
#130875000
0)
1&
1'
#130885000
0&
0'
#130895000
1)
#130905000
0)
1&
1'
#130915000
0&
0'
#130925000
1)
#130935000
0)
1&
1'
#130945000
0&
0'
#130955000
1)
#130965000
0)
1&
1'
#130975000
0&
0'
#130985000
1)
#130995000
0)
1&
1'
#131005000
0&
0'
#131015000
1)
#131025000
0)
0"
1'
#131045000
1&
1"
#131055000
0&
0'
#131065000
1)
#131075000
0)
1&
1'
#131085000
0&
0'
#131095000
1)
#131105000
0)
1&
1'
#131115000
0&
0'
#131125000
1)
#131135000
0)
1&
1'
#131145000
0&
0'
#131155000
1)
#131165000
0)
1&
1'
#131175000
0&
0'
#131185000
1)
#131195000
0)
1&
1'
#131205000
0&
0'
#131215000
1)
#131225000
0)
1&
1'
#131235000
0&
0'
#131245000
1)
#131255000
0)
1&
1'
#131265000
0&
0'
#131275000
1)
#131285000
0)
1&
1'
#131295000
0&
0'
#131305000
1)
#131315000
0)
1&
1'
#131325000
0&
0'
#131335000
1)
#131345000
0)
1&
1'
#131355000
0&
0'
#131365000
1)
#131375000
0)
1&
1'
#131385000
0&
0'
#131395000
1)
#131405000
0)
1&
1'
#131415000
0&
0'
#131425000
1)
#131435000
0)
1&
1'
#131445000
0&
0'
#131455000
1)
#131465000
0)
1&
1'
#131475000
0&
0'
#131485000
1)
#131495000
0)
1&
1'
#131505000
0&
0'
#131515000
1)
#131525000
0)
1&
1'
#131535000
0&
0'
#131545000
1)
#131555000
0)
1&
1'
#131565000
0&
0'
#131575000
1)
#131585000
0)
1&
1'
#131595000
0&
0'
#131605000
1)
#131615000
0)
1&
1'
#131625000
0&
0'
#131635000
1)
#131645000
0)
1&
1'
#131655000
0&
0'
#131665000
1)
#131675000
0)
1&
1'
#131685000
0&
0'
#131695000
1)
#131705000
0)
1&
1'
#131715000
0&
0'
#131725000
1)
#131735000
0)
1&
1'
#131745000
0&
0'
#131755000
1)
#131765000
0)
1&
1'
#131775000
0&
0'
#131785000
1)
#131795000
0)
1&
1'
#131805000
0&
0'
#131815000
1)
#131825000
0)
1&
1'
#131835000
0&
0'
#131845000
1)
#131855000
0)
1&
1'
#131865000
0&
0'
#131875000
1)
#131885000
0)
1&
1'
#131895000
0&
0'
#131905000
1)
#131915000
0)
1&
1'
#131925000
0&
0'
#131935000
1)
#131945000
0)
1&
1'
#131955000
0&
0'
#131965000
1)
#131975000
0)
1&
1'
#131985000
0&
0'
#131995000
1)
#132005000
0)
1&
1'
#132015000
0&
0'
#132025000
1)
#132035000
0)
1&
1'
#132045000
0&
0'
#132055000
1)
#132065000
0)
1&
1'
#132075000
0&
0'
#132085000
1)
#132095000
0)
1&
1'
#132105000
0&
0'
#132115000
1)
#132125000
0)
1&
1'
#132135000
0&
0'
#132145000
1)
#132155000
0)
1&
1'
#132165000
0&
0'
#132175000
1)
#132185000
0)
1&
1'
#132195000
0&
0'
#132205000
1)
#132215000
0)
1&
1'
#132225000
0&
0'
#132235000
1)
#132245000
0)
1&
1'
#132255000
0&
0'
#132265000
1)
#132275000
0)
1&
1'
#132285000
0&
0'
#132295000
1)
#132305000
0)
1&
1'
#132315000
0&
0'
#132325000
1)
#132335000
0)
1&
1'
#132345000
0&
0'
#132355000
1)
#132365000
0)
1&
1'
#132375000
0&
0'
#132385000
1)
#132395000
0)
1&
1'
#132405000
0&
0'
#132415000
1)
#132425000
0)
1&
1'
#132435000
0&
0'
#132445000
1)
#132455000
0)
1&
1'
#132465000
0&
0'
#132475000
1)
#132485000
0)
1&
1'
#132495000
0&
0'
#132505000
1)
#132515000
0)
1&
1'
#132525000
0&
0'
#132535000
1)
#132545000
0)
1&
1'
#132555000
0&
0'
#132565000
1)
#132575000
0)
1&
1'
#132585000
0&
0'
#132595000
1)
#132605000
0)
1&
1'
#132615000
0&
0'
#132625000
1)
#132635000
0)
1&
1'
#132645000
0&
0'
#132655000
1)
#132665000
0)
1&
1'
#132675000
0&
0'
#132685000
1)
#132695000
0)
1&
1'
#132705000
0&
0'
#132715000
1)
#132725000
0)
1&
1'
#132735000
0&
0'
#132745000
1)
#132755000
0)
1&
1'
#132765000
0&
0'
#132775000
1)
#132785000
0)
1&
1'
#132795000
0&
0'
#132805000
1)
#132815000
0)
1&
1'
#132825000
0&
0'
#132835000
1)
#132845000
0)
1&
1'
#132855000
0&
0'
#132865000
1)
#132875000
0)
1&
1'
#132885000
0&
0'
#132895000
1)
#132905000
0)
1&
1'
#132915000
0&
0'
#132925000
1)
#132935000
0)
1&
1'
#132945000
0&
0'
#132955000
1)
#132965000
0)
1&
1'
#132975000
0&
0'
#132985000
1)
#132995000
0)
1&
1'
#133005000
0&
0'
#133015000
1)
#133025000
0)
1&
1'
#133035000
0&
0'
#133045000
1)
#133055000
0)
1&
1'
#133065000
0&
0'
#133075000
1)
#133085000
0)
1&
1'
#133095000
0&
0'
#133105000
1)
#133115000
0)
1&
1'
#133125000
0&
0'
#133135000
1)
#133145000
0)
1&
1'
#133155000
0&
0'
#133165000
1)
#133175000
0)
1&
1'
#133185000
0&
0'
#133195000
1)
#133205000
0)
1&
1'
#133215000
0&
0'
#133225000
1)
#133235000
0)
1&
1'
#133245000
0&
0'
#133255000
1)
#133265000
0)
1&
1'
#133275000
0&
0'
#133285000
1)
#133295000
0)
1&
1'
#133305000
0&
0'
#133315000
1)
#133325000
0)
1&
1'
#133335000
0&
0'
#133345000
1)
#133355000
0)
1&
1'
#133365000
0&
0'
#133375000
1)
#133385000
0)
1&
1'
#133395000
0&
0'
#133405000
1)
#133415000
0)
1&
1'
#133425000
0&
0'
#133435000
1)
#133445000
0)
1&
1'
#133455000
0&
0'
#133465000
1)
#133475000
0)
1&
1'
#133485000
0&
0'
#133495000
1)
#133505000
0)
1&
1'
#133515000
0&
0'
#133525000
1)
#133535000
0)
1&
1'
#133545000
0&
0'
#133555000
1)
#133565000
0)
1&
1'
#133575000
0&
0'
#133585000
1)
#133595000
0)
1&
1'
#133605000
0&
0'
#133615000
1)
#133625000
0)
1&
1'
#133635000
0&
0'
#133645000
1)
#133655000
0)
1&
1'
#133665000
0&
0'
#133675000
1)
#133685000
0)
1&
1'
#133695000
0&
0'
#133705000
1)
#133715000
0)
1&
1'
#133725000
0&
0'
#133735000
1)
#133745000
0)
1&
1'
#133755000
0&
0'
#133765000
1)
#133775000
0)
1&
1'
#133785000
0&
0'
#133795000
1)
#133805000
0)
1&
1'
#133815000
0&
0'
#133825000
1)
#133835000
0)
1&
1'
#133845000
0&
0'
#133855000
1)
#133865000
0)
1&
1'
#133875000
0&
0'
#133885000
1)
#133895000
0)
1&
1'
#133905000
0&
0'
#133915000
1)
#133925000
0)
1&
1'
#133935000
0&
0'
#133945000
1)
#133955000
0)
1&
1'
#133965000
0&
0'
#133975000
1)
#133985000
0)
1&
1'
#133995000
0&
0'
#134005000
1)
#134015000
0)
1&
1'
#134025000
0&
0'
#134035000
1)
#134045000
0)
1&
1'
#134055000
0&
0'
#134065000
1)
#134075000
0)
1&
1'
#134085000
0&
0'
#134095000
1)
#134105000
0)
1&
1'
#134115000
0&
0'
#134125000
1)
#134135000
0)
1&
1'
#134145000
0&
0'
#134155000
1)
#134165000
0)
1&
1'
#134175000
0&
0'
#134185000
1)
#134195000
0)
1&
1'
#134205000
0&
0'
#134215000
1)
#134225000
0)
1&
1'
#134235000
0&
0'
#134245000
1)
#134255000
0)
1&
1'
#134265000
0&
0'
#134275000
1)
#134285000
0)
1&
1'
#134295000
0&
0'
#134305000
1)
#134315000
0)
1&
1'
#134325000
0&
0'
#134335000
1)
#134345000
0)
1&
1'
#134355000
0&
0'
#134365000
1)
#134375000
0)
1&
1'
#134385000
0&
0'
#134395000
1)
#134405000
0)
1&
1'
#134415000
0&
0'
#134425000
1)
#134435000
0)
1&
1'
#134445000
0&
0'
#134455000
1)
#134465000
0)
1&
1'
#134475000
0&
0'
#134485000
1)
#134495000
0)
1&
1'
#134505000
0&
0'
#134515000
1)
#134525000
0)
1&
1'
#134535000
0&
0'
#134545000
1)
#134555000
0)
1&
1'
#134565000
0&
0'
#134575000
1)
#134585000
0)
1&
1'
#134595000
0&
0'
#134605000
1)
#134615000
0)
1&
1'
#134625000
0&
0'
#134635000
1)
#134645000
0)
1&
1'
#134655000
0&
0'
#134665000
1)
#134675000
0)
1&
1'
#134685000
0&
0'
#134695000
1)
#134705000
0)
1&
1'
#134715000
0&
0'
#134725000
1)
#134735000
0)
1&
1'
#134745000
0&
0'
#134755000
1)
#134765000
0)
1&
1'
#134775000
0&
0'
#134785000
1)
#134795000
0)
1&
1'
#134805000
0&
0'
#134815000
1)
#134825000
0)
1&
1'
#134835000
0&
0'
#134845000
1)
#134855000
0)
1&
1'
#134865000
0&
0'
#134875000
1)
#134885000
0)
1&
1'
#134895000
0&
0'
#134905000
1)
#134915000
0)
1&
1'
#134925000
0&
0'
#134935000
1)
#134945000
0)
1&
1'
#134955000
0&
0'
#134965000
1)
#134975000
0)
1&
1'
#134985000
0&
0'
#134995000
1)
#135005000
0)
1&
1'
#135015000
0&
0'
#135025000
1)
#135035000
0)
1&
1'
#135045000
0&
0'
#135055000
1)
#135065000
0)
1&
1'
#135075000
0&
0'
#135085000
1)
#135095000
0)
1&
1'
#135105000
0&
0'
#135115000
1)
#135125000
0)
1&
1'
#135135000
0&
0'
#135145000
1)
#135155000
0)
1&
1'
#135165000
0&
0'
#135175000
1)
#135185000
0)
1&
1'
#135195000
0&
0'
#135205000
1)
#135215000
0)
1&
1'
#135225000
0&
0'
#135235000
1)
#135245000
0)
1&
1'
#135255000
0&
0'
#135265000
1)
#135275000
0)
1&
1'
#135285000
0&
0'
#135295000
1)
#135305000
0)
1&
1'
#135315000
0&
0'
#135325000
1)
#135335000
0)
1&
1'
#135345000
0&
0'
#135355000
1)
#135365000
0)
1&
1'
#135375000
0&
0'
#135385000
1)
#135395000
0)
1&
1'
#135405000
0&
0'
#135415000
1)
#135425000
0)
1&
1'
#135435000
0&
0'
#135445000
1)
#135455000
0)
1&
1'
#135465000
0&
0'
#135475000
1)
#135485000
0)
1&
1'
#135495000
0&
0'
#135505000
1)
#135515000
0)
1&
1'
#135525000
0&
0'
#135535000
1)
#135545000
0)
1&
1'
#135555000
0&
0'
#135565000
1)
#135575000
0)
1&
1'
#135585000
0&
0'
#135595000
1)
#135605000
0)
1&
1'
#135615000
0&
0'
#135625000
1)
#135635000
0)
1&
1'
#135645000
0&
0'
#135655000
1)
#135665000
0)
1&
1'
#135675000
0&
0'
#135685000
1)
#135695000
0)
1&
1'
#135705000
0&
0'
#135715000
1)
#135725000
0)
1&
1'
#135735000
0&
0'
#135745000
1)
#135755000
0)
1&
1'
#135765000
0&
0'
#135775000
1)
#135785000
0)
1&
1'
#135795000
0&
0'
#135805000
1)
#135815000
0)
1&
1'
#135825000
0&
0'
#135835000
1)
#135845000
0)
1&
1'
#135855000
0&
0'
#135865000
1)
#135875000
0)
1&
1'
#135885000
0&
0'
#135895000
1)
#135905000
0)
1&
1'
#135915000
0&
0'
#135925000
1)
#135935000
0)
1&
1'
#135945000
0&
0'
#135955000
1)
#135965000
0)
1&
1'
#135975000
0&
0'
#135985000
1)
#135995000
0)
1&
1'
#136005000
0&
0'
#136015000
1)
#136025000
0)
1&
1'
#136035000
0&
0'
#136045000
1)
#136055000
0)
1&
1'
#136065000
0&
0'
#136075000
1)
#136085000
0)
1&
1'
#136095000
0&
0'
#136105000
1)
#136115000
0)
1&
1'
#136125000
0&
0'
#136135000
1)
#136145000
0)
1&
1'
#136155000
0&
0'
#136165000
1)
#136175000
0)
1&
1'
#136185000
0&
0'
#136195000
1)
#136205000
0)
1&
1'
#136215000
0&
0'
#136225000
1)
#136235000
0)
1&
1'
#136245000
0&
0'
#136255000
1)
#136265000
0)
1&
1'
#136275000
0&
0'
#136285000
1)
#136295000
0)
1&
1'
#136305000
0&
0'
#136315000
1)
#136325000
0)
1&
1'
#136335000
0&
0'
#136345000
1)
#136355000
0)
1&
1'
#136365000
0&
0'
#136375000
1)
#136385000
0)
1&
1'
#136395000
0&
0'
#136405000
1)
#136415000
0)
1&
1'
#136425000
0&
0'
#136435000
1)
#136445000
0)
1&
1'
#136455000
0&
0'
#136465000
1)
#136475000
0)
1&
1'
#136485000
0&
0'
#136495000
1)
#136505000
0)
1&
1'
#136515000
0&
0'
#136525000
1)
#136535000
0)
1&
1'
#136545000
0&
0'
#136555000
1)
#136565000
0)
1&
1'
#136575000
0&
0'
#136585000
1)
#136595000
0)
1&
1'
#136605000
0&
0'
#136615000
1)
#136625000
0)
1&
1'
#136635000
0&
0'
#136645000
1)
#136655000
0)
1&
1'
#136665000
0&
0'
#136675000
1)
#136685000
0)
1&
1'
#136695000
0&
0'
#136705000
1)
#136715000
0)
1&
1'
#136725000
0&
0'
#136735000
1)
#136745000
0)
1&
1'
#136755000
0&
0'
#136765000
1)
#136775000
0)
1&
1'
#136785000
0&
0'
#136795000
1)
#136805000
0)
1&
1'
#136815000
0&
0'
#136825000
1)
#136835000
0)
1&
1'
#136845000
0&
0'
#136855000
1)
#136865000
0)
1&
1'
#136875000
0&
0'
#136885000
1)
#136895000
0)
1&
1'
#136905000
0&
0'
#136915000
1)
#136925000
0)
1&
1'
#136935000
0&
0'
#136945000
1)
#136955000
0)
1&
1'
#136965000
0&
0'
#136975000
1)
#136985000
0)
1&
1'
#136995000
0&
0'
#137005000
1)
#137015000
0)
1&
1'
#137025000
0&
0'
#137035000
1)
#137045000
0)
1&
1'
#137055000
0&
0'
#137065000
1)
#137075000
0)
1&
1'
#137085000
0&
0'
#137095000
1)
#137105000
0)
1&
1'
#137115000
0&
0'
#137125000
1)
#137135000
0)
1&
1'
#137145000
0&
0'
#137155000
1)
#137165000
0)
1&
1'
#137175000
0&
0'
#137185000
1)
#137195000
0)
1&
1'
#137205000
0&
0'
#137215000
1)
#137225000
0)
1&
1'
#137235000
0&
0'
#137245000
1)
#137255000
0)
1&
1'
#137265000
0&
0'
#137275000
1)
#137285000
0)
1&
1'
#137295000
0&
0'
#137305000
1)
#137315000
0)
1&
1'
#137325000
0&
0'
#137335000
1)
#137345000
0)
1&
1'
#137355000
0&
0'
#137365000
1)
#137375000
0)
1&
1'
#137385000
0&
0'
#137395000
1)
#137405000
0)
1&
1'
#137415000
0&
0'
#137425000
1)
#137435000
0)
1&
1'
#137445000
0&
0'
#137455000
1)
#137465000
0)
1&
1'
#137475000
0&
0'
#137485000
1)
#137495000
0)
1&
1'
#137505000
0&
0'
#137515000
1)
#137525000
0)
1&
1'
#137535000
0&
0'
#137545000
1)
#137555000
0)
1&
1'
#137565000
0&
0'
#137575000
1)
#137585000
0)
1&
1'
#137595000
0&
0'
#137605000
1)
#137615000
0)
1&
1'
#137625000
0&
0'
#137635000
1)
#137645000
0)
1&
1'
#137655000
0&
0'
#137665000
1)
#137675000
0)
1&
1'
#137685000
0&
0'
#137695000
1)
#137705000
0)
1&
1'
#137715000
0&
0'
#137725000
1)
#137735000
0)
1&
1'
#137745000
0&
0'
#137755000
1)
#137765000
0)
1&
1'
#137775000
0&
0'
#137785000
1)
#137795000
0)
0"
1'
#137815000
1#
#137915000
1$
#137925000
0$
#138005000
1$
#138015000
0$
#138095000
1$
#138105000
0$
#138185000
1$
#138195000
0$
#138275000
1$
#138285000
0$
#138365000
1$
#138375000
0$
#138455000
1$
#138465000
0$
#138545000
1$
#138555000
0$
#138635000
1$
#138645000
0$
#138725000
1$
#138735000
0$
#138815000
1$
#138825000
0$
#138905000
1$
#138915000
0$
#138995000
1$
#139005000
0$
#139085000
1$
#139095000
0$
#139175000
1$
#139185000
0$
#139205000
1%
#139215000
b100 ,
#139315000
1$
#139325000
0$
#139365000
0%
#139405000
1$
#139415000
0$
#139495000
1$
#139505000
0$
#139585000
1$
#139595000
0$
#139675000
1$
#139685000
0$
#139765000
1$
#139775000
0$
#139855000
1$
#139865000
0$
#139945000
1$
#139955000
0$
#140035000
1$
#140045000
0$
#140125000
1$
#140135000
0$
#140215000
1$
#140225000
0$
#140305000
1$
#140315000
0$
#140395000
1$
#140405000
0$
#140485000
1$
#140495000
0$
#140575000
1$
#140585000
0$
#140605000
1%
#140615000
b1000 ,
#140715000
1$
#140725000
0$
#140765000
0%
#140805000
1$
#140815000
0$
#140895000
1$
#140905000
0$
#140985000
1$
#140995000
0$
#141075000
1$
#141085000
0$
#141165000
1$
#141175000
0$
#141255000
1$
#141265000
0$
#141345000
1$
#141355000
0$
#141435000
1$
#141445000
0$
#141525000
1$
#141535000
0$
#141615000
1$
#141625000
0$
#141705000
1$
#141715000
0$
#141795000
1$
#141805000
0$
#141885000
1$
#141895000
0$
#141975000
1$
#141985000
0$
#142005000
1%
#142015000
b1100 ,
#142115000
1$
#142125000
0$
#142165000
0%
#142205000
1$
#142215000
0$
#142295000
1$
#142305000
0$
#142385000
1$
#142395000
0$
#142475000
1$
#142485000
0$
#142565000
1$
#142575000
0$
#142655000
1$
#142665000
0$
#142745000
1$
#142755000
0$
#142835000
1$
#142845000
0$
#142925000
1$
#142935000
0$
#143015000
1$
#143025000
0$
#143105000
1$
#143115000
0$
#143195000
1$
#143205000
0$
#143285000
1$
#143295000
0$
#143375000
1$
#143385000
0$
#143405000
1%
#143425000
0#
#143565000
0%
#143585000
1"
#143605000
1(
1&
#143615000
0(
0&
0'
#143625000
1)
#143635000
0)
1'
#143655000
1(
1&
#143665000
0(
0&
0'
#143675000
1)
#143685000
0)
1'
#143705000
1(
1&
#143715000
0(
0&
0'
#143725000
1)
#143735000
0)
1'
#143755000
1(
1&
#143765000
0(
0&
0'
#143775000
1)
#143785000
0)
1'
#143805000
1(
1&
#143815000
0(
0&
0'
#143825000
1)
#143835000
0)
1'
#143855000
1(
1&
#143865000
0(
0&
0'
#143875000
1)
#143885000
0)
1'
#143905000
1(
1&
#143915000
0(
0&
0'
#143925000
1)
#143935000
0)
1'
#143955000
1(
1&
#143965000
0(
0&
0'
#143975000
1)
#143985000
0)
1'
#144005000
1(
1&
#144015000
0(
0&
0'
#144025000
1)
#144035000
0)
1'
#144055000
1(
1&
#144065000
0(
0&
0'
#144075000
1)
#144085000
0)
1'
#144105000
1(
1&
#144115000
0(
0&
0'
#144125000
1)
#144135000
0)
1'
#144155000
1(
1&
#144165000
0(
0&
0'
#144175000
1)
#144185000
0)
1'
#144205000
1(
1&
#144215000
0(
0&
0'
#144225000
1)
#144235000
0)
1'
#144255000
1(
1&
#144265000
0(
0&
0'
#144275000
1)
#144285000
0)
1'
#144305000
1(
1&
#144315000
0(
0&
0'
#144325000
1)
#144335000
0)
1'
#144355000
1(
1&
#144365000
0(
0&
0'
#144375000
1)
#144385000
0)
1'
#144405000
1(
1&
#144415000
0(
0&
0'
#144425000
1)
#144435000
0)
1'
#144455000
1(
1&
#144465000
0(
0&
0'
#144475000
1)
#144485000
0)
1'
#144505000
1(
1&
#144515000
0(
0&
0'
#144525000
1)
#144535000
0)
1'
#144555000
1(
1&
#144565000
0(
0&
0'
#144575000
1)
#144585000
0)
1'
#144605000
1(
1&
#144615000
0(
0&
0'
#144625000
1)
#144635000
0)
1'
#144655000
1(
1&
#144665000
0(
0&
0'
#144675000
1)
#144685000
0)
1'
#144705000
1(
1&
#144715000
0(
0&
0'
#144725000
1)
#144735000
0)
1'
#144755000
1(
1&
#144765000
0(
0&
0'
#144775000
1)
#144785000
0)
1'
#144805000
1(
1&
#144815000
0(
0&
0'
#144825000
1)
#144835000
0)
1'
#144855000
1(
1&
#144865000
0(
0&
0'
#144875000
1)
#144885000
0)
1'
#144905000
1(
1&
#144915000
0(
0&
0'
#144925000
1)
#144935000
0)
1'
#144955000
1(
1&
#144965000
0(
0&
0'
#144975000
1)
#144985000
0)
1'
#145005000
1(
1&
#145015000
0(
0&
0'
#145025000
1)
#145035000
0)
1'
#145055000
1(
1&
#145065000
0(
0&
0'
#145075000
1)
#145085000
0)
1'
#145105000
1(
1&
#145115000
0(
0&
0'
#145125000
1)
#145135000
0)
1'
#145155000
1(
1&
#145165000
0(
0&
0'
#145175000
1)
#145185000
0)
1'
#145205000
1(
1&
#145215000
0(
0&
0'
#145225000
1)
#145235000
0)
1'
#145255000
1(
1&
#145265000
0(
0&
0'
#145275000
1)
#145285000
0)
1'
#145305000
1(
1&
#145315000
0(
0&
0'
#145325000
1)
#145335000
0)
1'
#145355000
1(
1&
#145365000
0(
0&
0'
#145375000
1)
#145385000
0)
1'
#145405000
1(
1&
#145415000
0(
0&
0'
#145425000
1)
#145435000
0)
1'
#145455000
1(
1&
#145465000
0(
0&
0'
#145475000
1)
#145485000
0)
1'
#145505000
1(
1&
#145515000
0(
0&
0'
#145525000
1)
#145535000
0)
1'
#145555000
1(
1&
#145565000
0(
0&
0'
#145575000
1)
#145585000
0)
1'
#145605000
1(
1&
#145615000
0(
0&
0'
#145625000
1)
#145635000
0)
1'
#145655000
1(
1&
#145665000
0(
0&
0'
#145675000
1)
#145685000
0)
1'
#145705000
1(
1&
#145715000
0(
0&
0'
#145725000
1)
#145735000
0)
1'
#145755000
1(
1&
#145765000
0(
0&
0'
#145775000
1)
#145785000
0)
1'
#145805000
1(
1&
#145815000
0(
0&
0'
#145825000
1)
#145835000
0)
1'
#145855000
1(
1&
#145865000
0(
0&
0'
#145875000
1)
#145885000
0)
1'
#145905000
1(
1&
#145915000
0(
0&
0'
#145925000
1)
#145935000
0)
1'
#145955000
1(
1&
#145965000
0(
0&
0'
#145975000
1)
#145985000
0)
1'
#146005000
1(
1&
#146015000
0(
0&
0'
#146025000
1)
#146035000
0)
1'
#146055000
1(
1&
#146065000
0(
0&
0'
#146075000
1)
#146085000
0)
1'
#146105000
1(
1&
#146115000
0(
0&
0'
#146125000
1)
#146135000
0)
1'
#146155000
1(
1&
#146165000
0(
0&
0'
#146175000
1)
#146185000
0)
1'
#146205000
1(
1&
#146215000
0(
0&
0'
#146225000
1)
#146235000
0)
1'
#146255000
1(
1&
#146265000
0(
0&
0'
#146275000
1)
#146285000
0)
1'
#146305000
1(
1&
#146315000
0(
0&
0'
#146325000
1)
#146335000
0)
1'
#146355000
1(
1&
#146365000
0(
0&
0'
#146375000
1)
#146385000
0)
1'
#146405000
1(
1&
#146415000
0(
0&
0'
#146425000
1)
#146435000
0)
1'
#146455000
1(
1&
#146465000
0(
0&
0'
#146475000
1)
#146485000
0)
1'
#146505000
1(
1&
#146515000
0(
0&
0'
#146525000
1)
#146535000
0)
1'
#146555000
1(
1&
#146565000
0(
0&
0'
#146575000
1)
#146585000
0)
0"
1'
#146595000
0!
#146605000
1*
#146815000
0*
#146820000
0'
#147095000
1!
#147105000
1&
1"
#147125000
1'
#147135000
0&
0'
#147155000
1)
#147165000
0)
1&
#147185000
1'
#147195000
0&
0'
#147215000
1)
#147225000
0)
1&
#147245000
1'
#147255000
0&
0'
#147275000
1)
#147285000
0)
1&
#147305000
1'
#147315000
0&
0'
#147335000
1)
#147345000
0)
1&
#147365000
1'
#147375000
0&
0'
#147395000
1)
#147405000
0)
1&
#147425000
1'
#147435000
0&
0'
#147455000
1)
#147465000
0)
1&
#147485000
1'
#147495000
0&
0'
#147515000
1)
#147525000
0)
1&
#147545000
1'
#147555000
0&
0'
#147575000
1)
#147585000
0)
1&
#147605000
1'
#147615000
0&
0'
#147635000
1)
#147645000
0)
1&
#147665000
1'
#147675000
0&
0'
#147695000
1)
#147705000
0)
1&
#147725000
1'
#147735000
0&
0'
#147755000
1)
#147765000
0)
1&
#147785000
1'
#147795000
0&
0'
#147815000
1)
#147825000
0)
1&
#147845000
1'
#147855000
0&
0'
#147875000
1)
#147885000
0)
1&
#147905000
1'
#147915000
0&
0'
#147935000
1)
#147945000
0)
1&
#147965000
1'
#147975000
0&
0'
#147995000
1)
#148005000
0)
1&
#148025000
1'
#148035000
0&
0'
#148055000
1)
#148065000
0)
1&
#148085000
1'
#148095000
0&
0'
#148115000
1)
#148125000
0)
1&
#148145000
1'
#148155000
0&
0'
#148175000
1)
#148185000
0)
1&
#148205000
1'
#148215000
0&
0'
#148235000
1)
#148245000
0)
1&
#148265000
1'
#148275000
0&
0'
#148295000
1)
#148305000
0)
1&
#148325000
1'
#148335000
0&
0'
#148355000
1)
#148365000
0)
1&
#148385000
1'
#148395000
0&
0'
#148415000
1)
#148425000
0)
1&
#148445000
1'
#148455000
0&
0'
#148475000
1)
#148485000
0)
1&
#148505000
1'
#148515000
0&
0'
#148535000
1)
#148545000
0)
1&
#148565000
1'
#148575000
0&
0'
#148595000
1)
#148605000
0)
1&
#148625000
1'
#148635000
0&
0'
#148655000
1)
#148665000
0)
1&
#148685000
1'
#148695000
0&
0'
#148715000
1)
#148725000
0)
1&
#148745000
1'
#148755000
0&
0'
#148775000
1)
#148785000
0)
1&
#148805000
1'
#148815000
0&
0'
#148835000
1)
#148845000
0)
1&
#148865000
1'
#148875000
0&
0'
#148895000
1)
#148905000
0)
1&
#148925000
1'
#148935000
0&
0'
#148955000
1)
#148965000
0)
1&
#148985000
1'
#148995000
0&
0'
#149015000
1)
#149025000
0)
1&
#149045000
1'
#149055000
0&
0'
#149075000
1)
#149085000
0)
1&
#149105000
1'
#149115000
0&
0'
#149135000
1)
#149145000
0)
1&
#149165000
1'
#149175000
0&
0'
#149195000
1)
#149205000
0)
1&
#149225000
1'
#149235000
0&
0'
#149255000
1)
#149265000
0)
1&
#149285000
1'
#149295000
0&
0'
#149315000
1)
#149325000
0)
1&
#149345000
1'
#149355000
0&
0'
#149375000
1)
#149385000
0)
1&
#149405000
1'
#149415000
0&
0'
#149435000
1)
#149445000
0)
1&
#149465000
1'
#149475000
0&
0'
#149495000
1)
#149505000
0)
1&
#149525000
1'
#149535000
0&
0'
#149555000
1)
#149565000
0)
1&
#149585000
1'
#149595000
0&
0'
#149615000
1)
#149625000
0)
1&
#149645000
1'
#149655000
0&
0'
#149675000
1)
#149685000
0)
1&
#149705000
1'
#149715000
0&
0'
#149735000
1)
#149745000
0)
1&
#149765000
1'
#149775000
0&
0'
#149795000
1)
#149805000
0)
1&
#149825000
1'
#149835000
0&
0'
#149855000
1)
#149865000
0)
1&
#149885000
1'
#149895000
0&
0'
#149915000
1)
#149925000
0)
1&
#149945000
1'
#149955000
0&
0'
#149975000
1)
#149985000
0)
1&
#150005000
1'
#150015000
0&
0'
#150035000
1)
#150045000
0)
1&
#150065000
1'
#150075000
0&
0'
#150095000
1)
#150105000
0)
1&
#150125000
1'
#150135000
0&
0'
#150155000
1)
#150165000
0)
1&
#150185000
1'
#150195000
0&
0'
#150215000
1)
#150225000
0)
1&
#150245000
1'
#150255000
0&
0'
#150275000
1)
#150285000
0)
1&
#150305000
1'
#150315000
0&
0'
#150335000
1)
#150345000
0)
1&
#150365000
1'
#150375000
0&
0'
#150395000
1)
#150405000
0)
1&
#150425000
1'
#150435000
0&
0'
#150455000
1)
#150465000
0)
1&
#150485000
1'
#150495000
0&
0'
#150515000
1)
#150525000
0)
1&
#150545000
1'
#150555000
0&
0'
#150575000
1)
#150585000
0)
1&
#150605000
1'
#150615000
0&
0'
#150635000
1)
#150645000
0)
1&
#150665000
1'
#150675000
0&
0'
#150695000
1)
#150705000
0)
1&
#150725000
1'
#150735000
0&
0'
#150755000
1)
#150765000
0)
1&
#150785000
1'
#150795000
0&
0'
#150815000
1)
#150825000
0)
1&
#150845000
1'
#150855000
0&
0'
#150875000
1)
#150885000
0)
1&
#150905000
1'
#150915000
0&
0'
#150935000
1)
#150945000
0)
1&
#150965000
1'
#150975000
0&
0'
#150995000
1)
#151005000
0)
1&
#151025000
1'
#151035000
0&
0'
#151055000
1)
#151065000
0)
1&
#151085000
1'
#151095000
0&
0'
#151115000
1)
#151125000
0)
1&
#151145000
1'
#151155000
0&
0'
#151175000
1)
#151185000
0)
1&
#151205000
1'
#151215000
0&
0'
#151235000
1)
#151245000
0)
1&
#151265000
1'
#151275000
0&
0'
#151295000
1)
#151305000
0)
0"
#151325000
1&
1"
#151345000
1'
#151355000
0&
0'
#151375000
1)
#151385000
0)
1&
#151405000
1'
#151415000
0&
0'
#151435000
1)
#151445000
0)
1&
#151465000
1'
#151475000
0&
0'
#151495000
1)
#151505000
0)
1&
#151525000
1'
#151535000
0&
0'
#151555000
1)
#151565000
0)
1&
#151585000
1'
#151595000
0&
0'
#151615000
1)
#151625000
0)
1&
#151645000
1'
#151655000
0&
0'
#151675000
1)
#151685000
0)
1&
#151705000
1'
#151715000
0&
0'
#151735000
1)
#151745000
0)
1&
#151765000
1'
#151775000
0&
0'
#151795000
1)
#151805000
0)
1&
#151825000
1'
#151835000
0&
0'
#151855000
1)
#151865000
0)
1&
#151885000
1'
#151895000
0&
0'
#151915000
1)
#151925000
0)
1&
#151945000
1'
#151955000
0&
0'
#151975000
1)
#151985000
0)
1&
#152005000
1'
#152015000
0&
0'
#152035000
1)
#152045000
0)
1&
#152065000
1'
#152075000
0&
0'
#152095000
1)
#152105000
0)
1&
#152125000
1'
#152135000
0&
0'
#152155000
1)
#152165000
0)
1&
#152185000
1'
#152195000
0&
0'
#152215000
1)
#152225000
0)
1&
#152245000
1'
#152255000
0&
0'
#152275000
1)
#152285000
0)
1&
#152305000
1'
#152315000
0&
0'
#152335000
1)
#152345000
0)
1&
#152365000
1'
#152375000
0&
0'
#152395000
1)
#152405000
0)
1&
#152425000
1'
#152435000
0&
0'
#152455000
1)
#152465000
0)
1&
#152485000
1'
#152495000
0&
0'
#152515000
1)
#152525000
0)
1&
#152545000
1'
#152555000
0&
0'
#152575000
1)
#152585000
0)
1&
#152605000
1'
#152615000
0&
0'
#152635000
1)
#152645000
0)
1&
#152665000
1'
#152675000
0&
0'
#152695000
1)
#152705000
0)
1&
#152725000
1'
#152735000
0&
0'
#152755000
1)
#152765000
0)
1&
#152785000
1'
#152795000
0&
0'
#152815000
1)
#152825000
0)
1&
#152845000
1'
#152855000
0&
0'
#152875000
1)
#152885000
0)
1&
#152905000
1'
#152915000
0&
0'
#152935000
1)
#152945000
0)
1&
#152965000
1'
#152975000
0&
0'
#152995000
1)
#153005000
0)
1&
#153025000
1'
#153035000
0&
0'
#153055000
1)
#153065000
0)
1&
#153085000
1'
#153095000
0&
0'
#153115000
1)
#153125000
0)
1&
#153145000
1'
#153155000
0&
0'
#153175000
1)
#153185000
0)
1&
#153205000
1'
#153215000
0&
0'
#153235000
1)
#153245000
0)
1&
#153265000
1'
#153275000
0&
0'
#153295000
1)
#153305000
0)
1&
#153325000
1'
#153335000
0&
0'
#153355000
1)
#153365000
0)
1&
#153385000
1'
#153395000
0&
0'
#153415000
1)
#153425000
0)
1&
#153445000
1'
#153455000
0&
0'
#153475000
1)
#153485000
0)
1&
#153505000
1'
#153515000
0&
0'
#153535000
1)
#153545000
0)
1&
#153565000
1'
#153575000
0&
0'
#153595000
1)
#153605000
0)
1&
#153625000
1'
#153635000
0&
0'
#153655000
1)
#153665000
0)
1&
#153685000
1'
#153695000
0&
0'
#153715000
1)
#153725000
0)
0"
#153745000
b0 ,
1#
#153845000
1$
#153855000
0$
#153935000
1$
#153945000
0$
#154025000
1$
#154035000
0$
#154115000
1$
#154125000
0$
#154205000
1$
#154215000
0$
#154235000
1%
#154245000
b100 ,
#154345000
1$
#154355000
0$
#154395000
0%
#154435000
1$
#154445000
0$
#154525000
1$
#154535000
0$
#154615000
1$
#154625000
0$
#154705000
1$
#154715000
0$
#154735000
1%
#154745000
b0 ,
b100 +
#154845000
1$
#154855000
0$
#154895000
0%
#154935000
1$
#154945000
0$
#155025000
1$
#155035000
0$
#155115000
1$
#155125000
0$
#155205000
1$
#155215000
0$
#155235000
1%
#155245000
b100 ,
#155345000
1$
#155355000
0$
#155395000
0%
#155435000
1$
#155445000
0$
#155525000
1$
#155535000
0$
#155615000
1$
#155625000
0$
#155705000
1$
#155715000
0$
#155735000
1%
#155745000
b0 ,
b1000 +
#155845000
1$
#155855000
0$
#155895000
0%
#155935000
1$
#155945000
0$
#156025000
1$
#156035000
0$
#156115000
1$
#156125000
0$
#156205000
1$
#156215000
0$
#156235000
1%
#156245000
b100 ,
#156345000
1$
#156355000
0$
#156395000
0%
#156435000
1$
#156445000
0$
#156525000
1$
#156535000
0$
#156615000
1$
#156625000
0$
#156705000
1$
#156715000
0$
#156735000
1%
#156745000
b0 ,
b1100 +
#156845000
1$
#156855000
0$
#156895000
0%
#156935000
1$
#156945000
0$
#157025000
1$
#157035000
0$
#157115000
1$
#157125000
0$
#157205000
1$
#157215000
0$
#157235000
1%
#157245000
b100 ,
#157345000
1$
#157355000
0$
#157395000
0%
#157435000
1$
#157445000
0$
#157525000
1$
#157535000
0$
#157615000
1$
#157625000
0$
#157705000
1$
#157715000
0$
#157735000
1%
#157755000
0#
#157895000
0%
#157915000
1"
#157935000
1(
1&
#157955000
1'
#157965000
0(
0&
0'
#157985000
1)
#157995000
0)
#158015000
1(
1&
#158035000
1'
#158045000
0(
0&
0'
#158065000
1)
#158075000
0)
#158095000
1(
1&
#158115000
1'
#158125000
0(
0&
0'
#158145000
1)
#158155000
0)
#158175000
1(
1&
#158195000
1'
#158205000
0(
0&
0'
#158225000
1)
#158235000
0)
#158255000
1(
1&
#158275000
1'
#158285000
0(
0&
0'
#158305000
1)
#158315000
0)
#158335000
1(
1&
#158355000
1'
#158365000
0(
0&
0'
#158385000
1)
#158395000
0)
#158415000
1(
1&
#158435000
1'
#158445000
0(
0&
0'
#158465000
1)
#158475000
0)
#158495000
1(
1&
#158515000
1'
#158525000
0(
0&
0'
#158545000
1)
#158555000
0)
#158575000
1(
1&
#158595000
1'
#158605000
0(
0&
0'
#158625000
1)
#158635000
0)
#158655000
1(
1&
#158675000
1'
#158685000
0(
0&
0'
#158705000
1)
#158715000
0)
#158735000
1(
1&
#158755000
1'
#158765000
0(
0&
0'
#158785000
1)
#158795000
0)
#158815000
1(
1&
#158835000
1'
#158845000
0(
0&
0'
#158865000
1)
#158875000
0)
#158895000
1(
1&
#158915000
1'
#158925000
0(
0&
0'
#158945000
1)
#158955000
0)
#158975000
1(
1&
#158995000
1'
#159005000
0(
0&
0'
#159025000
1)
#159035000
0)
#159055000
1(
1&
#159075000
1'
#159085000
0(
0&
0'
#159105000
1)
#159115000
0)
#159135000
1(
1&
#159155000
1'
#159165000
0(
0&
0'
#159185000
1)
#159195000
0)
#159215000
1(
1&
#159235000
1'
#159245000
0(
0&
0'
#159265000
1)
#159275000
0)
#159295000
1(
1&
#159315000
1'
#159325000
0(
0&
0'
#159345000
1)
#159355000
0)
#159375000
1(
1&
#159395000
1'
#159405000
0(
0&
0'
#159425000
1)
#159435000
0)
#159455000
1(
1&
#159475000
1'
#159485000
0(
0&
0'
#159505000
1)
#159515000
0)
#159535000
1(
1&
#159555000
1'
#159565000
0(
0&
0'
#159585000
1)
#159595000
0)
#159615000
1(
1&
#159635000
1'
#159645000
0(
0&
0'
#159665000
1)
#159675000
0)
#159695000
1(
1&
#159715000
1'
#159725000
0(
0&
0'
#159745000
1)
#159755000
0)
#159775000
1(
1&
#159795000
1'
#159805000
0(
0&
0'
#159825000
1)
#159835000
0)
#159855000
1(
1&
#159875000
1'
#159885000
0(
0&
0'
#159905000
1)
#159915000
0)
#159935000
1(
1&
#159955000
1'
#159965000
0(
0&
0'
#159985000
1)
#159995000
0)
#160015000
1(
1&
#160035000
1'
#160045000
0(
0&
0'
#160065000
1)
#160075000
0)
#160095000
1(
1&
#160115000
1'
#160125000
0(
0&
0'
#160145000
1)
#160155000
0)
#160175000
1(
1&
#160195000
1'
#160205000
0(
0&
0'
#160225000
1)
#160235000
0)
#160255000
1(
1&
#160275000
1'
#160285000
0(
0&
0'
#160305000
1)
#160315000
0)
#160335000
1(
1&
#160355000
1'
#160365000
0(
0&
0'
#160385000
1)
#160395000
0)
#160415000
1(
1&
#160435000
1'
#160445000
0(
0&
0'
#160465000
1)
#160475000
0)
#160495000
1(
1&
#160515000
1'
#160525000
0(
0&
0'
#160545000
1)
#160555000
0)
#160575000
1(
1&
#160595000
1'
#160605000
0(
0&
0'
#160625000
1)
#160635000
0)
#160655000
1(
1&
#160675000
1'
#160685000
0(
0&
0'
#160705000
1)
#160715000
0)
#160735000
1(
1&
#160755000
1'
#160765000
0(
0&
0'
#160785000
1)
#160795000
0)
#160815000
1(
1&
#160835000
1'
#160845000
0(
0&
0'
#160865000
1)
#160875000
0)
#160895000
1(
1&
#160915000
1'
#160925000
0(
0&
0'
#160945000
1)
#160955000
0)
#160975000
1(
1&
#160995000
1'
#161005000
0(
0&
0'
#161025000
1)
#161035000
0)
#161055000
1(
1&
#161075000
1'
#161085000
0(
0&
0'
#161105000
1)
#161115000
0)
#161135000
1(
1&
#161155000
1'
#161165000
0(
0&
0'
#161185000
1)
#161195000
0)
#161215000
1(
1&
#161235000
1'
#161245000
0(
0&
0'
#161265000
1)
#161275000
0)
#161295000
1(
1&
#161315000
1'
#161325000
0(
0&
0'
#161345000
1)
#161355000
0)
#161375000
1(
1&
#161395000
1'
#161405000
0(
0&
0'
#161425000
1)
#161435000
0)
#161455000
1(
1&
#161475000
1'
#161485000
0(
0&
0'
#161505000
1)
#161515000
0)
#161535000
1(
1&
#161555000
1'
#161565000
0(
0&
0'
#161585000
1)
#161595000
0)
#161615000
1(
1&
#161635000
1'
#161645000
0(
0&
0'
#161665000
1)
#161675000
0)
#161695000
1(
1&
#161715000
1'
#161725000
0(
0&
0'
#161745000
1)
#161755000
0)
#161775000
1(
1&
#161795000
1'
#161805000
0(
0&
0'
#161825000
1)
#161835000
0)
#161855000
1(
1&
#161875000
1'
#161885000
0(
0&
0'
#161905000
1)
#161915000
0)
#161935000
1(
1&
#161955000
1'
#161965000
0(
0&
0'
#161985000
1)
#161995000
0)
#162015000
1(
1&
#162035000
1'
#162045000
0(
0&
0'
#162065000
1)
#162075000
0)
#162095000
1(
1&
#162115000
1'
#162125000
0(
0&
0'
#162145000
1)
#162155000
0)
#162175000
1(
1&
#162195000
1'
#162205000
0(
0&
0'
#162225000
1)
#162235000
0)
#162255000
1(
1&
#162275000
1'
#162285000
0(
0&
0'
#162305000
1)
#162315000
0)
#162335000
1(
1&
#162355000
1'
#162365000
0(
0&
0'
#162385000
1)
#162395000
0)
#162415000
1(
1&
#162435000
1'
#162445000
0(
0&
0'
#162465000
1)
#162475000
0)
#162495000
1(
1&
#162515000
1'
#162525000
0(
0&
0'
#162545000
1)
#162555000
0)
#162575000
1(
1&
#162595000
1'
#162605000
0(
0&
0'
#162625000
1)
#162635000
0)
#162655000
1(
1&
#162675000
1'
#162685000
0(
0&
0'
#162705000
1)
#162715000
0)
#162735000
1(
1&
#162755000
1'
#162765000
0(
0&
0'
#162785000
1)
#162795000
0)
#162815000
1(
1&
#162835000
1'
#162845000
0(
0&
0'
#162865000
1)
#162875000
0)
#162895000
1(
1&
#162915000
1'
#162925000
0(
0&
0'
#162945000
1)
#162955000
0)
#162975000
1(
1&
#162995000
1'
#163005000
0(
0&
0'
#163025000
1)
#163035000
0)
#163055000
1(
1&
#163075000
1'
#163085000
0(
0&
0'
#163105000
1)
#163115000
0)
#163135000
1(
1&
#163155000
1'
#163165000
0(
0&
0'
#163185000
1)
#163195000
0)
#163215000
1(
1&
#163235000
1'
#163245000
0(
0&
0'
#163265000
1)
#163275000
0)
#163295000
1(
1&
#163315000
1'
#163325000
0(
0&
0'
#163345000
1)
#163355000
0)
#163375000
1(
1&
#163395000
1'
#163405000
0(
0&
0'
#163425000
1)
#163435000
0)
#163455000
1(
1&
#163475000
1'
#163485000
0(
0&
0'
#163505000
1)
#163515000
0)
#163535000
1(
1&
#163555000
1'
#163565000
0(
0&
0'
#163585000
1)
#163595000
0)
#163615000
1(
1&
#163635000
1'
#163645000
0(
0&
0'
#163665000
1)
#163675000
0)
#163695000
1(
1&
#163715000
1'
#163725000
0(
0&
0'
#163745000
1)
#163755000
0)
#163775000
1(
1&
#163795000
1'
#163805000
0(
0&
0'
#163825000
1)
#163835000
0)
#163855000
1(
1&
#163875000
1'
#163885000
0(
0&
0'
#163905000
1)
#163915000
0)
#163935000
1(
1&
#163955000
1'
#163965000
0(
0&
0'
#163985000
1)
#163995000
0)
#164015000
1(
1&
#164035000
1'
#164045000
0(
0&
0'
#164065000
1)
#164075000
0)
#164095000
1(
1&
#164115000
1'
#164125000
0(
0&
0'
#164145000
1)
#164155000
0)
#164175000
1(
1&
#164195000
1'
#164205000
0(
0&
0'
#164225000
1)
#164235000
0)
#164255000
1(
1&
#164275000
1'
#164285000
0(
0&
0'
#164305000
1)
#164315000
0)
#164335000
1(
1&
#164355000
1'
#164365000
0(
0&
0'
#164385000
1)
#164395000
0)
#164415000
1(
1&
#164435000
1'
#164445000
0(
0&
0'
#164465000
1)
#164475000
0)
#164495000
1(
1&
#164515000
1'
#164525000
0(
0&
0'
#164545000
1)
#164555000
0)
#164575000
1(
1&
#164595000
1'
#164605000
0(
0&
0'
#164625000
1)
#164635000
0)
#164655000
1(
1&
#164675000
1'
#164685000
0(
0&
0'
#164705000
1)
#164715000
0)
#164735000
1(
1&
#164755000
1'
#164765000
0(
0&
0'
#164785000
1)
#164795000
0)
#164815000
1(
1&
#164835000
1'
#164845000
0(
0&
0'
#164865000
1)
#164875000
0)
#164895000
1(
1&
#164915000
1'
#164925000
0(
0&
0'
#164945000
1)
#164955000
0)
#164975000
1(
1&
#164995000
1'
#165005000
0(
0&
0'
#165025000
1)
#165035000
0)
#165055000
1(
1&
#165075000
1'
#165085000
0(
0&
0'
#165105000
1)
#165115000
0)
#165135000
1(
1&
#165155000
1'
#165165000
0(
0&
0'
#165185000
1)
#165195000
0)
#165215000
1(
1&
#165235000
1'
#165245000
0(
0&
0'
#165265000
1)
#165275000
0)
#165295000
1(
1&
#165315000
1'
#165325000
0(
0&
0'
#165345000
1)
#165355000
0)
#165375000
1(
1&
#165395000
1'
#165405000
0(
0&
0'
#165425000
1)
#165435000
0)
#165455000
1(
1&
#165475000
1'
#165485000
0(
0&
0'
#165505000
1)
#165515000
0)
#165535000
1(
1&
#165555000
1'
#165565000
0(
0&
0'
#165585000
1)
#165595000
0)
#165615000
1(
1&
#165635000
1'
#165645000
0(
0&
0'
#165665000
1)
#165675000
0)
#165695000
1(
1&
#165715000
1'
#165725000
0(
0&
0'
#165745000
1)
#165755000
0)
#165775000
1(
1&
#165795000
1'
#165805000
0(
0&
0'
#165825000
1)
#165835000
0)
#165855000
1(
1&
#165875000
1'
#165885000
0(
0&
0'
#165905000
1)
#165915000
0)
#165935000
1(
1&
#165955000
1'
#165965000
0(
0&
0'
#165985000
1)
#165995000
0)
#166015000
1(
1&
#166035000
1'
#166045000
0(
0&
0'
#166065000
1)
#166075000
0)
#166095000
1(
1&
#166115000
1'
#166125000
0(
0&
0'
#166145000
1)
#166155000
0)
#166175000
1(
1&
#166195000
1'
#166205000
0(
0&
0'
#166225000
1)
#166235000
0)
#166255000
1(
1&
#166275000
1'
#166285000
0(
0&
0'
#166305000
1)
#166315000
0)
#166335000
1(
1&
#166355000
1'
#166365000
0(
0&
0'
#166385000
1)
#166395000
0)
#166415000
1(
1&
#166435000
1'
#166445000
0(
0&
0'
#166465000
1)
#166475000
0)
#166495000
1(
1&
#166515000
1'
#166525000
0(
0&
0'
#166545000
1)
#166555000
0)
#166575000
1(
1&
#166595000
1'
#166605000
0(
0&
0'
#166625000
1)
#166635000
0)
#166655000
1(
1&
#166675000
1'
#166685000
0(
0&
0'
#166705000
1)
#166715000
0)
#166735000
1(
1&
#166755000
1'
#166765000
0(
0&
0'
#166785000
1)
#166795000
0)
#166815000
1(
1&
#166835000
1'
#166845000
0(
0&
0'
#166865000
1)
#166875000
0)
0"
#166885000
0!
#166895000
1*
#167105000
0*
#167110000
1'
#167385000
1!
#167395000
1&
1"
#167405000
0&
0'
#167435000
1)
#167445000
0)
1&
1'
#167455000
0&
0'
#167485000
1)
#167495000
0)
1&
1'
#167505000
0&
0'
#167535000
1)
#167545000
0)
1&
1'
#167555000
0&
0'
#167585000
1)
#167595000
0)
1&
1'
#167605000
0&
0'
#167635000
1)
#167645000
0)
1&
1'
#167655000
0&
0'
#167685000
1)
#167695000
0)
1&
1'
#167705000
0&
0'
#167735000
1)
#167745000
0)
1&
1'
#167755000
0&
0'
#167785000
1)
#167795000
0)
1&
1'
#167805000
0&
0'
#167835000
1)
#167845000
0)
1&
1'
#167855000
0&
0'
#167885000
1)
#167895000
0)
1&
1'
#167905000
0&
0'
#167935000
1)
#167945000
0)
1&
1'
#167955000
0&
0'
#167985000
1)
#167995000
0)
1&
1'
#168005000
0&
0'
#168035000
1)
#168045000
0)
1&
1'
#168055000
0&
0'
#168085000
1)
#168095000
0)
1&
1'
#168105000
0&
0'
#168135000
1)
#168145000
0)
1&
1'
#168155000
0&
0'
#168185000
1)
#168195000
0)
1&
1'
#168205000
0&
0'
#168235000
1)
#168245000
0)
1&
1'
#168255000
0&
0'
#168285000
1)
#168295000
0)
1&
1'
#168305000
0&
0'
#168335000
1)
#168345000
0)
1&
1'
#168355000
0&
0'
#168385000
1)
#168395000
0)
1&
1'
#168405000
0&
0'
#168435000
1)
#168445000
0)
1&
1'
#168455000
0&
0'
#168485000
1)
#168495000
0)
1&
1'
#168505000
0&
0'
#168535000
1)
#168545000
0)
1&
1'
#168555000
0&
0'
#168585000
1)
#168595000
0)
1&
1'
#168605000
0&
0'
#168635000
1)
#168645000
0)
1&
1'
#168655000
0&
0'
#168685000
1)
#168695000
0)
1&
1'
#168705000
0&
0'
#168735000
1)
#168745000
0)
1&
1'
#168755000
0&
0'
#168785000
1)
#168795000
0)
1&
1'
#168805000
0&
0'
#168835000
1)
#168845000
0)
1&
1'
#168855000
0&
0'
#168885000
1)
#168895000
0)
1&
1'
#168905000
0&
0'
#168935000
1)
#168945000
0)
1&
1'
#168955000
0&
0'
#168985000
1)
#168995000
0)
1&
1'
#169005000
0&
0'
#169035000
1)
#169045000
0)
1&
1'
#169055000
0&
0'
#169085000
1)
#169095000
0)
1&
1'
#169105000
0&
0'
#169135000
1)
#169145000
0)
1&
1'
#169155000
0&
0'
#169185000
1)
#169195000
0)
1&
1'
#169205000
0&
0'
#169235000
1)
#169245000
0)
1&
1'
#169255000
0&
0'
#169285000
1)
#169295000
0)
1&
1'
#169305000
0&
0'
#169335000
1)
#169345000
0)
1&
1'
#169355000
0&
0'
#169385000
1)
#169395000
0)
1&
1'
#169405000
0&
0'
#169435000
1)
#169445000
0)
1&
1'
#169455000
0&
0'
#169485000
1)
#169495000
0)
1&
1'
#169505000
0&
0'
#169535000
1)
#169545000
0)
1&
1'
#169555000
0&
0'
#169585000
1)
#169595000
0)
1&
1'
#169605000
0&
0'
#169635000
1)
#169645000
0)
1&
1'
#169655000
0&
0'
#169685000
1)
#169695000
0)
1&
1'
#169705000
0&
0'
#169735000
1)
#169745000
0)
1&
1'
#169755000
0&
0'
#169785000
1)
#169795000
0)
1&
1'
#169805000
0&
0'
#169835000
1)
#169845000
0)
1&
1'
#169855000
0&
0'
#169885000
1)
#169895000
0)
1&
1'
#169905000
0&
0'
#169935000
1)
#169945000
0)
1&
1'
#169955000
0&
0'
#169985000
1)
#169995000
0)
1&
1'
#170005000
0&
0'
#170035000
1)
#170045000
0)
1&
1'
#170055000
0&
0'
#170085000
1)
#170095000
0)
1&
1'
#170105000
0&
0'
#170135000
1)
#170145000
0)
1&
1'
#170155000
0&
0'
#170185000
1)
#170195000
0)
1&
1'
#170205000
0&
0'
#170235000
1)
#170245000
0)
1&
1'
#170255000
0&
0'
#170285000
1)
#170295000
0)
1&
1'
#170305000
0&
0'
#170335000
1)
#170345000
0)
1&
1'
#170355000
0&
0'
#170385000
1)
#170395000
0)
1&
1'
#170405000
0&
0'
#170435000
1)
#170445000
0)
1&
1'
#170455000
0&
0'
#170485000
1)
#170495000
0)
1&
1'
#170505000
0&
0'
#170535000
1)
#170545000
0)
1&
1'
#170555000
0&
0'
#170585000
1)
#170595000
0)
1&
1'
#170605000
0&
0'
#170635000
1)
#170645000
0)
1&
1'
#170655000
0&
0'
#170685000
1)
#170695000
0)
1&
1'
#170705000
0&
0'
#170735000
1)
#170745000
0)
1&
1'
#170755000
0&
0'
#170785000
1)
#170795000
0)
1&
1'
#170805000
0&
0'
#170835000
1)
#170845000
0)
1&
1'
#170855000
0&
0'
#170885000
1)
#170895000
0)
1&
1'
#170905000
0&
0'
#170935000
1)
#170945000
0)
1&
1'
#170955000
0&
0'
#170985000
1)
#170995000
0)
1&
1'
#171005000
0&
0'
#171035000
1)
#171045000
0)
1&
1'
#171055000
0&
0'
#171085000
1)
#171095000
0)
1&
1'
#171105000
0&
0'
#171135000
1)
#171145000
0)
1&
1'
#171155000
0&
0'
#171185000
1)
#171195000
0)
1&
1'
#171205000
0&
0'
#171235000
1)
#171245000
0)
1&
1'
#171255000
0&
0'
#171285000
1)
#171295000
0)
1&
1'
#171305000
0&
0'
#171335000
1)
#171345000
0)
1&
1'
#171355000
0&
0'
#171385000
1)
#171395000
0)
0"
1'
#171415000
1&
1"
#171425000
0&
0'
#171455000
1)
#171465000
0)
1&
1'
#171475000
0&
0'
#171505000
1)
#171515000
0)
1&
1'
#171525000
0&
0'
#171555000
1)
#171565000
0)
1&
1'
#171575000
0&
0'
#171605000
1)
#171615000
0)
1&
1'
#171625000
0&
0'
#171655000
1)
#171665000
0)
1&
1'
#171675000
0&
0'
#171705000
1)
#171715000
0)
1&
1'
#171725000
0&
0'
#171755000
1)
#171765000
0)
1&
1'
#171775000
0&
0'
#171805000
1)
#171815000
0)
1&
1'
#171825000
0&
0'
#171855000
1)
#171865000
0)
1&
1'
#171875000
0&
0'
#171905000
1)
#171915000
0)
1&
1'
#171925000
0&
0'
#171955000
1)
#171965000
0)
1&
1'
#171975000
0&
0'
#172005000
1)
#172015000
0)
1&
1'
#172025000
0&
0'
#172055000
1)
#172065000
0)
1&
1'
#172075000
0&
0'
#172105000
1)
#172115000
0)
1&
1'
#172125000
0&
0'
#172155000
1)
#172165000
0)
1&
1'
#172175000
0&
0'
#172205000
1)
#172215000
0)
1&
1'
#172225000
0&
0'
#172255000
1)
#172265000
0)
1&
1'
#172275000
0&
0'
#172305000
1)
#172315000
0)
1&
1'
#172325000
0&
0'
#172355000
1)
#172365000
0)
1&
1'
#172375000
0&
0'
#172405000
1)
#172415000
0)
1&
1'
#172425000
0&
0'
#172455000
1)
#172465000
0)
1&
1'
#172475000
0&
0'
#172505000
1)
#172515000
0)
1&
1'
#172525000
0&
0'
#172555000
1)
#172565000
0)
1&
1'
#172575000
0&
0'
#172605000
1)
#172615000
0)
1&
1'
#172625000
0&
0'
#172655000
1)
#172665000
0)
1&
1'
#172675000
0&
0'
#172705000
1)
#172715000
0)
1&
1'
#172725000
0&
0'
#172755000
1)
#172765000
0)
1&
1'
#172775000
0&
0'
#172805000
1)
#172815000
0)
1&
1'
#172825000
0&
0'
#172855000
1)
#172865000
0)
1&
1'
#172875000
0&
0'
#172905000
1)
#172915000
0)
1&
1'
#172925000
0&
0'
#172955000
1)
#172965000
0)
1&
1'
#172975000
0&
0'
#173005000
1)
#173015000
0)
1&
1'
#173025000
0&
0'
#173055000
1)
#173065000
0)
1&
1'
#173075000
0&
0'
#173105000
1)
#173115000
0)
1&
1'
#173125000
0&
0'
#173155000
1)
#173165000
0)
1&
1'
#173175000
0&
0'
#173205000
1)
#173215000
0)
1&
1'
#173225000
0&
0'
#173255000
1)
#173265000
0)
1&
1'
#173275000
0&
0'
#173305000
1)
#173315000
0)
1&
1'
#173325000
0&
0'
#173355000
1)
#173365000
0)
1&
1'
#173375000
0&
0'
#173405000
1)
#173415000
0)
1&
1'
#173425000
0&
0'
#173455000
1)
#173465000
0)
1&
1'
#173475000
0&
0'
#173505000
1)
#173515000
0)
1&
1'
#173525000
0&
0'
#173555000
1)
#173565000
0)
1&
1'
#173575000
0&
0'
#173605000
1)
#173615000
0)
1&
1'
#173625000
0&
0'
#173655000
1)
#173665000
0)
1&
1'
#173675000
0&
0'
#173705000
1)
#173715000
0)
1&
1'
#173725000
0&
0'
#173755000
1)
#173765000
0)
1&
1'
#173775000
0&
0'
#173805000
1)
#173815000
0)
1&
1'
#173825000
0&
0'
#173855000
1)
#173865000
0)
1&
1'
#173875000
0&
0'
#173905000
1)
#173915000
0)
1&
1'
#173925000
0&
0'
#173955000
1)
#173965000
0)
1&
1'
#173975000
0&
0'
#174005000
1)
#174015000
0)
1&
1'
#174025000
0&
0'
#174055000
1)
#174065000
0)
1&
1'
#174075000
0&
0'
#174105000
1)
#174115000
0)
1&
1'
#174125000
0&
0'
#174155000
1)
#174165000
0)
1&
1'
#174175000
0&
0'
#174205000
1)
#174215000
0)
1&
1'
#174225000
0&
0'
#174255000
1)
#174265000
0)
1&
1'
#174275000
0&
0'
#174305000
1)
#174315000
0)
1&
1'
#174325000
0&
0'
#174355000
1)
#174365000
0)
1&
1'
#174375000
0&
0'
#174405000
1)
#174415000
0)
1&
1'
#174425000
0&
0'
#174455000
1)
#174465000
0)
1&
1'
#174475000
0&
0'
#174505000
1)
#174515000
0)
1&
1'
#174525000
0&
0'
#174555000
1)
#174565000
0)
1&
1'
#174575000
0&
0'
#174605000
1)
#174615000
0)
1&
1'
#174625000
0&
0'
#174655000
1)
#174665000
0)
1&
1'
#174675000
0&
0'
#174705000
1)
#174715000
0)
1&
1'
#174725000
0&
0'
#174755000
1)
#174765000
0)
1&
1'
#174775000
0&
0'
#174805000
1)
#174815000
0)
1&
1'
#174825000
0&
0'
#174855000
1)
#174865000
0)
1&
1'
#174875000
0&
0'
#174905000
1)
#174915000
0)
1&
1'
#174925000
0&
0'
#174955000
1)
#174965000
0)
1&
1'
#174975000
0&
0'
#175005000
1)
#175015000
0)
1&
1'
#175025000
0&
0'
#175055000
1)
#175065000
0)
1&
1'
#175075000
0&
0'
#175105000
1)
#175115000
0)
1&
1'
#175125000
0&
0'
#175155000
1)
#175165000
0)
1&
1'
#175175000
0&
0'
#175205000
1)
#175215000
0)
1&
1'
#175225000
0&
0'
#175255000
1)
#175265000
0)
1&
1'
#175275000
0&
0'
#175305000
1)
#175315000
0)
1&
1'
#175325000
0&
0'
#175355000
1)
#175365000
0)
1&
1'
#175375000
0&
0'
#175405000
1)
#175415000
0)
1&
1'
#175425000
0&
0'
#175455000
1)
#175465000
0)
1&
1'
#175475000
0&
0'
#175505000
1)
#175515000
0)
1&
1'
#175525000
0&
0'
#175555000
1)
#175565000
0)
1&
1'
#175575000
0&
0'
#175605000
1)
#175615000
0)
1&
1'
#175625000
0&
0'
#175655000
1)
#175665000
0)
1&
1'
#175675000
0&
0'
#175705000
1)
#175715000
0)
1&
1'
#175725000
0&
0'
#175755000
1)
#175765000
0)
1&
1'
#175775000
0&
0'
#175805000
1)
#175815000
0)
1&
1'
#175825000
0&
0'
#175855000
1)
#175865000
0)
1&
1'
#175875000
0&
0'
#175905000
1)
#175915000
0)
0"
1'
#175935000
b0 ,
b0 +
1#
#176035000
1$
#176045000
0$
#176125000
1$
#176135000
0$
#176215000
1$
#176225000
0$
#176305000
1$
#176315000
0$
#176395000
1$
#176405000
0$
#176485000
1$
#176495000
0$
#176575000
1$
#176585000
0$
#176665000
1$
#176675000
0$
#176755000
1$
#176765000
0$
#176845000
1$
#176855000
0$
#176875000
1%
#176885000
b100 ,
#176985000
1$
#176995000
0$
#177035000
0%
#177075000
1$
#177085000
0$
#177165000
1$
#177175000
0$
#177255000
1$
#177265000
0$
#177345000
1$
#177355000
0$
#177435000
1$
#177445000
0$
#177525000
1$
#177535000
0$
#177615000
1$
#177625000
0$
#177705000
1$
#177715000
0$
#177795000
1$
#177805000
0$
#177825000
1%
#177835000
b1000 ,
#177935000
1$
#177945000
0$
#177985000
0%
#178025000
1$
#178035000
0$
#178115000
1$
#178125000
0$
#178205000
1$
#178215000
0$
#178295000
1$
#178305000
0$
#178385000
1$
#178395000
0$
#178475000
1$
#178485000
0$
#178565000
1$
#178575000
0$
#178655000
1$
#178665000
0$
#178745000
1$
#178755000
0$
#178775000
1%
#178785000
b0 ,
b100 +
#178885000
1$
#178895000
0$
#178935000
0%
#178975000
1$
#178985000
0$
#179065000
1$
#179075000
0$
#179155000
1$
#179165000
0$
#179245000
1$
#179255000
0$
#179335000
1$
#179345000
0$
#179425000
1$
#179435000
0$
#179515000
1$
#179525000
0$
#179605000
1$
#179615000
0$
#179695000
1$
#179705000
0$
#179725000
1%
#179735000
b100 ,
#179835000
1$
#179845000
0$
#179885000
0%
#179925000
1$
#179935000
0$
#180015000
1$
#180025000
0$
#180105000
1$
#180115000
0$
#180195000
1$
#180205000
0$
#180285000
1$
#180295000
0$
#180375000
1$
#180385000
0$
#180465000
1$
#180475000
0$
#180555000
1$
#180565000
0$
#180645000
1$
#180655000
0$
#180675000
1%
#180685000
b1000 ,
#180785000
1$
#180795000
0$
#180835000
0%
#180875000
1$
#180885000
0$
#180965000
1$
#180975000
0$
#181055000
1$
#181065000
0$
#181145000
1$
#181155000
0$
#181235000
1$
#181245000
0$
#181325000
1$
#181335000
0$
#181415000
1$
#181425000
0$
#181505000
1$
#181515000
0$
#181595000
1$
#181605000
0$
#181625000
1%
#181645000
0#
#181785000
0%
#181805000
1"
#181825000
1(
1&
#181835000
0(
0&
0'
#181865000
1)
#181875000
0)
1'
#181895000
1(
1&
#181905000
0(
0&
0'
#181935000
1)
#181945000
0)
1'
#181965000
1(
1&
#181975000
0(
0&
0'
#182005000
1)
#182015000
0)
1'
#182035000
1(
1&
#182045000
0(
0&
0'
#182075000
1)
#182085000
0)
1'
#182105000
1(
1&
#182115000
0(
0&
0'
#182145000
1)
#182155000
0)
1'
#182175000
1(
1&
#182185000
0(
0&
0'
#182215000
1)
#182225000
0)
1'
#182245000
1(
1&
#182255000
0(
0&
0'
#182285000
1)
#182295000
0)
1'
#182315000
1(
1&
#182325000
0(
0&
0'
#182355000
1)
#182365000
0)
1'
#182385000
1(
1&
#182395000
0(
0&
0'
#182425000
1)
#182435000
0)
1'
#182455000
1(
1&
#182465000
0(
0&
0'
#182495000
1)
#182505000
0)
1'
#182525000
1(
1&
#182535000
0(
0&
0'
#182565000
1)
#182575000
0)
1'
#182595000
1(
1&
#182605000
0(
0&
0'
#182635000
1)
#182645000
0)
1'
#182665000
1(
1&
#182675000
0(
0&
0'
#182705000
1)
#182715000
0)
1'
#182735000
1(
1&
#182745000
0(
0&
0'
#182775000
1)
#182785000
0)
1'
#182805000
1(
1&
#182815000
0(
0&
0'
#182845000
1)
#182855000
0)
1'
#182875000
1(
1&
#182885000
0(
0&
0'
#182915000
1)
#182925000
0)
1'
#182945000
1(
1&
#182955000
0(
0&
0'
#182985000
1)
#182995000
0)
1'
#183015000
1(
1&
#183025000
0(
0&
0'
#183055000
1)
#183065000
0)
1'
#183085000
1(
1&
#183095000
0(
0&
0'
#183125000
1)
#183135000
0)
1'
#183155000
1(
1&
#183165000
0(
0&
0'
#183195000
1)
#183205000
0)
1'
#183225000
1(
1&
#183235000
0(
0&
0'
#183265000
1)
#183275000
0)
1'
#183295000
1(
1&
#183305000
0(
0&
0'
#183335000
1)
#183345000
0)
1'
#183365000
1(
1&
#183375000
0(
0&
0'
#183405000
1)
#183415000
0)
1'
#183435000
1(
1&
#183445000
0(
0&
0'
#183475000
1)
#183485000
0)
1'
#183505000
1(
1&
#183515000
0(
0&
0'
#183545000
1)
#183555000
0)
1'
#183575000
1(
1&
#183585000
0(
0&
0'
#183615000
1)
#183625000
0)
1'
#183645000
1(
1&
#183655000
0(
0&
0'
#183685000
1)
#183695000
0)
1'
#183715000
1(
1&
#183725000
0(
0&
0'
#183755000
1)
#183765000
0)
1'
#183785000
1(
1&
#183795000
0(
0&
0'
#183825000
1)
#183835000
0)
1'
#183855000
1(
1&
#183865000
0(
0&
0'
#183895000
1)
#183905000
0)
1'
#183925000
1(
1&
#183935000
0(
0&
0'
#183965000
1)
#183975000
0)
1'
#183995000
1(
1&
#184005000
0(
0&
0'
#184035000
1)
#184045000
0)
1'
#184065000
1(
1&
#184075000
0(
0&
0'
#184105000
1)
#184115000
0)
1'
#184135000
1(
1&
#184145000
0(
0&
0'
#184175000
1)
#184185000
0)
1'
#184205000
1(
1&
#184215000
0(
0&
0'
#184245000
1)
#184255000
0)
1'
#184275000
1(
1&
#184285000
0(
0&
0'
#184315000
1)
#184325000
0)
1'
#184345000
1(
1&
#184355000
0(
0&
0'
#184385000
1)
#184395000
0)
1'
#184415000
1(
1&
#184425000
0(
0&
0'
#184455000
1)
#184465000
0)
1'
#184485000
1(
1&
#184495000
0(
0&
0'
#184525000
1)
#184535000
0)
1'
#184555000
1(
1&
#184565000
0(
0&
0'
#184595000
1)
#184605000
0)
1'
#184625000
1(
1&
#184635000
0(
0&
0'
#184665000
1)
#184675000
0)
1'
#184695000
1(
1&
#184705000
0(
0&
0'
#184735000
1)
#184745000
0)
1'
#184765000
1(
1&
#184775000
0(
0&
0'
#184805000
1)
#184815000
0)
1'
#184835000
1(
1&
#184845000
0(
0&
0'
#184875000
1)
#184885000
0)
1'
#184905000
1(
1&
#184915000
0(
0&
0'
#184945000
1)
#184955000
0)
1'
#184975000
1(
1&
#184985000
0(
0&
0'
#185015000
1)
#185025000
0)
1'
#185045000
1(
1&
#185055000
0(
0&
0'
#185085000
1)
#185095000
0)
1'
#185115000
1(
1&
#185125000
0(
0&
0'
#185155000
1)
#185165000
0)
1'
#185185000
1(
1&
#185195000
0(
0&
0'
#185225000
1)
#185235000
0)
1'
#185255000
1(
1&
#185265000
0(
0&
0'
#185295000
1)
#185305000
0)
1'
#185325000
1(
1&
#185335000
0(
0&
0'
#185365000
1)
#185375000
0)
1'
#185395000
1(
1&
#185405000
0(
0&
0'
#185435000
1)
#185445000
0)
1'
#185465000
1(
1&
#185475000
0(
0&
0'
#185505000
1)
#185515000
0)
1'
#185535000
1(
1&
#185545000
0(
0&
0'
#185575000
1)
#185585000
0)
1'
#185605000
1(
1&
#185615000
0(
0&
0'
#185645000
1)
#185655000
0)
1'
#185675000
1(
1&
#185685000
0(
0&
0'
#185715000
1)
#185725000
0)
1'
#185745000
1(
1&
#185755000
0(
0&
0'
#185785000
1)
#185795000
0)
1'
#185815000
1(
1&
#185825000
0(
0&
0'
#185855000
1)
#185865000
0)
1'
#185885000
1(
1&
#185895000
0(
0&
0'
#185925000
1)
#185935000
0)
1'
#185955000
1(
1&
#185965000
0(
0&
0'
#185995000
1)
#186005000
0)
1'
#186025000
1(
1&
#186035000
0(
0&
0'
#186065000
1)
#186075000
0)
1'
#186095000
1(
1&
#186105000
0(
0&
0'
#186135000
1)
#186145000
0)
1'
#186165000
1(
1&
#186175000
0(
0&
0'
#186205000
1)
#186215000
0)
1'
#186235000
1(
1&
#186245000
0(
0&
0'
#186275000
1)
#186285000
0)
1'
#186305000
1(
1&
#186315000
0(
0&
0'
#186345000
1)
#186355000
0)
1'
#186375000
1(
1&
#186385000
0(
0&
0'
#186415000
1)
#186425000
0)
1'
#186445000
1(
1&
#186455000
0(
0&
0'
#186485000
1)
#186495000
0)
1'
#186515000
1(
1&
#186525000
0(
0&
0'
#186555000
1)
#186565000
0)
1'
#186585000
1(
1&
#186595000
0(
0&
0'
#186625000
1)
#186635000
0)
1'
#186655000
1(
1&
#186665000
0(
0&
0'
#186695000
1)
#186705000
0)
1'
#186725000
1(
1&
#186735000
0(
0&
0'
#186765000
1)
#186775000
0)
1'
#186795000
1(
1&
#186805000
0(
0&
0'
#186835000
1)
#186845000
0)
0"
1'
#186855000
0!
#186865000
1*
#187075000
0*
#187355000
1!
#187365000
1&
1"
#187375000
0&
0'
#187415000
1)
#187425000
0)
1&
1'
#187435000
0&
0'
#187475000
1)
#187485000
0)
1&
1'
#187495000
0&
0'
#187535000
1)
#187545000
0)
1&
1'
#187555000
0&
0'
#187595000
1)
#187605000
0)
1&
1'
#187615000
0&
0'
#187655000
1)
#187665000
0)
1&
1'
#187675000
0&
0'
#187715000
1)
#187725000
0)
1&
1'
#187735000
0&
0'
#187775000
1)
#187785000
0)
1&
1'
#187795000
0&
0'
#187835000
1)
#187845000
0)
1&
1'
#187855000
0&
0'
#187895000
1)
#187905000
0)
1&
1'
#187915000
0&
0'
#187955000
1)
#187965000
0)
1&
1'
#187975000
0&
0'
#188015000
1)
#188025000
0)
1&
1'
#188035000
0&
0'
#188075000
1)
#188085000
0)
1&
1'
#188095000
0&
0'
#188135000
1)
#188145000
0)
1&
1'
#188155000
0&
0'
#188195000
1)
#188205000
0)
1&
1'
#188215000
0&
0'
#188255000
1)
#188265000
0)
1&
1'
#188275000
0&
0'
#188315000
1)
#188325000
0)
1&
1'
#188335000
0&
0'
#188375000
1)
#188385000
0)
1&
1'
#188395000
0&
0'
#188435000
1)
#188445000
0)
1&
1'
#188455000
0&
0'
#188495000
1)
#188505000
0)
1&
1'
#188515000
0&
0'
#188555000
1)
#188565000
0)
1&
1'
#188575000
0&
0'
#188615000
1)
#188625000
0)
1&
1'
#188635000
0&
0'
#188675000
1)
#188685000
0)
1&
1'
#188695000
0&
0'
#188735000
1)
#188745000
0)
1&
1'
#188755000
0&
0'
#188795000
1)
#188805000
0)
1&
1'
#188815000
0&
0'
#188855000
1)
#188865000
0)
1&
1'
#188875000
0&
0'
#188915000
1)
#188925000
0)
1&
1'
#188935000
0&
0'
#188975000
1)
#188985000
0)
1&
1'
#188995000
0&
0'
#189035000
1)
#189045000
0)
0"
1'
#189065000
1&
1"
#189075000
0&
0'
#189115000
1)
#189125000
0)
1&
1'
#189135000
0&
0'
#189175000
1)
#189185000
0)
1&
1'
#189195000
0&
0'
#189235000
1)
#189245000
0)
1&
1'
#189255000
0&
0'
#189295000
1)
#189305000
0)
1&
1'
#189315000
0&
0'
#189355000
1)
#189365000
0)
1&
1'
#189375000
0&
0'
#189415000
1)
#189425000
0)
1&
1'
#189435000
0&
0'
#189475000
1)
#189485000
0)
1&
1'
#189495000
0&
0'
#189535000
1)
#189545000
0)
1&
1'
#189555000
0&
0'
#189595000
1)
#189605000
0)
1&
1'
#189615000
0&
0'
#189655000
1)
#189665000
0)
1&
1'
#189675000
0&
0'
#189715000
1)
#189725000
0)
1&
1'
#189735000
0&
0'
#189775000
1)
#189785000
0)
1&
1'
#189795000
0&
0'
#189835000
1)
#189845000
0)
1&
1'
#189855000
0&
0'
#189895000
1)
#189905000
0)
1&
1'
#189915000
0&
0'
#189955000
1)
#189965000
0)
1&
1'
#189975000
0&
0'
#190015000
1)
#190025000
0)
0"
1'
#190045000
b0 ,
b0 +
1#
#190145000
1$
#190155000
0$
#190235000
1$
#190245000
0$
#190265000
1%
#190275000
b100 ,
#190375000
1$
#190385000
0$
#190425000
0%
#190465000
1$
#190475000
0$
#190495000
1%
#190505000
b0 ,
b100 +
#190605000
1$
#190615000
0$
#190655000
0%
#190695000
1$
#190705000
0$
#190725000
1%
#190735000
b100 ,
#190835000
1$
#190845000
0$
#190885000
0%
#190925000
1$
#190935000
0$
#190955000
1%
#190965000
b0 ,
b1000 +
#191065000
1$
#191075000
0$
#191115000
0%
#191155000
1$
#191165000
0$
#191185000
1%
#191195000
b100 ,
#191295000
1$
#191305000
0$
#191345000
0%
#191385000
1$
#191395000
0$
#191415000
1%
#191425000
b0 ,
b1100 +
#191525000
1$
#191535000
0$
#191575000
0%
#191615000
1$
#191625000
0$
#191645000
1%
#191655000
b100 ,
#191755000
1$
#191765000
0$
#191805000
0%
#191845000
1$
#191855000
0$
#191875000
1%
#191895000
0#
#192035000
0%
#192055000
1"
#192075000
1(
1&
#192085000
0(
0&
0'
#192125000
1)
#192135000
0)
1'
#192155000
1(
1&
#192165000
0(
0&
0'
#192205000
1)
#192215000
0)
1'
#192235000
1(
1&
#192245000
0(
0&
0'
#192285000
1)
#192295000
0)
1'
#192315000
1(
1&
#192325000
0(
0&
0'
#192365000
1)
#192375000
0)
1'
#192395000
1(
1&
#192405000
0(
0&
0'
#192445000
1)
#192455000
0)
1'
#192475000
1(
1&
#192485000
0(
0&
0'
#192525000
1)
#192535000
0)
1'
#192555000
1(
1&
#192565000
0(
0&
0'
#192605000
1)
#192615000
0)
1'
#192635000
1(
1&
#192645000
0(
0&
0'
#192685000
1)
#192695000
0)
1'
#192715000
1(
1&
#192725000
0(
0&
0'
#192765000
1)
#192775000
0)
1'
#192795000
1(
1&
#192805000
0(
0&
0'
#192845000
1)
#192855000
0)
1'
#192875000
1(
1&
#192885000
0(
0&
0'
#192925000
1)
#192935000
0)
1'
#192955000
1(
1&
#192965000
0(
0&
0'
#193005000
1)
#193015000
0)
1'
#193035000
1(
1&
#193045000
0(
0&
0'
#193085000
1)
#193095000
0)
1'
#193115000
1(
1&
#193125000
0(
0&
0'
#193165000
1)
#193175000
0)
1'
#193195000
1(
1&
#193205000
0(
0&
0'
#193245000
1)
#193255000
0)
1'
#193275000
1(
1&
#193285000
0(
0&
0'
#193325000
1)
#193335000
0)
1'
#193355000
1(
1&
#193365000
0(
0&
0'
#193405000
1)
#193415000
0)
1'
#193435000
1(
1&
#193445000
0(
0&
0'
#193485000
1)
#193495000
0)
1'
#193515000
1(
1&
#193525000
0(
0&
0'
#193565000
1)
#193575000
0)
1'
#193595000
1(
1&
#193605000
0(
0&
0'
#193645000
1)
#193655000
0)
1'
#193675000
1(
1&
#193685000
0(
0&
0'
#193725000
1)
#193735000
0)
1'
#193755000
1(
1&
#193765000
0(
0&
0'
#193805000
1)
#193815000
0)
1'
#193835000
1(
1&
#193845000
0(
0&
0'
#193885000
1)
#193895000
0)
1'
#193915000
1(
1&
#193925000
0(
0&
0'
#193965000
1)
#193975000
0)
1'
#193995000
1(
1&
#194005000
0(
0&
0'
#194045000
1)
#194055000
0)
1'
#194075000
1(
1&
#194085000
0(
0&
0'
#194125000
1)
#194135000
0)
1'
#194155000
1(
1&
#194165000
0(
0&
0'
#194205000
1)
#194215000
0)
1'
#194235000
1(
1&
#194245000
0(
0&
0'
#194285000
1)
#194295000
0)
1'
#194315000
1(
1&
#194325000
0(
0&
0'
#194365000
1)
#194375000
0)
1'
#194395000
1(
1&
#194405000
0(
0&
0'
#194445000
1)
#194455000
0)
1'
#194475000
1(
1&
#194485000
0(
0&
0'
#194525000
1)
#194535000
0)
1'
#194555000
1(
1&
#194565000
0(
0&
0'
#194605000
1)
#194615000
0)
1'
#194635000
1(
1&
#194645000
0(
0&
0'
#194685000
1)
#194695000
0)
1'
#194715000
1(
1&
#194725000
0(
0&
0'
#194765000
1)
#194775000
0)
1'
#194795000
1(
1&
#194805000
0(
0&
0'
#194845000
1)
#194855000
0)
1'
#194875000
1(
1&
#194885000
0(
0&
0'
#194925000
1)
#194935000
0)
1'
#194955000
1(
1&
#194965000
0(
0&
0'
#195005000
1)
#195015000
0)
1'
#195035000
1(
1&
#195045000
0(
0&
0'
#195085000
1)
#195095000
0)
1'
#195115000
1(
1&
#195125000
0(
0&
0'
#195165000
1)
#195175000
0)
1'
#195195000
1(
1&
#195205000
0(
0&
0'
#195245000
1)
#195255000
0)
1'
#195275000
1(
1&
#195285000
0(
0&
0'
#195325000
1)
#195335000
0)
1'
#195355000
1(
1&
#195365000
0(
0&
0'
#195405000
1)
#195415000
0)
1'
#195435000
1(
1&
#195445000
0(
0&
0'
#195485000
1)
#195495000
0)
1'
#195515000
1(
1&
#195525000
0(
0&
0'
#195565000
1)
#195575000
0)
1'
#195595000
1(
1&
#195605000
0(
0&
0'
#195645000
1)
#195655000
0)
1'
#195675000
1(
1&
#195685000
0(
0&
0'
#195725000
1)
#195735000
0)
1'
#195755000
1(
1&
#195765000
0(
0&
0'
#195805000
1)
#195815000
0)
1'
#195835000
1(
1&
#195845000
0(
0&
0'
#195885000
1)
#195895000
0)
1'
#195915000
1(
1&
#195925000
0(
0&
0'
#195965000
1)
#195975000
0)
1'
#195995000
1(
1&
#196005000
0(
0&
0'
#196045000
1)
#196055000
0)
1'
#196075000
1(
1&
#196085000
0(
0&
0'
#196125000
1)
#196135000
0)
1'
#196155000
1(
1&
#196165000
0(
0&
0'
#196205000
1)
#196215000
0)
1'
#196235000
1(
1&
#196245000
0(
0&
0'
#196285000
1)
#196295000
0)
1'
#196315000
1(
1&
#196325000
0(
0&
0'
#196365000
1)
#196375000
0)
1'
#196395000
1(
1&
#196405000
0(
0&
0'
#196445000
1)
#196455000
0)
1'
#196475000
1(
1&
#196485000
0(
0&
0'
#196525000
1)
#196535000
0)
1'
#196555000
1(
1&
#196565000
0(
0&
0'
#196605000
1)
#196615000
0)
1'
#196635000
1(
1&
#196645000
0(
0&
0'
#196685000
1)
#196695000
0)
1'
#196715000
1(
1&
#196725000
0(
0&
0'
#196765000
1)
#196775000
0)
1'
#196795000
1(
1&
#196805000
0(
0&
0'
#196845000
1)
#196855000
0)
1'
#196875000
1(
1&
#196885000
0(
0&
0'
#196925000
1)
#196935000
0)
1'
#196955000
1(
1&
#196965000
0(
0&
0'
#197005000
1)
#197015000
0)
1'
#197035000
1(
1&
#197045000
0(
0&
0'
#197085000
1)
#197095000
0)
1'
#197115000
1(
1&
#197125000
0(
0&
0'
#197165000
1)
#197175000
0)
1'
#197195000
1(
1&
#197205000
0(
0&
0'
#197245000
1)
#197255000
0)
1'
#197275000
1(
1&
#197285000
0(
0&
0'
#197325000
1)
#197335000
0)
1'
#197355000
1(
1&
#197365000
0(
0&
0'
#197405000
1)
#197415000
0)
1'
#197435000
1(
1&
#197445000
0(
0&
0'
#197485000
1)
#197495000
0)
1'
#197515000
1(
1&
#197525000
0(
0&
0'
#197565000
1)
#197575000
0)
1'
#197595000
1(
1&
#197605000
0(
0&
0'
#197645000
1)
#197655000
0)
1'
#197675000
1(
1&
#197685000
0(
0&
0'
#197725000
1)
#197735000
0)
1'
#197755000
1(
1&
#197765000
0(
0&
0'
#197805000
1)
#197815000
0)
1'
#197835000
1(
1&
#197845000
0(
0&
0'
#197885000
1)
#197895000
0)
1'
#197915000
1(
1&
#197925000
0(
0&
0'
#197965000
1)
#197975000
0)
1'
#197995000
1(
1&
#198005000
0(
0&
0'
#198045000
1)
#198055000
0)
1'
#198075000
1(
1&
#198085000
0(
0&
0'
#198125000
1)
#198135000
0)
1'
#198155000
1(
1&
#198165000
0(
0&
0'
#198205000
1)
#198215000
0)
1'
#198235000
1(
1&
#198245000
0(
0&
0'
#198285000
1)
#198295000
0)
1'
#198315000
1(
1&
#198325000
0(
0&
0'
#198365000
1)
#198375000
0)
1'
#198395000
1(
1&
#198405000
0(
0&
0'
#198445000
1)
#198455000
0)
1'
#198475000
1(
1&
#198485000
0(
0&
0'
#198525000
1)
#198535000
0)
1'
#198555000
1(
1&
#198565000
0(
0&
0'
#198605000
1)
#198615000
0)
1'
#198635000
1(
1&
#198645000
0(
0&
0'
#198685000
1)
#198695000
0)
1'
#198715000
1(
1&
#198725000
0(
0&
0'
#198765000
1)
#198775000
0)
1'
#198795000
1(
1&
#198805000
0(
0&
0'
#198845000
1)
#198855000
0)
1'
#198875000
1(
1&
#198885000
0(
0&
0'
#198925000
1)
#198935000
0)
1'
#198955000
1(
1&
#198965000
0(
0&
0'
#199005000
1)
#199015000
0)
1'
#199035000
1(
1&
#199045000
0(
0&
0'
#199085000
1)
#199095000
0)
1'
#199115000
1(
1&
#199125000
0(
0&
0'
#199165000
1)
#199175000
0)
1'
#199195000
1(
1&
#199205000
0(
0&
0'
#199245000
1)
#199255000
0)
1'
#199275000
1(
1&
#199285000
0(
0&
0'
#199325000
1)
#199335000
0)
1'
#199355000
1(
1&
#199365000
0(
0&
0'
#199405000
1)
#199415000
0)
1'
#199435000
1(
1&
#199445000
0(
0&
0'
#199485000
1)
#199495000
0)
1'
#199515000
1(
1&
#199525000
0(
0&
0'
#199565000
1)
#199575000
0)
1'
#199595000
1(
1&
#199605000
0(
0&
0'
#199645000
1)
#199655000
0)
1'
#199675000
1(
1&
#199685000
0(
0&
0'
#199725000
1)
#199735000
0)
1'
#199755000
1(
1&
#199765000
0(
0&
0'
#199805000
1)
#199815000
0)
1'
#199835000
1(
1&
#199845000
0(
0&
0'
#199885000
1)
#199895000
0)
1'
#199915000
1(
1&
#199925000
0(
0&
0'
#199965000
1)
#199975000
0)
1'
#199995000
1(
1&
#200005000
0(
0&
0'
#200045000
1)
#200055000
0)
1'
#200075000
1(
1&
#200085000
0(
0&
0'
#200125000
1)
#200135000
0)
1'
#200155000
1(
1&
#200165000
0(
0&
0'
#200205000
1)
#200215000
0)
1'
#200235000
1(
1&
#200245000
0(
0&
0'
#200285000
1)
#200295000
0)
1'
#200315000
1(
1&
#200325000
0(
0&
0'
#200365000
1)
#200375000
0)
1'
#200395000
1(
1&
#200405000
0(
0&
0'
#200445000
1)
#200455000
0)
1'
#200475000
1(
1&
#200485000
0(
0&
0'
#200525000
1)
#200535000
0)
1'
#200555000
1(
1&
#200565000
0(
0&
0'
#200605000
1)
#200615000
0)
1'
#200635000
1(
1&
#200645000
0(
0&
0'
#200685000
1)
#200695000
0)
1'
#200715000
1(
1&
#200725000
0(
0&
0'
#200765000
1)
#200775000
0)
1'
#200795000
1(
1&
#200805000
0(
0&
0'
#200845000
1)
#200855000
0)
1'
#200875000
1(
1&
#200885000
0(
0&
0'
#200925000
1)
#200935000
0)
1'
#200955000
1(
1&
#200965000
0(
0&
0'
#201005000
1)
#201015000
0)
0"
1'
#201025000
0!
#201035000
1*
#201245000
0*
#201250000
0'
#201525000
1!
#201535000
1&
1"
#201545000
1'
#201555000
0&
0'
#201605000
1)
#201615000
0)
1&
#201625000
1'
#201635000
0&
0'
#201685000
1)
#201695000
0)
1&
#201705000
1'
#201715000
0&
0'
#201765000
1)
#201775000
0)
1&
#201785000
1'
#201795000
0&
0'
#201845000
1)
#201855000
0)
1&
#201865000
1'
#201875000
0&
0'
#201925000
1)
#201935000
0)
1&
#201945000
1'
#201955000
0&
0'
#202005000
1)
#202015000
0)
1&
#202025000
1'
#202035000
0&
0'
#202085000
1)
#202095000
0)
1&
#202105000
1'
#202115000
0&
0'
#202165000
1)
#202175000
0)
1&
#202185000
1'
#202195000
0&
0'
#202245000
1)
#202255000
0)
1&
#202265000
1'
#202275000
0&
0'
#202325000
1)
#202335000
0)
1&
#202345000
1'
#202355000
0&
0'
#202405000
1)
#202415000
0)
1&
#202425000
1'
#202435000
0&
0'
#202485000
1)
#202495000
0)
1&
#202505000
1'
#202515000
0&
0'
#202565000
1)
#202575000
0)
1&
#202585000
1'
#202595000
0&
0'
#202645000
1)
#202655000
0)
1&
#202665000
1'
#202675000
0&
0'
#202725000
1)
#202735000
0)
1&
#202745000
1'
#202755000
0&
0'
#202805000
1)
#202815000
0)
1&
#202825000
1'
#202835000
0&
0'
#202885000
1)
#202895000
0)
1&
#202905000
1'
#202915000
0&
0'
#202965000
1)
#202975000
0)
1&
#202985000
1'
#202995000
0&
0'
#203045000
1)
#203055000
0)
1&
#203065000
1'
#203075000
0&
0'
#203125000
1)
#203135000
0)
0"
#203155000
1&
1"
#203165000
1'
#203175000
0&
0'
#203225000
1)
#203235000
0)
1&
#203245000
1'
#203255000
0&
0'
#203305000
1)
#203315000
0)
1&
#203325000
1'
#203335000
0&
0'
#203385000
1)
#203395000
0)
1&
#203405000
1'
#203415000
0&
0'
#203465000
1)
#203475000
0)
1&
#203485000
1'
#203495000
0&
0'
#203545000
1)
#203555000
0)
1&
#203565000
1'
#203575000
0&
0'
#203625000
1)
#203635000
0)
1&
#203645000
1'
#203655000
0&
0'
#203705000
1)
#203715000
0)
1&
#203725000
1'
#203735000
0&
0'
#203785000
1)
#203795000
0)
1&
#203805000
1'
#203815000
0&
0'
#203865000
1)
#203875000
0)
1&
#203885000
1'
#203895000
0&
0'
#203945000
1)
#203955000
0)
1&
#203965000
1'
#203975000
0&
0'
#204025000
1)
#204035000
0)
1&
#204045000
1'
#204055000
0&
0'
#204105000
1)
#204115000
0)
1&
#204125000
1'
#204135000
0&
0'
#204185000
1)
#204195000
0)
1&
#204205000
1'
#204215000
0&
0'
#204265000
1)
#204275000
0)
1&
#204285000
1'
#204295000
0&
0'
#204345000
1)
#204355000
0)
1&
#204365000
1'
#204375000
0&
0'
#204425000
1)
#204435000
0)
1&
#204445000
1'
#204455000
0&
0'
#204505000
1)
#204515000
0)
1&
#204525000
1'
#204535000
0&
0'
#204585000
1)
#204595000
0)
1&
#204605000
1'
#204615000
0&
0'
#204665000
1)
#204675000
0)
1&
#204685000
1'
#204695000
0&
0'
#204745000
1)
#204755000
0)
1&
#204765000
1'
#204775000
0&
0'
#204825000
1)
#204835000
0)
1&
#204845000
1'
#204855000
0&
0'
#204905000
1)
#204915000
0)
1&
#204925000
1'
#204935000
0&
0'
#204985000
1)
#204995000
0)
1&
#205005000
1'
#205015000
0&
0'
#205065000
1)
#205075000
0)
1&
#205085000
1'
#205095000
0&
0'
#205145000
1)
#205155000
0)
1&
#205165000
1'
#205175000
0&
0'
#205225000
1)
#205235000
0)
0"
#205255000
b0 ,
b0 +
1#
#205355000
1$
#205365000
0$
#205445000
1$
#205455000
0$
#205475000
1%
#205485000
b100 ,
#205585000
1$
#205595000
0$
#205635000
0%
#205675000
1$
#205685000
0$
#205705000
1%
#205715000
b1000 ,
#205815000
1$
#205825000
0$
#205865000
0%
#205905000
1$
#205915000
0$
#205935000
1%
#205945000
b1100 ,
#206045000
1$
#206055000
0$
#206095000
0%
#206135000
1$
#206145000
0$
#206165000
1%
#206175000
b0 ,
b100 +
#206275000
1$
#206285000
0$
#206325000
0%
#206365000
1$
#206375000
0$
#206395000
1%
#206405000
b100 ,
#206505000
1$
#206515000
0$
#206555000
0%
#206595000
1$
#206605000
0$
#206625000
1%
#206635000
b1000 ,
#206735000
1$
#206745000
0$
#206785000
0%
#206825000
1$
#206835000
0$
#206855000
1%
#206865000
b1100 ,
#206965000
1$
#206975000
0$
#207015000
0%
#207055000
1$
#207065000
0$
#207085000
1%
#207095000
b0 ,
b1000 +
#207195000
1$
#207205000
0$
#207245000
0%
#207285000
1$
#207295000
0$
#207315000
1%
#207325000
b100 ,
#207425000
1$
#207435000
0$
#207475000
0%
#207515000
1$
#207525000
0$
#207545000
1%
#207555000
b1000 ,
#207655000
1$
#207665000
0$
#207705000
0%
#207745000
1$
#207755000
0$
#207775000
1%
#207785000
b1100 ,
#207885000
1$
#207895000
0$
#207935000
0%
#207975000
1$
#207985000
0$
#208005000
1%
#208025000
0#
#208165000
0%
#208185000
1"
#208205000
1(
1&
#208215000
1'
#208225000
0(
0&
0'
#208275000
1)
#208285000
0)
#208305000
1(
1&
#208315000
1'
#208325000
0(
0&
0'
#208375000
1)
#208385000
0)
#208405000
1(
1&
#208415000
1'
#208425000
0(
0&
0'
#208475000
1)
#208485000
0)
#208505000
1(
1&
#208515000
1'
#208525000
0(
0&
0'
#208575000
1)
#208585000
0)
#208605000
1(
1&
#208615000
1'
#208625000
0(
0&
0'
#208675000
1)
#208685000
0)
#208705000
1(
1&
#208715000
1'
#208725000
0(
0&
0'
#208775000
1)
#208785000
0)
#208805000
1(
1&
#208815000
1'
#208825000
0(
0&
0'
#208875000
1)
#208885000
0)
#208905000
1(
1&
#208915000
1'
#208925000
0(
0&
0'
#208975000
1)
#208985000
0)
#209005000
1(
1&
#209015000
1'
#209025000
0(
0&
0'
#209075000
1)
#209085000
0)
#209105000
1(
1&
#209115000
1'
#209125000
0(
0&
0'
#209175000
1)
#209185000
0)
#209205000
1(
1&
#209215000
1'
#209225000
0(
0&
0'
#209275000
1)
#209285000
0)
#209305000
1(
1&
#209315000
1'
#209325000
0(
0&
0'
#209375000
1)
#209385000
0)
#209405000
1(
1&
#209415000
1'
#209425000
0(
0&
0'
#209475000
1)
#209485000
0)
#209505000
1(
1&
#209515000
1'
#209525000
0(
0&
0'
#209575000
1)
#209585000
0)
#209605000
1(
1&
#209615000
1'
#209625000
0(
0&
0'
#209675000
1)
#209685000
0)
#209705000
1(
1&
#209715000
1'
#209725000
0(
0&
0'
#209775000
1)
#209785000
0)
#209805000
1(
1&
#209815000
1'
#209825000
0(
0&
0'
#209875000
1)
#209885000
0)
#209905000
1(
1&
#209915000
1'
#209925000
0(
0&
0'
#209975000
1)
#209985000
0)
#210005000
1(
1&
#210015000
1'
#210025000
0(
0&
0'
#210075000
1)
#210085000
0)
#210105000
1(
1&
#210115000
1'
#210125000
0(
0&
0'
#210175000
1)
#210185000
0)
#210205000
1(
1&
#210215000
1'
#210225000
0(
0&
0'
#210275000
1)
#210285000
0)
#210305000
1(
1&
#210315000
1'
#210325000
0(
0&
0'
#210375000
1)
#210385000
0)
#210405000
1(
1&
#210415000
1'
#210425000
0(
0&
0'
#210475000
1)
#210485000
0)
#210505000
1(
1&
#210515000
1'
#210525000
0(
0&
0'
#210575000
1)
#210585000
0)
#210605000
1(
1&
#210615000
1'
#210625000
0(
0&
0'
#210675000
1)
#210685000
0)
#210705000
1(
1&
#210715000
1'
#210725000
0(
0&
0'
#210775000
1)
#210785000
0)
#210805000
1(
1&
#210815000
1'
#210825000
0(
0&
0'
#210875000
1)
#210885000
0)
#210905000
1(
1&
#210915000
1'
#210925000
0(
0&
0'
#210975000
1)
#210985000
0)
#211005000
1(
1&
#211015000
1'
#211025000
0(
0&
0'
#211075000
1)
#211085000
0)
#211105000
1(
1&
#211115000
1'
#211125000
0(
0&
0'
#211175000
1)
#211185000
0)
#211205000
1(
1&
#211215000
1'
#211225000
0(
0&
0'
#211275000
1)
#211285000
0)
#211305000
1(
1&
#211315000
1'
#211325000
0(
0&
0'
#211375000
1)
#211385000
0)
#211405000
1(
1&
#211415000
1'
#211425000
0(
0&
0'
#211475000
1)
#211485000
0)
#211505000
1(
1&
#211515000
1'
#211525000
0(
0&
0'
#211575000
1)
#211585000
0)
#211605000
1(
1&
#211615000
1'
#211625000
0(
0&
0'
#211675000
1)
#211685000
0)
#211705000
1(
1&
#211715000
1'
#211725000
0(
0&
0'
#211775000
1)
#211785000
0)
#211805000
1(
1&
#211815000
1'
#211825000
0(
0&
0'
#211875000
1)
#211885000
0)
#211905000
1(
1&
#211915000
1'
#211925000
0(
0&
0'
#211975000
1)
#211985000
0)
#212005000
1(
1&
#212015000
1'
#212025000
0(
0&
0'
#212075000
1)
#212085000
0)
#212105000
1(
1&
#212115000
1'
#212125000
0(
0&
0'
#212175000
1)
#212185000
0)
#212205000
1(
1&
#212215000
1'
#212225000
0(
0&
0'
#212275000
1)
#212285000
0)
#212305000
1(
1&
#212315000
1'
#212325000
0(
0&
0'
#212375000
1)
#212385000
0)
#212405000
1(
1&
#212415000
1'
#212425000
0(
0&
0'
#212475000
1)
#212485000
0)
#212505000
1(
1&
#212515000
1'
#212525000
0(
0&
0'
#212575000
1)
#212585000
0)
#212605000
1(
1&
#212615000
1'
#212625000
0(
0&
0'
#212675000
1)
#212685000
0)
#212705000
1(
1&
#212715000
1'
#212725000
0(
0&
0'
#212775000
1)
#212785000
0)
#212805000
1(
1&
#212815000
1'
#212825000
0(
0&
0'
#212875000
1)
#212885000
0)
#212905000
1(
1&
#212915000
1'
#212925000
0(
0&
0'
#212975000
1)
#212985000
0)
#213005000
1(
1&
#213015000
1'
#213025000
0(
0&
0'
#213075000
1)
#213085000
0)
#213105000
1(
1&
#213115000
1'
#213125000
0(
0&
0'
#213175000
1)
#213185000
0)
#213205000
1(
1&
#213215000
1'
#213225000
0(
0&
0'
#213275000
1)
#213285000
0)
#213305000
1(
1&
#213315000
1'
#213325000
0(
0&
0'
#213375000
1)
#213385000
0)
#213405000
1(
1&
#213415000
1'
#213425000
0(
0&
0'
#213475000
1)
#213485000
0)
#213505000
1(
1&
#213515000
1'
#213525000
0(
0&
0'
#213575000
1)
#213585000
0)
#213605000
1(
1&
#213615000
1'
#213625000
0(
0&
0'
#213675000
1)
#213685000
0)
#213705000
1(
1&
#213715000
1'
#213725000
0(
0&
0'
#213775000
1)
#213785000
0)
#213805000
1(
1&
#213815000
1'
#213825000
0(
0&
0'
#213875000
1)
#213885000
0)
#213905000
1(
1&
#213915000
1'
#213925000
0(
0&
0'
#213975000
1)
#213985000
0)
#214005000
1(
1&
#214015000
1'
#214025000
0(
0&
0'
#214075000
1)
#214085000
0)
#214105000
1(
1&
#214115000
1'
#214125000
0(
0&
0'
#214175000
1)
#214185000
0)
#214205000
1(
1&
#214215000
1'
#214225000
0(
0&
0'
#214275000
1)
#214285000
0)
#214305000
1(
1&
#214315000
1'
#214325000
0(
0&
0'
#214375000
1)
#214385000
0)
#214405000
1(
1&
#214415000
1'
#214425000
0(
0&
0'
#214475000
1)
#214485000
0)
#214505000
1(
1&
#214515000
1'
#214525000
0(
0&
0'
#214575000
1)
#214585000
0)
#214605000
1(
1&
#214615000
1'
#214625000
0(
0&
0'
#214675000
1)
#214685000
0)
#214705000
1(
1&
#214715000
1'
#214725000
0(
0&
0'
#214775000
1)
#214785000
0)
#214805000
1(
1&
#214815000
1'
#214825000
0(
0&
0'
#214875000
1)
#214885000
0)
#214905000
1(
1&
#214915000
1'
#214925000
0(
0&
0'
#214975000
1)
#214985000
0)
#215005000
1(
1&
#215015000
1'
#215025000
0(
0&
0'
#215075000
1)
#215085000
0)
#215105000
1(
1&
#215115000
1'
#215125000
0(
0&
0'
#215175000
1)
#215185000
0)
#215205000
1(
1&
#215215000
1'
#215225000
0(
0&
0'
#215275000
1)
#215285000
0)
#215305000
1(
1&
#215315000
1'
#215325000
0(
0&
0'
#215375000
1)
#215385000
0)
#215405000
1(
1&
#215415000
1'
#215425000
0(
0&
0'
#215475000
1)
#215485000
0)
#215505000
1(
1&
#215515000
1'
#215525000
0(
0&
0'
#215575000
1)
#215585000
0)
#215605000
1(
1&
#215615000
1'
#215625000
0(
0&
0'
#215675000
1)
#215685000
0)
#215705000
1(
1&
#215715000
1'
#215725000
0(
0&
0'
#215775000
1)
#215785000
0)
#215805000
1(
1&
#215815000
1'
#215825000
0(
0&
0'
#215875000
1)
#215885000
0)
#215905000
1(
1&
#215915000
1'
#215925000
0(
0&
0'
#215975000
1)
#215985000
0)
#216005000
1(
1&
#216015000
1'
#216025000
0(
0&
0'
#216075000
1)
#216085000
0)
#216105000
1(
1&
#216115000
1'
#216125000
0(
0&
0'
#216175000
1)
#216185000
0)
#216205000
1(
1&
#216215000
1'
#216225000
0(
0&
0'
#216275000
1)
#216285000
0)
#216305000
1(
1&
#216315000
1'
#216325000
0(
0&
0'
#216375000
1)
#216385000
0)
#216405000
1(
1&
#216415000
1'
#216425000
0(
0&
0'
#216475000
1)
#216485000
0)
#216505000
1(
1&
#216515000
1'
#216525000
0(
0&
0'
#216575000
1)
#216585000
0)
#216605000
1(
1&
#216615000
1'
#216625000
0(
0&
0'
#216675000
1)
#216685000
0)
#216705000
1(
1&
#216715000
1'
#216725000
0(
0&
0'
#216775000
1)
#216785000
0)
#216805000
1(
1&
#216815000
1'
#216825000
0(
0&
0'
#216875000
1)
#216885000
0)
#216905000
1(
1&
#216915000
1'
#216925000
0(
0&
0'
#216975000
1)
#216985000
0)
#217005000
1(
1&
#217015000
1'
#217025000
0(
0&
0'
#217075000
1)
#217085000
0)
#217105000
1(
1&
#217115000
1'
#217125000
0(
0&
0'
#217175000
1)
#217185000
0)
#217205000
1(
1&
#217215000
1'
#217225000
0(
0&
0'
#217275000
1)
#217285000
0)
#217305000
1(
1&
#217315000
1'
#217325000
0(
0&
0'
#217375000
1)
#217385000
0)
#217405000
1(
1&
#217415000
1'
#217425000
0(
0&
0'
#217475000
1)
#217485000
0)
#217505000
1(
1&
#217515000
1'
#217525000
0(
0&
0'
#217575000
1)
#217585000
0)
#217605000
1(
1&
#217615000
1'
#217625000
0(
0&
0'
#217675000
1)
#217685000
0)
#217705000
1(
1&
#217715000
1'
#217725000
0(
0&
0'
#217775000
1)
#217785000
0)
#217805000
1(
1&
#217815000
1'
#217825000
0(
0&
0'
#217875000
1)
#217885000
0)
#217905000
1(
1&
#217915000
1'
#217925000
0(
0&
0'
#217975000
1)
#217985000
0)
#218005000
1(
1&
#218015000
1'
#218025000
0(
0&
0'
#218075000
1)
#218085000
0)
#218105000
1(
1&
#218115000
1'
#218125000
0(
0&
0'
#218175000
1)
#218185000
0)
#218205000
1(
1&
#218215000
1'
#218225000
0(
0&
0'
#218275000
1)
#218285000
0)
#218305000
1(
1&
#218315000
1'
#218325000
0(
0&
0'
#218375000
1)
#218385000
0)
#218405000
1(
1&
#218415000
1'
#218425000
0(
0&
0'
#218475000
1)
#218485000
0)
#218505000
1(
1&
#218515000
1'
#218525000
0(
0&
0'
#218575000
1)
#218585000
0)
#218605000
1(
1&
#218615000
1'
#218625000
0(
0&
0'
#218675000
1)
#218685000
0)
#218705000
1(
1&
#218715000
1'
#218725000
0(
0&
0'
#218775000
1)
#218785000
0)
#218805000
1(
1&
#218815000
1'
#218825000
0(
0&
0'
#218875000
1)
#218885000
0)
#218905000
1(
1&
#218915000
1'
#218925000
0(
0&
0'
#218975000
1)
#218985000
0)
#219005000
1(
1&
#219015000
1'
#219025000
0(
0&
0'
#219075000
1)
#219085000
0)
#219105000
1(
1&
#219115000
1'
#219125000
0(
0&
0'
#219175000
1)
#219185000
0)
#219205000
1(
1&
#219215000
1'
#219225000
0(
0&
0'
#219275000
1)
#219285000
0)
#219305000
1(
1&
#219315000
1'
#219325000
0(
0&
0'
#219375000
1)
#219385000
0)
#219405000
1(
1&
#219415000
1'
#219425000
0(
0&
0'
#219475000
1)
#219485000
0)
#219505000
1(
1&
#219515000
1'
#219525000
0(
0&
0'
#219575000
1)
#219585000
0)
#219605000
1(
1&
#219615000
1'
#219625000
0(
0&
0'
#219675000
1)
#219685000
0)
#219705000
1(
1&
#219715000
1'
#219725000
0(
0&
0'
#219775000
1)
#219785000
0)
#219805000
1(
1&
#219815000
1'
#219825000
0(
0&
0'
#219875000
1)
#219885000
0)
#219905000
1(
1&
#219915000
1'
#219925000
0(
0&
0'
#219975000
1)
#219985000
0)
#220005000
1(
1&
#220015000
1'
#220025000
0(
0&
0'
#220075000
1)
#220085000
0)
#220105000
1(
1&
#220115000
1'
#220125000
0(
0&
0'
#220175000
1)
#220185000
0)
#220205000
1(
1&
#220215000
1'
#220225000
0(
0&
0'
#220275000
1)
#220285000
0)
#220305000
1(
1&
#220315000
1'
#220325000
0(
0&
0'
#220375000
1)
#220385000
0)
#220405000
1(
1&
#220415000
1'
#220425000
0(
0&
0'
#220475000
1)
#220485000
0)
#220505000
1(
1&
#220515000
1'
#220525000
0(
0&
0'
#220575000
1)
#220585000
0)
#220605000
1(
1&
#220615000
1'
#220625000
0(
0&
0'
#220675000
1)
#220685000
0)
#220705000
1(
1&
#220715000
1'
#220725000
0(
0&
0'
#220775000
1)
#220785000
0)
#220805000
1(
1&
#220815000
1'
#220825000
0(
0&
0'
#220875000
1)
#220885000
0)
#220905000
1(
1&
#220915000
1'
#220925000
0(
0&
0'
#220975000
1)
#220985000
0)
#221005000
1(
1&
#221015000
1'
#221025000
0(
0&
0'
#221075000
1)
#221085000
0)
#221105000
1(
1&
#221115000
1'
#221125000
0(
0&
0'
#221175000
1)
#221185000
0)
0"
#221195000
0!
#221205000
1*
#221415000
0*
#221420000
1'
#221695000
1!
#221705000
1&
1"
#221715000
0&
0'
#221725000
1)
#221735000
0)
1&
1'
#221745000
0&
0'
#221755000
1)
#221765000
0)
1&
1'
#221775000
0&
0'
#221785000
1)
#221795000
0)
1&
1'
#221805000
0&
0'
#221815000
1)
#221825000
0)
1&
1'
#221835000
0&
0'
#221845000
1)
#221855000
0)
1&
1'
#221865000
0&
0'
#221875000
1)
#221885000
0)
1&
1'
#221895000
0&
0'
#221905000
1)
#221915000
0)
1&
1'
#221925000
0&
0'
#221935000
1)
#221945000
0)
1&
1'
#221955000
0&
0'
#221965000
1)
#221975000
0)
1&
1'
#221985000
0&
0'
#221995000
1)
#222005000
0)
1&
1'
#222015000
0&
0'
#222025000
1)
#222035000
0)
1&
1'
#222045000
0&
0'
#222055000
1)
#222065000
0)
1&
1'
#222075000
0&
0'
#222085000
1)
#222095000
0)
1&
1'
#222105000
0&
0'
#222115000
1)
#222125000
0)
1&
1'
#222135000
0&
0'
#222145000
1)
#222155000
0)
1&
1'
#222165000
0&
0'
#222175000
1)
#222185000
0)
1&
1'
#222195000
0&
0'
#222205000
1)
#222215000
0)
1&
1'
#222225000
0&
0'
#222235000
1)
#222245000
0)
1&
1'
#222255000
0&
0'
#222265000
1)
#222275000
0)
1&
1'
#222285000
0&
0'
#222295000
1)
#222305000
0)
1&
1'
#222315000
0&
0'
#222325000
1)
#222335000
0)
1&
1'
#222345000
0&
0'
#222355000
1)
#222365000
0)
1&
1'
#222375000
0&
0'
#222385000
1)
#222395000
0)
1&
1'
#222405000
0&
0'
#222415000
1)
#222425000
0)
1&
1'
#222435000
0&
0'
#222445000
1)
#222455000
0)
1&
1'
#222465000
0&
0'
#222475000
1)
#222485000
0)
1&
1'
#222495000
0&
0'
#222505000
1)
#222515000
0)
1&
1'
#222525000
0&
0'
#222535000
1)
#222545000
0)
1&
1'
#222555000
0&
0'
#222565000
1)
#222575000
0)
1&
1'
#222585000
0&
0'
#222595000
1)
#222605000
0)
1&
1'
#222615000
0&
0'
#222625000
1)
#222635000
0)
1&
1'
#222645000
0&
0'
#222655000
1)
#222665000
0)
1&
1'
#222675000
0&
0'
#222685000
1)
#222695000
0)
1&
1'
#222705000
0&
0'
#222715000
1)
#222725000
0)
1&
1'
#222735000
0&
0'
#222745000
1)
#222755000
0)
1&
1'
#222765000
0&
0'
#222775000
1)
#222785000
0)
1&
1'
#222795000
0&
0'
#222805000
1)
#222815000
0)
1&
1'
#222825000
0&
0'
#222835000
1)
#222845000
0)
1&
1'
#222855000
0&
0'
#222865000
1)
#222875000
0)
1&
1'
#222885000
0&
0'
#222895000
1)
#222905000
0)
1&
1'
#222915000
0&
0'
#222925000
1)
#222935000
0)
1&
1'
#222945000
0&
0'
#222955000
1)
#222965000
0)
1&
1'
#222975000
0&
0'
#222985000
1)
#222995000
0)
1&
1'
#223005000
0&
0'
#223015000
1)
#223025000
0)
1&
1'
#223035000
0&
0'
#223045000
1)
#223055000
0)
1&
1'
#223065000
0&
0'
#223075000
1)
#223085000
0)
1&
1'
#223095000
0&
0'
#223105000
1)
#223115000
0)
1&
1'
#223125000
0&
0'
#223135000
1)
#223145000
0)
1&
1'
#223155000
0&
0'
#223165000
1)
#223175000
0)
1&
1'
#223185000
0&
0'
#223195000
1)
#223205000
0)
1&
1'
#223215000
0&
0'
#223225000
1)
#223235000
0)
1&
1'
#223245000
0&
0'
#223255000
1)
#223265000
0)
1&
1'
#223275000
0&
0'
#223285000
1)
#223295000
0)
1&
1'
#223305000
0&
0'
#223315000
1)
#223325000
0)
1&
1'
#223335000
0&
0'
#223345000
1)
#223355000
0)
1&
1'
#223365000
0&
0'
#223375000
1)
#223385000
0)
1&
1'
#223395000
0&
0'
#223405000
1)
#223415000
0)
1&
1'
#223425000
0&
0'
#223435000
1)
#223445000
0)
1&
1'
#223455000
0&
0'
#223465000
1)
#223475000
0)
1&
1'
#223485000
0&
0'
#223495000
1)
#223505000
0)
0"
1'
#223525000
1&
1"
#223535000
0&
0'
#223545000
1)
#223555000
0)
1&
1'
#223565000
0&
0'
#223575000
1)
#223585000
0)
1&
1'
#223595000
0&
0'
#223605000
1)
#223615000
0)
1&
1'
#223625000
0&
0'
#223635000
1)
#223645000
0)
1&
1'
#223655000
0&
0'
#223665000
1)
#223675000
0)
1&
1'
#223685000
0&
0'
#223695000
1)
#223705000
0)
1&
1'
#223715000
0&
0'
#223725000
1)
#223735000
0)
1&
1'
#223745000
0&
0'
#223755000
1)
#223765000
0)
1&
1'
#223775000
0&
0'
#223785000
1)
#223795000
0)
1&
1'
#223805000
0&
0'
#223815000
1)
#223825000
0)
1&
1'
#223835000
0&
0'
#223845000
1)
#223855000
0)
1&
1'
#223865000
0&
0'
#223875000
1)
#223885000
0)
1&
1'
#223895000
0&
0'
#223905000
1)
#223915000
0)
1&
1'
#223925000
0&
0'
#223935000
1)
#223945000
0)
1&
1'
#223955000
0&
0'
#223965000
1)
#223975000
0)
1&
1'
#223985000
0&
0'
#223995000
1)
#224005000
0)
1&
1'
#224015000
0&
0'
#224025000
1)
#224035000
0)
1&
1'
#224045000
0&
0'
#224055000
1)
#224065000
0)
1&
1'
#224075000
0&
0'
#224085000
1)
#224095000
0)
1&
1'
#224105000
0&
0'
#224115000
1)
#224125000
0)
1&
1'
#224135000
0&
0'
#224145000
1)
#224155000
0)
1&
1'
#224165000
0&
0'
#224175000
1)
#224185000
0)
1&
1'
#224195000
0&
0'
#224205000
1)
#224215000
0)
1&
1'
#224225000
0&
0'
#224235000
1)
#224245000
0)
1&
1'
#224255000
0&
0'
#224265000
1)
#224275000
0)
1&
1'
#224285000
0&
0'
#224295000
1)
#224305000
0)
1&
1'
#224315000
0&
0'
#224325000
1)
#224335000
0)
1&
1'
#224345000
0&
0'
#224355000
1)
#224365000
0)
1&
1'
#224375000
0&
0'
#224385000
1)
#224395000
0)
1&
1'
#224405000
0&
0'
#224415000
1)
#224425000
0)
1&
1'
#224435000
0&
0'
#224445000
1)
#224455000
0)
1&
1'
#224465000
0&
0'
#224475000
1)
#224485000
0)
1&
1'
#224495000
0&
0'
#224505000
1)
#224515000
0)
1&
1'
#224525000
0&
0'
#224535000
1)
#224545000
0)
1&
1'
#224555000
0&
0'
#224565000
1)
#224575000
0)
1&
1'
#224585000
0&
0'
#224595000
1)
#224605000
0)
1&
1'
#224615000
0&
0'
#224625000
1)
#224635000
0)
1&
1'
#224645000
0&
0'
#224655000
1)
#224665000
0)
1&
1'
#224675000
0&
0'
#224685000
1)
#224695000
0)
1&
1'
#224705000
0&
0'
#224715000
1)
#224725000
0)
1&
1'
#224735000
0&
0'
#224745000
1)
#224755000
0)
1&
1'
#224765000
0&
0'
#224775000
1)
#224785000
0)
1&
1'
#224795000
0&
0'
#224805000
1)
#224815000
0)
1&
1'
#224825000
0&
0'
#224835000
1)
#224845000
0)
1&
1'
#224855000
0&
0'
#224865000
1)
#224875000
0)
1&
1'
#224885000
0&
0'
#224895000
1)
#224905000
0)
1&
1'
#224915000
0&
0'
#224925000
1)
#224935000
0)
1&
1'
#224945000
0&
0'
#224955000
1)
#224965000
0)
1&
1'
#224975000
0&
0'
#224985000
1)
#224995000
0)
1&
1'
#225005000
0&
0'
#225015000
1)
#225025000
0)
1&
1'
#225035000
0&
0'
#225045000
1)
#225055000
0)
1&
1'
#225065000
0&
0'
#225075000
1)
#225085000
0)
1&
1'
#225095000
0&
0'
#225105000
1)
#225115000
0)
1&
1'
#225125000
0&
0'
#225135000
1)
#225145000
0)
1&
1'
#225155000
0&
0'
#225165000
1)
#225175000
0)
1&
1'
#225185000
0&
0'
#225195000
1)
#225205000
0)
1&
1'
#225215000
0&
0'
#225225000
1)
#225235000
0)
1&
1'
#225245000
0&
0'
#225255000
1)
#225265000
0)
1&
1'
#225275000
0&
0'
#225285000
1)
#225295000
0)
1&
1'
#225305000
0&
0'
#225315000
1)
#225325000
0)
1&
1'
#225335000
0&
0'
#225345000
1)
#225355000
0)
1&
1'
#225365000
0&
0'
#225375000
1)
#225385000
0)
1&
1'
#225395000
0&
0'
#225405000
1)
#225415000
0)
1&
1'
#225425000
0&
0'
#225435000
1)
#225445000
0)
1&
1'
#225455000
0&
0'
#225465000
1)
#225475000
0)
1&
1'
#225485000
0&
0'
#225495000
1)
#225505000
0)
1&
1'
#225515000
0&
0'
#225525000
1)
#225535000
0)
1&
1'
#225545000
0&
0'
#225555000
1)
#225565000
0)
1&
1'
#225575000
0&
0'
#225585000
1)
#225595000
0)
1&
1'
#225605000
0&
0'
#225615000
1)
#225625000
0)
1&
1'
#225635000
0&
0'
#225645000
1)
#225655000
0)
1&
1'
#225665000
0&
0'
#225675000
1)
#225685000
0)
1&
1'
#225695000
0&
0'
#225705000
1)
#225715000
0)
1&
1'
#225725000
0&
0'
#225735000
1)
#225745000
0)
1&
1'
#225755000
0&
0'
#225765000
1)
#225775000
0)
1&
1'
#225785000
0&
0'
#225795000
1)
#225805000
0)
1&
1'
#225815000
0&
0'
#225825000
1)
#225835000
0)
1&
1'
#225845000
0&
0'
#225855000
1)
#225865000
0)
1&
1'
#225875000
0&
0'
#225885000
1)
#225895000
0)
1&
1'
#225905000
0&
0'
#225915000
1)
#225925000
0)
1&
1'
#225935000
0&
0'
#225945000
1)
#225955000
0)
1&
1'
#225965000
0&
0'
#225975000
1)
#225985000
0)
1&
1'
#225995000
0&
0'
#226005000
1)
#226015000
0)
1&
1'
#226025000
0&
0'
#226035000
1)
#226045000
0)
1&
1'
#226055000
0&
0'
#226065000
1)
#226075000
0)
1&
1'
#226085000
0&
0'
#226095000
1)
#226105000
0)
1&
1'
#226115000
0&
0'
#226125000
1)
#226135000
0)
1&
1'
#226145000
0&
0'
#226155000
1)
#226165000
0)
1&
1'
#226175000
0&
0'
#226185000
1)
#226195000
0)
1&
1'
#226205000
0&
0'
#226215000
1)
#226225000
0)
1&
1'
#226235000
0&
0'
#226245000
1)
#226255000
0)
1&
1'
#226265000
0&
0'
#226275000
1)
#226285000
0)
1&
1'
#226295000
0&
0'
#226305000
1)
#226315000
0)
1&
1'
#226325000
0&
0'
#226335000
1)
#226345000
0)
1&
1'
#226355000
0&
0'
#226365000
1)
#226375000
0)
1&
1'
#226385000
0&
0'
#226395000
1)
#226405000
0)
1&
1'
#226415000
0&
0'
#226425000
1)
#226435000
0)
1&
1'
#226445000
0&
0'
#226455000
1)
#226465000
0)
1&
1'
#226475000
0&
0'
#226485000
1)
#226495000
0)
1&
1'
#226505000
0&
0'
#226515000
1)
#226525000
0)
1&
1'
#226535000
0&
0'
#226545000
1)
#226555000
0)
1&
1'
#226565000
0&
0'
#226575000
1)
#226585000
0)
1&
1'
#226595000
0&
0'
#226605000
1)
#226615000
0)
1&
1'
#226625000
0&
0'
#226635000
1)
#226645000
0)
1&
1'
#226655000
0&
0'
#226665000
1)
#226675000
0)
0"
1'
#226695000
b0 ,
b0 +
1#
#226795000
1$
#226805000
0$
#226885000
1$
#226895000
0$
#226975000
1$
#226985000
0$
#227065000
1$
#227075000
0$
#227155000
1$
#227165000
0$
#227245000
1$
#227255000
0$
#227335000
1$
#227345000
0$
#227425000
1$
#227435000
0$
#227515000
1$
#227525000
0$
#227605000
1$
#227615000
0$
#227695000
1$
#227705000
0$
#227785000
1$
#227795000
0$
#227875000
1$
#227885000
0$
#227965000
1$
#227975000
0$
#228055000
1$
#228065000
0$
#228085000
1%
#228095000
b100 ,
#228195000
1$
#228205000
0$
#228245000
0%
#228285000
1$
#228295000
0$
#228375000
1$
#228385000
0$
#228465000
1$
#228475000
0$
#228555000
1$
#228565000
0$
#228645000
1$
#228655000
0$
#228735000
1$
#228745000
0$
#228825000
1$
#228835000
0$
#228915000
1$
#228925000
0$
#229005000
1$
#229015000
0$
#229095000
1$
#229105000
0$
#229185000
1$
#229195000
0$
#229275000
1$
#229285000
0$
#229365000
1$
#229375000
0$
#229455000
1$
#229465000
0$
#229485000
1%
#229505000
0#
#229645000
0%
#229665000
1"
#229685000
1(
1&
#229695000
0(
0&
0'
#229705000
1)
#229715000
0)
1'
#229735000
1(
1&
#229745000
0(
0&
0'
#229755000
1)
#229765000
0)
1'
#229785000
1(
1&
#229795000
0(
0&
0'
#229805000
1)
#229815000
0)
1'
#229835000
1(
1&
#229845000
0(
0&
0'
#229855000
1)
#229865000
0)
1'
#229885000
1(
1&
#229895000
0(
0&
0'
#229905000
1)
#229915000
0)
1'
#229935000
1(
1&
#229945000
0(
0&
0'
#229955000
1)
#229965000
0)
1'
#229985000
1(
1&
#229995000
0(
0&
0'
#230005000
1)
#230015000
0)
1'
#230035000
1(
1&
#230045000
0(
0&
0'
#230055000
1)
#230065000
0)
1'
#230085000
1(
1&
#230095000
0(
0&
0'
#230105000
1)
#230115000
0)
1'
#230135000
1(
1&
#230145000
0(
0&
0'
#230155000
1)
#230165000
0)
1'
#230185000
1(
1&
#230195000
0(
0&
0'
#230205000
1)
#230215000
0)
1'
#230235000
1(
1&
#230245000
0(
0&
0'
#230255000
1)
#230265000
0)
1'
#230285000
1(
1&
#230295000
0(
0&
0'
#230305000
1)
#230315000
0)
1'
#230335000
1(
1&
#230345000
0(
0&
0'
#230355000
1)
#230365000
0)
1'
#230385000
1(
1&
#230395000
0(
0&
0'
#230405000
1)
#230415000
0)
1'
#230435000
1(
1&
#230445000
0(
0&
0'
#230455000
1)
#230465000
0)
1'
#230485000
1(
1&
#230495000
0(
0&
0'
#230505000
1)
#230515000
0)
1'
#230535000
1(
1&
#230545000
0(
0&
0'
#230555000
1)
#230565000
0)
1'
#230585000
1(
1&
#230595000
0(
0&
0'
#230605000
1)
#230615000
0)
1'
#230635000
1(
1&
#230645000
0(
0&
0'
#230655000
1)
#230665000
0)
1'
#230685000
1(
1&
#230695000
0(
0&
0'
#230705000
1)
#230715000
0)
1'
#230735000
1(
1&
#230745000
0(
0&
0'
#230755000
1)
#230765000
0)
1'
#230785000
1(
1&
#230795000
0(
0&
0'
#230805000
1)
#230815000
0)
1'
#230835000
1(
1&
#230845000
0(
0&
0'
#230855000
1)
#230865000
0)
1'
#230885000
1(
1&
#230895000
0(
0&
0'
#230905000
1)
#230915000
0)
1'
#230935000
1(
1&
#230945000
0(
0&
0'
#230955000
1)
#230965000
0)
1'
#230985000
1(
1&
#230995000
0(
0&
0'
#231005000
1)
#231015000
0)
1'
#231035000
1(
1&
#231045000
0(
0&
0'
#231055000
1)
#231065000
0)
0"
1'
#231075000
0!
#231085000
1*
#231295000
0*
#231575000
1!
#231585000
1&
1"
#231595000
0&
0'
#231615000
1)
#231625000
0)
1&
1'
#231635000
0&
0'
#231655000
1)
#231665000
0)
1&
1'
#231675000
0&
0'
#231695000
1)
#231705000
0)
1&
1'
#231715000
0&
0'
#231735000
1)
#231745000
0)
1&
1'
#231755000
0&
0'
#231775000
1)
#231785000
0)
1&
1'
#231795000
0&
0'
#231815000
1)
#231825000
0)
1&
1'
#231835000
0&
0'
#231855000
1)
#231865000
0)
1&
1'
#231875000
0&
0'
#231895000
1)
#231905000
0)
1&
1'
#231915000
0&
0'
#231935000
1)
#231945000
0)
1&
1'
#231955000
0&
0'
#231975000
1)
#231985000
0)
1&
1'
#231995000
0&
0'
#232015000
1)
#232025000
0)
1&
1'
#232035000
0&
0'
#232055000
1)
#232065000
0)
1&
1'
#232075000
0&
0'
#232095000
1)
#232105000
0)
1&
1'
#232115000
0&
0'
#232135000
1)
#232145000
0)
1&
1'
#232155000
0&
0'
#232175000
1)
#232185000
0)
1&
1'
#232195000
0&
0'
#232215000
1)
#232225000
0)
1&
1'
#232235000
0&
0'
#232255000
1)
#232265000
0)
1&
1'
#232275000
0&
0'
#232295000
1)
#232305000
0)
1&
1'
#232315000
0&
0'
#232335000
1)
#232345000
0)
1&
1'
#232355000
0&
0'
#232375000
1)
#232385000
0)
1&
1'
#232395000
0&
0'
#232415000
1)
#232425000
0)
1&
1'
#232435000
0&
0'
#232455000
1)
#232465000
0)
1&
1'
#232475000
0&
0'
#232495000
1)
#232505000
0)
1&
1'
#232515000
0&
0'
#232535000
1)
#232545000
0)
1&
1'
#232555000
0&
0'
#232575000
1)
#232585000
0)
1&
1'
#232595000
0&
0'
#232615000
1)
#232625000
0)
1&
1'
#232635000
0&
0'
#232655000
1)
#232665000
0)
1&
1'
#232675000
0&
0'
#232695000
1)
#232705000
0)
1&
1'
#232715000
0&
0'
#232735000
1)
#232745000
0)
1&
1'
#232755000
0&
0'
#232775000
1)
#232785000
0)
1&
1'
#232795000
0&
0'
#232815000
1)
#232825000
0)
1&
1'
#232835000
0&
0'
#232855000
1)
#232865000
0)
1&
1'
#232875000
0&
0'
#232895000
1)
#232905000
0)
1&
1'
#232915000
0&
0'
#232935000
1)
#232945000
0)
1&
1'
#232955000
0&
0'
#232975000
1)
#232985000
0)
1&
1'
#232995000
0&
0'
#233015000
1)
#233025000
0)
1&
1'
#233035000
0&
0'
#233055000
1)
#233065000
0)
1&
1'
#233075000
0&
0'
#233095000
1)
#233105000
0)
1&
1'
#233115000
0&
0'
#233135000
1)
#233145000
0)
1&
1'
#233155000
0&
0'
#233175000
1)
#233185000
0)
1&
1'
#233195000
0&
0'
#233215000
1)
#233225000
0)
1&
1'
#233235000
0&
0'
#233255000
1)
#233265000
0)
1&
1'
#233275000
0&
0'
#233295000
1)
#233305000
0)
1&
1'
#233315000
0&
0'
#233335000
1)
#233345000
0)
1&
1'
#233355000
0&
0'
#233375000
1)
#233385000
0)
1&
1'
#233395000
0&
0'
#233415000
1)
#233425000
0)
1&
1'
#233435000
0&
0'
#233455000
1)
#233465000
0)
1&
1'
#233475000
0&
0'
#233495000
1)
#233505000
0)
1&
1'
#233515000
0&
0'
#233535000
1)
#233545000
0)
1&
1'
#233555000
0&
0'
#233575000
1)
#233585000
0)
1&
1'
#233595000
0&
0'
#233615000
1)
#233625000
0)
1&
1'
#233635000
0&
0'
#233655000
1)
#233665000
0)
1&
1'
#233675000
0&
0'
#233695000
1)
#233705000
0)
1&
1'
#233715000
0&
0'
#233735000
1)
#233745000
0)
1&
1'
#233755000
0&
0'
#233775000
1)
#233785000
0)
1&
1'
#233795000
0&
0'
#233815000
1)
#233825000
0)
1&
1'
#233835000
0&
0'
#233855000
1)
#233865000
0)
1&
1'
#233875000
0&
0'
#233895000
1)
#233905000
0)
1&
1'
#233915000
0&
0'
#233935000
1)
#233945000
0)
1&
1'
#233955000
0&
0'
#233975000
1)
#233985000
0)
1&
1'
#233995000
0&
0'
#234015000
1)
#234025000
0)
1&
1'
#234035000
0&
0'
#234055000
1)
#234065000
0)
1&
1'
#234075000
0&
0'
#234095000
1)
#234105000
0)
1&
1'
#234115000
0&
0'
#234135000
1)
#234145000
0)
1&
1'
#234155000
0&
0'
#234175000
1)
#234185000
0)
1&
1'
#234195000
0&
0'
#234215000
1)
#234225000
0)
1&
1'
#234235000
0&
0'
#234255000
1)
#234265000
0)
1&
1'
#234275000
0&
0'
#234295000
1)
#234305000
0)
1&
1'
#234315000
0&
0'
#234335000
1)
#234345000
0)
1&
1'
#234355000
0&
0'
#234375000
1)
#234385000
0)
1&
1'
#234395000
0&
0'
#234415000
1)
#234425000
0)
1&
1'
#234435000
0&
0'
#234455000
1)
#234465000
0)
1&
1'
#234475000
0&
0'
#234495000
1)
#234505000
0)
1&
1'
#234515000
0&
0'
#234535000
1)
#234545000
0)
1&
1'
#234555000
0&
0'
#234575000
1)
#234585000
0)
1&
1'
#234595000
0&
0'
#234615000
1)
#234625000
0)
1&
1'
#234635000
0&
0'
#234655000
1)
#234665000
0)
1&
1'
#234675000
0&
0'
#234695000
1)
#234705000
0)
1&
1'
#234715000
0&
0'
#234735000
1)
#234745000
0)
1&
1'
#234755000
0&
0'
#234775000
1)
#234785000
0)
1&
1'
#234795000
0&
0'
#234815000
1)
#234825000
0)
1&
1'
#234835000
0&
0'
#234855000
1)
#234865000
0)
1&
1'
#234875000
0&
0'
#234895000
1)
#234905000
0)
1&
1'
#234915000
0&
0'
#234935000
1)
#234945000
0)
1&
1'
#234955000
0&
0'
#234975000
1)
#234985000
0)
1&
1'
#234995000
0&
0'
#235015000
1)
#235025000
0)
1&
1'
#235035000
0&
0'
#235055000
1)
#235065000
0)
1&
1'
#235075000
0&
0'
#235095000
1)
#235105000
0)
1&
1'
#235115000
0&
0'
#235135000
1)
#235145000
0)
1&
1'
#235155000
0&
0'
#235175000
1)
#235185000
0)
1&
1'
#235195000
0&
0'
#235215000
1)
#235225000
0)
1&
1'
#235235000
0&
0'
#235255000
1)
#235265000
0)
1&
1'
#235275000
0&
0'
#235295000
1)
#235305000
0)
1&
1'
#235315000
0&
0'
#235335000
1)
#235345000
0)
1&
1'
#235355000
0&
0'
#235375000
1)
#235385000
0)
1&
1'
#235395000
0&
0'
#235415000
1)
#235425000
0)
1&
1'
#235435000
0&
0'
#235455000
1)
#235465000
0)
1&
1'
#235475000
0&
0'
#235495000
1)
#235505000
0)
1&
1'
#235515000
0&
0'
#235535000
1)
#235545000
0)
1&
1'
#235555000
0&
0'
#235575000
1)
#235585000
0)
1&
1'
#235595000
0&
0'
#235615000
1)
#235625000
0)
1&
1'
#235635000
0&
0'
#235655000
1)
#235665000
0)
1&
1'
#235675000
0&
0'
#235695000
1)
#235705000
0)
1&
1'
#235715000
0&
0'
#235735000
1)
#235745000
0)
1&
1'
#235755000
0&
0'
#235775000
1)
#235785000
0)
1&
1'
#235795000
0&
0'
#235815000
1)
#235825000
0)
1&
1'
#235835000
0&
0'
#235855000
1)
#235865000
0)
1&
1'
#235875000
0&
0'
#235895000
1)
#235905000
0)
1&
1'
#235915000
0&
0'
#235935000
1)
#235945000
0)
1&
1'
#235955000
0&
0'
#235975000
1)
#235985000
0)
1&
1'
#235995000
0&
0'
#236015000
1)
#236025000
0)
1&
1'
#236035000
0&
0'
#236055000
1)
#236065000
0)
1&
1'
#236075000
0&
0'
#236095000
1)
#236105000
0)
1&
1'
#236115000
0&
0'
#236135000
1)
#236145000
0)
1&
1'
#236155000
0&
0'
#236175000
1)
#236185000
0)
1&
1'
#236195000
0&
0'
#236215000
1)
#236225000
0)
1&
1'
#236235000
0&
0'
#236255000
1)
#236265000
0)
1&
1'
#236275000
0&
0'
#236295000
1)
#236305000
0)
1&
1'
#236315000
0&
0'
#236335000
1)
#236345000
0)
1&
1'
#236355000
0&
0'
#236375000
1)
#236385000
0)
1&
1'
#236395000
0&
0'
#236415000
1)
#236425000
0)
1&
1'
#236435000
0&
0'
#236455000
1)
#236465000
0)
1&
1'
#236475000
0&
0'
#236495000
1)
#236505000
0)
1&
1'
#236515000
0&
0'
#236535000
1)
#236545000
0)
1&
1'
#236555000
0&
0'
#236575000
1)
#236585000
0)
1&
1'
#236595000
0&
0'
#236615000
1)
#236625000
0)
1&
1'
#236635000
0&
0'
#236655000
1)
#236665000
0)
1&
1'
#236675000
0&
0'
#236695000
1)
#236705000
0)
1&
1'
#236715000
0&
0'
#236735000
1)
#236745000
0)
1&
1'
#236755000
0&
0'
#236775000
1)
#236785000
0)
1&
1'
#236795000
0&
0'
#236815000
1)
#236825000
0)
1&
1'
#236835000
0&
0'
#236855000
1)
#236865000
0)
1&
1'
#236875000
0&
0'
#236895000
1)
#236905000
0)
1&
1'
#236915000
0&
0'
#236935000
1)
#236945000
0)
1&
1'
#236955000
0&
0'
#236975000
1)
#236985000
0)
1&
1'
#236995000
0&
0'
#237015000
1)
#237025000
0)
1&
1'
#237035000
0&
0'
#237055000
1)
#237065000
0)
1&
1'
#237075000
0&
0'
#237095000
1)
#237105000
0)
1&
1'
#237115000
0&
0'
#237135000
1)
#237145000
0)
1&
1'
#237155000
0&
0'
#237175000
1)
#237185000
0)
1&
1'
#237195000
0&
0'
#237215000
1)
#237225000
0)
1&
1'
#237235000
0&
0'
#237255000
1)
#237265000
0)
1&
1'
#237275000
0&
0'
#237295000
1)
#237305000
0)
1&
1'
#237315000
0&
0'
#237335000
1)
#237345000
0)
1&
1'
#237355000
0&
0'
#237375000
1)
#237385000
0)
1&
1'
#237395000
0&
0'
#237415000
1)
#237425000
0)
1&
1'
#237435000
0&
0'
#237455000
1)
#237465000
0)
1&
1'
#237475000
0&
0'
#237495000
1)
#237505000
0)
1&
1'
#237515000
0&
0'
#237535000
1)
#237545000
0)
1&
1'
#237555000
0&
0'
#237575000
1)
#237585000
0)
1&
1'
#237595000
0&
0'
#237615000
1)
#237625000
0)
1&
1'
#237635000
0&
0'
#237655000
1)
#237665000
0)
1&
1'
#237675000
0&
0'
#237695000
1)
#237705000
0)
1&
1'
#237715000
0&
0'
#237735000
1)
#237745000
0)
1&
1'
#237755000
0&
0'
#237775000
1)
#237785000
0)
1&
1'
#237795000
0&
0'
#237815000
1)
#237825000
0)
1&
1'
#237835000
0&
0'
#237855000
1)
#237865000
0)
1&
1'
#237875000
0&
0'
#237895000
1)
#237905000
0)
1&
1'
#237915000
0&
0'
#237935000
1)
#237945000
0)
1&
1'
#237955000
0&
0'
#237975000
1)
#237985000
0)
1&
1'
#237995000
0&
0'
#238015000
1)
#238025000
0)
1&
1'
#238035000
0&
0'
#238055000
1)
#238065000
0)
1&
1'
#238075000
0&
0'
#238095000
1)
#238105000
0)
1&
1'
#238115000
0&
0'
#238135000
1)
#238145000
0)
1&
1'
#238155000
0&
0'
#238175000
1)
#238185000
0)
1&
1'
#238195000
0&
0'
#238215000
1)
#238225000
0)
1&
1'
#238235000
0&
0'
#238255000
1)
#238265000
0)
1&
1'
#238275000
0&
0'
#238295000
1)
#238305000
0)
1&
1'
#238315000
0&
0'
#238335000
1)
#238345000
0)
0"
1'
#238365000
1&
1"
#238375000
0&
0'
#238395000
1)
#238405000
0)
1&
1'
#238415000
0&
0'
#238435000
1)
#238445000
0)
1&
1'
#238455000
0&
0'
#238475000
1)
#238485000
0)
1&
1'
#238495000
0&
0'
#238515000
1)
#238525000
0)
1&
1'
#238535000
0&
0'
#238555000
1)
#238565000
0)
1&
1'
#238575000
0&
0'
#238595000
1)
#238605000
0)
1&
1'
#238615000
0&
0'
#238635000
1)
#238645000
0)
1&
1'
#238655000
0&
0'
#238675000
1)
#238685000
0)
1&
1'
#238695000
0&
0'
#238715000
1)
#238725000
0)
1&
1'
#238735000
0&
0'
#238755000
1)
#238765000
0)
1&
1'
#238775000
0&
0'
#238795000
1)
#238805000
0)
1&
1'
#238815000
0&
0'
#238835000
1)
#238845000
0)
1&
1'
#238855000
0&
0'
#238875000
1)
#238885000
0)
1&
1'
#238895000
0&
0'
#238915000
1)
#238925000
0)
1&
1'
#238935000
0&
0'
#238955000
1)
#238965000
0)
1&
1'
#238975000
0&
0'
#238995000
1)
#239005000
0)
1&
1'
#239015000
0&
0'
#239035000
1)
#239045000
0)
1&
1'
#239055000
0&
0'
#239075000
1)
#239085000
0)
1&
1'
#239095000
0&
0'
#239115000
1)
#239125000
0)
1&
1'
#239135000
0&
0'
#239155000
1)
#239165000
0)
1&
1'
#239175000
0&
0'
#239195000
1)
#239205000
0)
1&
1'
#239215000
0&
0'
#239235000
1)
#239245000
0)
1&
1'
#239255000
0&
0'
#239275000
1)
#239285000
0)
1&
1'
#239295000
0&
0'
#239315000
1)
#239325000
0)
1&
1'
#239335000
0&
0'
#239355000
1)
#239365000
0)
1&
1'
#239375000
0&
0'
#239395000
1)
#239405000
0)
1&
1'
#239415000
0&
0'
#239435000
1)
#239445000
0)
1&
1'
#239455000
0&
0'
#239475000
1)
#239485000
0)
1&
1'
#239495000
0&
0'
#239515000
1)
#239525000
0)
1&
1'
#239535000
0&
0'
#239555000
1)
#239565000
0)
1&
1'
#239575000
0&
0'
#239595000
1)
#239605000
0)
1&
1'
#239615000
0&
0'
#239635000
1)
#239645000
0)
1&
1'
#239655000
0&
0'
#239675000
1)
#239685000
0)
1&
1'
#239695000
0&
0'
#239715000
1)
#239725000
0)
1&
1'
#239735000
0&
0'
#239755000
1)
#239765000
0)
1&
1'
#239775000
0&
0'
#239795000
1)
#239805000
0)
1&
1'
#239815000
0&
0'
#239835000
1)
#239845000
0)
1&
1'
#239855000
0&
0'
#239875000
1)
#239885000
0)
1&
1'
#239895000
0&
0'
#239915000
1)
#239925000
0)
1&
1'
#239935000
0&
0'
#239955000
1)
#239965000
0)
1&
1'
#239975000
0&
0'
#239995000
1)
#240005000
0)
1&
1'
#240015000
0&
0'
#240035000
1)
#240045000
0)
1&
1'
#240055000
0&
0'
#240075000
1)
#240085000
0)
1&
1'
#240095000
0&
0'
#240115000
1)
#240125000
0)
1&
1'
#240135000
0&
0'
#240155000
1)
#240165000
0)
1&
1'
#240175000
0&
0'
#240195000
1)
#240205000
0)
1&
1'
#240215000
0&
0'
#240235000
1)
#240245000
0)
1&
1'
#240255000
0&
0'
#240275000
1)
#240285000
0)
1&
1'
#240295000
0&
0'
#240315000
1)
#240325000
0)
1&
1'
#240335000
0&
0'
#240355000
1)
#240365000
0)
1&
1'
#240375000
0&
0'
#240395000
1)
#240405000
0)
1&
1'
#240415000
0&
0'
#240435000
1)
#240445000
0)
0"
1'
#240465000
b0 ,
1#
#240565000
1$
#240575000
0$
#240655000
1$
#240665000
0$
#240745000
1$
#240755000
0$
#240835000
1$
#240845000
0$
#240925000
1$
#240935000
0$
#241015000
1$
#241025000
0$
#241105000
1$
#241115000
0$
#241195000
1$
#241205000
0$
#241285000
1$
#241295000
0$
#241375000
1$
#241385000
0$
#241465000
1$
#241475000
0$
#241555000
1$
#241565000
0$
#241645000
1$
#241655000
0$
#241675000
1%
#241685000
b100 +
#241785000
1$
#241795000
0$
#241835000
0%
#241875000
1$
#241885000
0$
#241965000
1$
#241975000
0$
#242055000
1$
#242065000
0$
#242145000
1$
#242155000
0$
#242235000
1$
#242245000
0$
#242325000
1$
#242335000
0$
#242415000
1$
#242425000
0$
#242505000
1$
#242515000
0$
#242595000
1$
#242605000
0$
#242685000
1$
#242695000
0$
#242775000
1$
#242785000
0$
#242865000
1$
#242875000
0$
#242895000
1%
#242905000
b1000 +
#243005000
1$
#243015000
0$
#243055000
0%
#243095000
1$
#243105000
0$
#243185000
1$
#243195000
0$
#243275000
1$
#243285000
0$
#243365000
1$
#243375000
0$
#243455000
1$
#243465000
0$
#243545000
1$
#243555000
0$
#243635000
1$
#243645000
0$
#243725000
1$
#243735000
0$
#243815000
1$
#243825000
0$
#243905000
1$
#243915000
0$
#243995000
1$
#244005000
0$
#244085000
1$
#244095000
0$
#244115000
1%
#244125000
b1100 +
#244225000
1$
#244235000
0$
#244275000
0%
#244315000
1$
#244325000
0$
#244405000
1$
#244415000
0$
#244495000
1$
#244505000
0$
#244585000
1$
#244595000
0$
#244675000
1$
#244685000
0$
#244765000
1$
#244775000
0$
#244855000
1$
#244865000
0$
#244945000
1$
#244955000
0$
#245035000
1$
#245045000
0$
#245125000
1$
#245135000
0$
#245215000
1$
#245225000
0$
#245305000
1$
#245315000
0$
#245335000
1%
#245355000
0#
#245495000
0%
#245515000
1"
#245535000
1(
1&
#245545000
0(
0&
0'
#245565000
1)
#245575000
0)
1'
#245595000
1(
1&
#245605000
0(
0&
0'
#245625000
1)
#245635000
0)
1'
#245655000
1(
1&
#245665000
0(
0&
0'
#245685000
1)
#245695000
0)
1'
#245715000
1(
1&
#245725000
0(
0&
0'
#245745000
1)
#245755000
0)
1'
#245775000
1(
1&
#245785000
0(
0&
0'
#245805000
1)
#245815000
0)
1'
#245835000
1(
1&
#245845000
0(
0&
0'
#245865000
1)
#245875000
0)
1'
#245895000
1(
1&
#245905000
0(
0&
0'
#245925000
1)
#245935000
0)
1'
#245955000
1(
1&
#245965000
0(
0&
0'
#245985000
1)
#245995000
0)
1'
#246015000
1(
1&
#246025000
0(
0&
0'
#246045000
1)
#246055000
0)
1'
#246075000
1(
1&
#246085000
0(
0&
0'
#246105000
1)
#246115000
0)
1'
#246135000
1(
1&
#246145000
0(
0&
0'
#246165000
1)
#246175000
0)
1'
#246195000
1(
1&
#246205000
0(
0&
0'
#246225000
1)
#246235000
0)
1'
#246255000
1(
1&
#246265000
0(
0&
0'
#246285000
1)
#246295000
0)
1'
#246315000
1(
1&
#246325000
0(
0&
0'
#246345000
1)
#246355000
0)
1'
#246375000
1(
1&
#246385000
0(
0&
0'
#246405000
1)
#246415000
0)
1'
#246435000
1(
1&
#246445000
0(
0&
0'
#246465000
1)
#246475000
0)
1'
#246495000
1(
1&
#246505000
0(
0&
0'
#246525000
1)
#246535000
0)
1'
#246555000
1(
1&
#246565000
0(
0&
0'
#246585000
1)
#246595000
0)
1'
#246615000
1(
1&
#246625000
0(
0&
0'
#246645000
1)
#246655000
0)
1'
#246675000
1(
1&
#246685000
0(
0&
0'
#246705000
1)
#246715000
0)
1'
#246735000
1(
1&
#246745000
0(
0&
0'
#246765000
1)
#246775000
0)
1'
#246795000
1(
1&
#246805000
0(
0&
0'
#246825000
1)
#246835000
0)
1'
#246855000
1(
1&
#246865000
0(
0&
0'
#246885000
1)
#246895000
0)
1'
#246915000
1(
1&
#246925000
0(
0&
0'
#246945000
1)
#246955000
0)
1'
#246975000
1(
1&
#246985000
0(
0&
0'
#247005000
1)
#247015000
0)
1'
#247035000
1(
1&
#247045000
0(
0&
0'
#247065000
1)
#247075000
0)
1'
#247095000
1(
1&
#247105000
0(
0&
0'
#247125000
1)
#247135000
0)
1'
#247155000
1(
1&
#247165000
0(
0&
0'
#247185000
1)
#247195000
0)
1'
#247215000
1(
1&
#247225000
0(
0&
0'
#247245000
1)
#247255000
0)
1'
#247275000
1(
1&
#247285000
0(
0&
0'
#247305000
1)
#247315000
0)
1'
#247335000
1(
1&
#247345000
0(
0&
0'
#247365000
1)
#247375000
0)
1'
#247395000
1(
1&
#247405000
0(
0&
0'
#247425000
1)
#247435000
0)
1'
#247455000
1(
1&
#247465000
0(
0&
0'
#247485000
1)
#247495000
0)
1'
#247515000
1(
1&
#247525000
0(
0&
0'
#247545000
1)
#247555000
0)
1'
#247575000
1(
1&
#247585000
0(
0&
0'
#247605000
1)
#247615000
0)
1'
#247635000
1(
1&
#247645000
0(
0&
0'
#247665000
1)
#247675000
0)
1'
#247695000
1(
1&
#247705000
0(
0&
0'
#247725000
1)
#247735000
0)
1'
#247755000
1(
1&
#247765000
0(
0&
0'
#247785000
1)
#247795000
0)
1'
#247815000
1(
1&
#247825000
0(
0&
0'
#247845000
1)
#247855000
0)
1'
#247875000
1(
1&
#247885000
0(
0&
0'
#247905000
1)
#247915000
0)
1'
#247935000
1(
1&
#247945000
0(
0&
0'
#247965000
1)
#247975000
0)
1'
#247995000
1(
1&
#248005000
0(
0&
0'
#248025000
1)
#248035000
0)
1'
#248055000
1(
1&
#248065000
0(
0&
0'
#248085000
1)
#248095000
0)
1'
#248115000
1(
1&
#248125000
0(
0&
0'
#248145000
1)
#248155000
0)
1'
#248175000
1(
1&
#248185000
0(
0&
0'
#248205000
1)
#248215000
0)
1'
#248235000
1(
1&
#248245000
0(
0&
0'
#248265000
1)
#248275000
0)
1'
#248295000
1(
1&
#248305000
0(
0&
0'
#248325000
1)
#248335000
0)
1'
#248355000
1(
1&
#248365000
0(
0&
0'
#248385000
1)
#248395000
0)
1'
#248415000
1(
1&
#248425000
0(
0&
0'
#248445000
1)
#248455000
0)
1'
#248475000
1(
1&
#248485000
0(
0&
0'
#248505000
1)
#248515000
0)
1'
#248535000
1(
1&
#248545000
0(
0&
0'
#248565000
1)
#248575000
0)
1'
#248595000
1(
1&
#248605000
0(
0&
0'
#248625000
1)
#248635000
0)
0"
1'
#248645000
0!
#248655000
1*
#248865000
0*
#249145000
1!
#249155000
1&
1"
#249165000
0&
0'
#249195000
1)
#249205000
0)
1&
1'
#249215000
0&
0'
#249245000
1)
#249255000
0)
1&
1'
#249265000
0&
0'
#249295000
1)
#249305000
0)
1&
1'
#249315000
0&
0'
#249345000
1)
#249355000
0)
1&
1'
#249365000
0&
0'
#249395000
1)
#249405000
0)
1&
1'
#249415000
0&
0'
#249445000
1)
#249455000
0)
1&
1'
#249465000
0&
0'
#249495000
1)
#249505000
0)
1&
1'
#249515000
0&
0'
#249545000
1)
#249555000
0)
1&
1'
#249565000
0&
0'
#249595000
1)
#249605000
0)
1&
1'
#249615000
0&
0'
#249645000
1)
#249655000
0)
1&
1'
#249665000
0&
0'
#249695000
1)
#249705000
0)
1&
1'
#249715000
0&
0'
#249745000
1)
#249755000
0)
1&
1'
#249765000
0&
0'
#249795000
1)
#249805000
0)
1&
1'
#249815000
0&
0'
#249845000
1)
#249855000
0)
1&
1'
#249865000
0&
0'
#249895000
1)
#249905000
0)
1&
1'
#249915000
0&
0'
#249945000
1)
#249955000
0)
1&
1'
#249965000
0&
0'
#249995000
1)
#250005000
0)
1&
1'
#250015000
0&
0'
#250045000
1)
#250055000
0)
1&
1'
#250065000
0&
0'
#250095000
1)
#250105000
0)
1&
1'
#250115000
0&
0'
#250145000
1)
#250155000
0)
1&
1'
#250165000
0&
0'
#250195000
1)
#250205000
0)
1&
1'
#250215000
0&
0'
#250245000
1)
#250255000
0)
1&
1'
#250265000
0&
0'
#250295000
1)
#250305000
0)
1&
1'
#250315000
0&
0'
#250345000
1)
#250355000
0)
1&
1'
#250365000
0&
0'
#250395000
1)
#250405000
0)
1&
1'
#250415000
0&
0'
#250445000
1)
#250455000
0)
1&
1'
#250465000
0&
0'
#250495000
1)
#250505000
0)
1&
1'
#250515000
0&
0'
#250545000
1)
#250555000
0)
1&
1'
#250565000
0&
0'
#250595000
1)
#250605000
0)
1&
1'
#250615000
0&
0'
#250645000
1)
#250655000
0)
1&
1'
#250665000
0&
0'
#250695000
1)
#250705000
0)
1&
1'
#250715000
0&
0'
#250745000
1)
#250755000
0)
1&
1'
#250765000
0&
0'
#250795000
1)
#250805000
0)
1&
1'
#250815000
0&
0'
#250845000
1)
#250855000
0)
1&
1'
#250865000
0&
0'
#250895000
1)
#250905000
0)
1&
1'
#250915000
0&
0'
#250945000
1)
#250955000
0)
1&
1'
#250965000
0&
0'
#250995000
1)
#251005000
0)
1&
1'
#251015000
0&
0'
#251045000
1)
#251055000
0)
1&
1'
#251065000
0&
0'
#251095000
1)
#251105000
0)
1&
1'
#251115000
0&
0'
#251145000
1)
#251155000
0)
1&
1'
#251165000
0&
0'
#251195000
1)
#251205000
0)
1&
1'
#251215000
0&
0'
#251245000
1)
#251255000
0)
1&
1'
#251265000
0&
0'
#251295000
1)
#251305000
0)
1&
1'
#251315000
0&
0'
#251345000
1)
#251355000
0)
1&
1'
#251365000
0&
0'
#251395000
1)
#251405000
0)
1&
1'
#251415000
0&
0'
#251445000
1)
#251455000
0)
1&
1'
#251465000
0&
0'
#251495000
1)
#251505000
0)
1&
1'
#251515000
0&
0'
#251545000
1)
#251555000
0)
1&
1'
#251565000
0&
0'
#251595000
1)
#251605000
0)
1&
1'
#251615000
0&
0'
#251645000
1)
#251655000
0)
1&
1'
#251665000
0&
0'
#251695000
1)
#251705000
0)
1&
1'
#251715000
0&
0'
#251745000
1)
#251755000
0)
1&
1'
#251765000
0&
0'
#251795000
1)
#251805000
0)
1&
1'
#251815000
0&
0'
#251845000
1)
#251855000
0)
1&
1'
#251865000
0&
0'
#251895000
1)
#251905000
0)
1&
1'
#251915000
0&
0'
#251945000
1)
#251955000
0)
1&
1'
#251965000
0&
0'
#251995000
1)
#252005000
0)
1&
1'
#252015000
0&
0'
#252045000
1)
#252055000
0)
1&
1'
#252065000
0&
0'
#252095000
1)
#252105000
0)
1&
1'
#252115000
0&
0'
#252145000
1)
#252155000
0)
1&
1'
#252165000
0&
0'
#252195000
1)
#252205000
0)
1&
1'
#252215000
0&
0'
#252245000
1)
#252255000
0)
1&
1'
#252265000
0&
0'
#252295000
1)
#252305000
0)
1&
1'
#252315000
0&
0'
#252345000
1)
#252355000
0)
1&
1'
#252365000
0&
0'
#252395000
1)
#252405000
0)
1&
1'
#252415000
0&
0'
#252445000
1)
#252455000
0)
1&
1'
#252465000
0&
0'
#252495000
1)
#252505000
0)
1&
1'
#252515000
0&
0'
#252545000
1)
#252555000
0)
1&
1'
#252565000
0&
0'
#252595000
1)
#252605000
0)
1&
1'
#252615000
0&
0'
#252645000
1)
#252655000
0)
1&
1'
#252665000
0&
0'
#252695000
1)
#252705000
0)
1&
1'
#252715000
0&
0'
#252745000
1)
#252755000
0)
1&
1'
#252765000
0&
0'
#252795000
1)
#252805000
0)
1&
1'
#252815000
0&
0'
#252845000
1)
#252855000
0)
1&
1'
#252865000
0&
0'
#252895000
1)
#252905000
0)
1&
1'
#252915000
0&
0'
#252945000
1)
#252955000
0)
1&
1'
#252965000
0&
0'
#252995000
1)
#253005000
0)
1&
1'
#253015000
0&
0'
#253045000
1)
#253055000
0)
1&
1'
#253065000
0&
0'
#253095000
1)
#253105000
0)
1&
1'
#253115000
0&
0'
#253145000
1)
#253155000
0)
1&
1'
#253165000
0&
0'
#253195000
1)
#253205000
0)
1&
1'
#253215000
0&
0'
#253245000
1)
#253255000
0)
1&
1'
#253265000
0&
0'
#253295000
1)
#253305000
0)
1&
1'
#253315000
0&
0'
#253345000
1)
#253355000
0)
1&
1'
#253365000
0&
0'
#253395000
1)
#253405000
0)
1&
1'
#253415000
0&
0'
#253445000
1)
#253455000
0)
1&
1'
#253465000
0&
0'
#253495000
1)
#253505000
0)
1&
1'
#253515000
0&
0'
#253545000
1)
#253555000
0)
1&
1'
#253565000
0&
0'
#253595000
1)
#253605000
0)
1&
1'
#253615000
0&
0'
#253645000
1)
#253655000
0)
1&
1'
#253665000
0&
0'
#253695000
1)
#253705000
0)
1&
1'
#253715000
0&
0'
#253745000
1)
#253755000
0)
1&
1'
#253765000
0&
0'
#253795000
1)
#253805000
0)
1&
1'
#253815000
0&
0'
#253845000
1)
#253855000
0)
1&
1'
#253865000
0&
0'
#253895000
1)
#253905000
0)
1&
1'
#253915000
0&
0'
#253945000
1)
#253955000
0)
1&
1'
#253965000
0&
0'
#253995000
1)
#254005000
0)
1&
1'
#254015000
0&
0'
#254045000
1)
#254055000
0)
1&
1'
#254065000
0&
0'
#254095000
1)
#254105000
0)
1&
1'
#254115000
0&
0'
#254145000
1)
#254155000
0)
1&
1'
#254165000
0&
0'
#254195000
1)
#254205000
0)
1&
1'
#254215000
0&
0'
#254245000
1)
#254255000
0)
1&
1'
#254265000
0&
0'
#254295000
1)
#254305000
0)
1&
1'
#254315000
0&
0'
#254345000
1)
#254355000
0)
1&
1'
#254365000
0&
0'
#254395000
1)
#254405000
0)
1&
1'
#254415000
0&
0'
#254445000
1)
#254455000
0)
1&
1'
#254465000
0&
0'
#254495000
1)
#254505000
0)
1&
1'
#254515000
0&
0'
#254545000
1)
#254555000
0)
1&
1'
#254565000
0&
0'
#254595000
1)
#254605000
0)
1&
1'
#254615000
0&
0'
#254645000
1)
#254655000
0)
1&
1'
#254665000
0&
0'
#254695000
1)
#254705000
0)
1&
1'
#254715000
0&
0'
#254745000
1)
#254755000
0)
1&
1'
#254765000
0&
0'
#254795000
1)
#254805000
0)
1&
1'
#254815000
0&
0'
#254845000
1)
#254855000
0)
1&
1'
#254865000
0&
0'
#254895000
1)
#254905000
0)
1&
1'
#254915000
0&
0'
#254945000
1)
#254955000
0)
1&
1'
#254965000
0&
0'
#254995000
1)
#255005000
0)
1&
1'
#255015000
0&
0'
#255045000
1)
#255055000
0)
1&
1'
#255065000
0&
0'
#255095000
1)
#255105000
0)
1&
1'
#255115000
0&
0'
#255145000
1)
#255155000
0)
0"
1'
#255175000
1&
1"
#255185000
0&
0'
#255215000
1)
#255225000
0)
1&
1'
#255235000
0&
0'
#255265000
1)
#255275000
0)
1&
1'
#255285000
0&
0'
#255315000
1)
#255325000
0)
1&
1'
#255335000
0&
0'
#255365000
1)
#255375000
0)
1&
1'
#255385000
0&
0'
#255415000
1)
#255425000
0)
1&
1'
#255435000
0&
0'
#255465000
1)
#255475000
0)
1&
1'
#255485000
0&
0'
#255515000
1)
#255525000
0)
1&
1'
#255535000
0&
0'
#255565000
1)
#255575000
0)
1&
1'
#255585000
0&
0'
#255615000
1)
#255625000
0)
1&
1'
#255635000
0&
0'
#255665000
1)
#255675000
0)
1&
1'
#255685000
0&
0'
#255715000
1)
#255725000
0)
1&
1'
#255735000
0&
0'
#255765000
1)
#255775000
0)
1&
1'
#255785000
0&
0'
#255815000
1)
#255825000
0)
1&
1'
#255835000
0&
0'
#255865000
1)
#255875000
0)
1&
1'
#255885000
0&
0'
#255915000
1)
#255925000
0)
1&
1'
#255935000
0&
0'
#255965000
1)
#255975000
0)
1&
1'
#255985000
0&
0'
#256015000
1)
#256025000
0)
1&
1'
#256035000
0&
0'
#256065000
1)
#256075000
0)
1&
1'
#256085000
0&
0'
#256115000
1)
#256125000
0)
1&
1'
#256135000
0&
0'
#256165000
1)
#256175000
0)
1&
1'
#256185000
0&
0'
#256215000
1)
#256225000
0)
1&
1'
#256235000
0&
0'
#256265000
1)
#256275000
0)
1&
1'
#256285000
0&
0'
#256315000
1)
#256325000
0)
1&
1'
#256335000
0&
0'
#256365000
1)
#256375000
0)
1&
1'
#256385000
0&
0'
#256415000
1)
#256425000
0)
1&
1'
#256435000
0&
0'
#256465000
1)
#256475000
0)
1&
1'
#256485000
0&
0'
#256515000
1)
#256525000
0)
1&
1'
#256535000
0&
0'
#256565000
1)
#256575000
0)
1&
1'
#256585000
0&
0'
#256615000
1)
#256625000
0)
1&
1'
#256635000
0&
0'
#256665000
1)
#256675000
0)
1&
1'
#256685000
0&
0'
#256715000
1)
#256725000
0)
1&
1'
#256735000
0&
0'
#256765000
1)
#256775000
0)
1&
1'
#256785000
0&
0'
#256815000
1)
#256825000
0)
1&
1'
#256835000
0&
0'
#256865000
1)
#256875000
0)
1&
1'
#256885000
0&
0'
#256915000
1)
#256925000
0)
1&
1'
#256935000
0&
0'
#256965000
1)
#256975000
0)
1&
1'
#256985000
0&
0'
#257015000
1)
#257025000
0)
1&
1'
#257035000
0&
0'
#257065000
1)
#257075000
0)
1&
1'
#257085000
0&
0'
#257115000
1)
#257125000
0)
1&
1'
#257135000
0&
0'
#257165000
1)
#257175000
0)
1&
1'
#257185000
0&
0'
#257215000
1)
#257225000
0)
1&
1'
#257235000
0&
0'
#257265000
1)
#257275000
0)
1&
1'
#257285000
0&
0'
#257315000
1)
#257325000
0)
1&
1'
#257335000
0&
0'
#257365000
1)
#257375000
0)
1&
1'
#257385000
0&
0'
#257415000
1)
#257425000
0)
1&
1'
#257435000
0&
0'
#257465000
1)
#257475000
0)
1&
1'
#257485000
0&
0'
#257515000
1)
#257525000
0)
1&
1'
#257535000
0&
0'
#257565000
1)
#257575000
0)
1&
1'
#257585000
0&
0'
#257615000
1)
#257625000
0)
1&
1'
#257635000
0&
0'
#257665000
1)
#257675000
0)
1&
1'
#257685000
0&
0'
#257715000
1)
#257725000
0)
1&
1'
#257735000
0&
0'
#257765000
1)
#257775000
0)
1&
1'
#257785000
0&
0'
#257815000
1)
#257825000
0)
1&
1'
#257835000
0&
0'
#257865000
1)
#257875000
0)
1&
1'
#257885000
0&
0'
#257915000
1)
#257925000
0)
1&
1'
#257935000
0&
0'
#257965000
1)
#257975000
0)
1&
1'
#257985000
0&
0'
#258015000
1)
#258025000
0)
1&
1'
#258035000
0&
0'
#258065000
1)
#258075000
0)
1&
1'
#258085000
0&
0'
#258115000
1)
#258125000
0)
1&
1'
#258135000
0&
0'
#258165000
1)
#258175000
0)
1&
1'
#258185000
0&
0'
#258215000
1)
#258225000
0)
1&
1'
#258235000
0&
0'
#258265000
1)
#258275000
0)
1&
1'
#258285000
0&
0'
#258315000
1)
#258325000
0)
1&
1'
#258335000
0&
0'
#258365000
1)
#258375000
0)
1&
1'
#258385000
0&
0'
#258415000
1)
#258425000
0)
1&
1'
#258435000
0&
0'
#258465000
1)
#258475000
0)
1&
1'
#258485000
0&
0'
#258515000
1)
#258525000
0)
1&
1'
#258535000
0&
0'
#258565000
1)
#258575000
0)
1&
1'
#258585000
0&
0'
#258615000
1)
#258625000
0)
1&
1'
#258635000
0&
0'
#258665000
1)
#258675000
0)
1&
1'
#258685000
0&
0'
#258715000
1)
#258725000
0)
1&
1'
#258735000
0&
0'
#258765000
1)
#258775000
0)
1&
1'
#258785000
0&
0'
#258815000
1)
#258825000
0)
1&
1'
#258835000
0&
0'
#258865000
1)
#258875000
0)
1&
1'
#258885000
0&
0'
#258915000
1)
#258925000
0)
1&
1'
#258935000
0&
0'
#258965000
1)
#258975000
0)
1&
1'
#258985000
0&
0'
#259015000
1)
#259025000
0)
1&
1'
#259035000
0&
0'
#259065000
1)
#259075000
0)
1&
1'
#259085000
0&
0'
#259115000
1)
#259125000
0)
1&
1'
#259135000
0&
0'
#259165000
1)
#259175000
0)
1&
1'
#259185000
0&
0'
#259215000
1)
#259225000
0)
1&
1'
#259235000
0&
0'
#259265000
1)
#259275000
0)
1&
1'
#259285000
0&
0'
#259315000
1)
#259325000
0)
1&
1'
#259335000
0&
0'
#259365000
1)
#259375000
0)
1&
1'
#259385000
0&
0'
#259415000
1)
#259425000
0)
1&
1'
#259435000
0&
0'
#259465000
1)
#259475000
0)
1&
1'
#259485000
0&
0'
#259515000
1)
#259525000
0)
1&
1'
#259535000
0&
0'
#259565000
1)
#259575000
0)
1&
1'
#259585000
0&
0'
#259615000
1)
#259625000
0)
1&
1'
#259635000
0&
0'
#259665000
1)
#259675000
0)
1&
1'
#259685000
0&
0'
#259715000
1)
#259725000
0)
1&
1'
#259735000
0&
0'
#259765000
1)
#259775000
0)
1&
1'
#259785000
0&
0'
#259815000
1)
#259825000
0)
1&
1'
#259835000
0&
0'
#259865000
1)
#259875000
0)
1&
1'
#259885000
0&
0'
#259915000
1)
#259925000
0)
1&
1'
#259935000
0&
0'
#259965000
1)
#259975000
0)
1&
1'
#259985000
0&
0'
#260015000
1)
#260025000
0)
1&
1'
#260035000
0&
0'
#260065000
1)
#260075000
0)
1&
1'
#260085000
0&
0'
#260115000
1)
#260125000
0)
1&
1'
#260135000
0&
0'
#260165000
1)
#260175000
0)
1&
1'
#260185000
0&
0'
#260215000
1)
#260225000
0)
1&
1'
#260235000
0&
0'
#260265000
1)
#260275000
0)
1&
1'
#260285000
0&
0'
#260315000
1)
#260325000
0)
1&
1'
#260335000
0&
0'
#260365000
1)
#260375000
0)
1&
1'
#260385000
0&
0'
#260415000
1)
#260425000
0)
1&
1'
#260435000
0&
0'
#260465000
1)
#260475000
0)
1&
1'
#260485000
0&
0'
#260515000
1)
#260525000
0)
1&
1'
#260535000
0&
0'
#260565000
1)
#260575000
0)
1&
1'
#260585000
0&
0'
#260615000
1)
#260625000
0)
1&
1'
#260635000
0&
0'
#260665000
1)
#260675000
0)
1&
1'
#260685000
0&
0'
#260715000
1)
#260725000
0)
1&
1'
#260735000
0&
0'
#260765000
1)
#260775000
0)
1&
1'
#260785000
0&
0'
#260815000
1)
#260825000
0)
1&
1'
#260835000
0&
0'
#260865000
1)
#260875000
0)
1&
1'
#260885000
0&
0'
#260915000
1)
#260925000
0)
1&
1'
#260935000
0&
0'
#260965000
1)
#260975000
0)
1&
1'
#260985000
0&
0'
#261015000
1)
#261025000
0)
1&
1'
#261035000
0&
0'
#261065000
1)
#261075000
0)
1&
1'
#261085000
0&
0'
#261115000
1)
#261125000
0)
1&
1'
#261135000
0&
0'
#261165000
1)
#261175000
0)
0"
1'
#261195000
b0 +
1#
#261295000
1$
#261305000
0$
#261385000
1$
#261395000
0$
#261475000
1$
#261485000
0$
#261565000
1$
#261575000
0$
#261655000
1$
#261665000
0$
#261745000
1$
#261755000
0$
#261835000
1$
#261845000
0$
#261925000
1$
#261935000
0$
#262015000
1$
#262025000
0$
#262105000
1$
#262115000
0$
#262195000
1$
#262205000
0$
#262285000
1$
#262295000
0$
#262315000
1%
#262325000
b100 ,
#262425000
1$
#262435000
0$
#262475000
0%
#262515000
1$
#262525000
0$
#262605000
1$
#262615000
0$
#262695000
1$
#262705000
0$
#262785000
1$
#262795000
0$
#262875000
1$
#262885000
0$
#262965000
1$
#262975000
0$
#263055000
1$
#263065000
0$
#263145000
1$
#263155000
0$
#263235000
1$
#263245000
0$
#263325000
1$
#263335000
0$
#263415000
1$
#263425000
0$
#263445000
1%
#263455000
b1000 ,
#263555000
1$
#263565000
0$
#263605000
0%
#263645000
1$
#263655000
0$
#263735000
1$
#263745000
0$
#263825000
1$
#263835000
0$
#263915000
1$
#263925000
0$
#264005000
1$
#264015000
0$
#264095000
1$
#264105000
0$
#264185000
1$
#264195000
0$
#264275000
1$
#264285000
0$
#264365000
1$
#264375000
0$
#264455000
1$
#264465000
0$
#264545000
1$
#264555000
0$
#264575000
1%
#264585000
b0 ,
b100 +
#264685000
1$
#264695000
0$
#264735000
0%
#264775000
1$
#264785000
0$
#264865000
1$
#264875000
0$
#264955000
1$
#264965000
0$
#265045000
1$
#265055000
0$
#265135000
1$
#265145000
0$
#265225000
1$
#265235000
0$
#265315000
1$
#265325000
0$
#265405000
1$
#265415000
0$
#265495000
1$
#265505000
0$
#265585000
1$
#265595000
0$
#265675000
1$
#265685000
0$
#265705000
1%
#265715000
b100 ,
#265815000
1$
#265825000
0$
#265865000
0%
#265905000
1$
#265915000
0$
#265995000
1$
#266005000
0$
#266085000
1$
#266095000
0$
#266175000
1$
#266185000
0$
#266265000
1$
#266275000
0$
#266355000
1$
#266365000
0$
#266445000
1$
#266455000
0$
#266535000
1$
#266545000
0$
#266625000
1$
#266635000
0$
#266715000
1$
#266725000
0$
#266805000
1$
#266815000
0$
#266835000
1%
#266845000
b1000 ,
#266945000
1$
#266955000
0$
#266995000
0%
#267035000
1$
#267045000
0$
#267125000
1$
#267135000
0$
#267215000
1$
#267225000
0$
#267305000
1$
#267315000
0$
#267395000
1$
#267405000
0$
#267485000
1$
#267495000
0$
#267575000
1$
#267585000
0$
#267665000
1$
#267675000
0$
#267755000
1$
#267765000
0$
#267845000
1$
#267855000
0$
#267935000
1$
#267945000
0$
#267965000
1%
#267975000
b0 ,
b1000 +
#268075000
1$
#268085000
0$
#268125000
0%
#268165000
1$
#268175000
0$
#268255000
1$
#268265000
0$
#268345000
1$
#268355000
0$
#268435000
1$
#268445000
0$
#268525000
1$
#268535000
0$
#268615000
1$
#268625000
0$
#268705000
1$
#268715000
0$
#268795000
1$
#268805000
0$
#268885000
1$
#268895000
0$
#268975000
1$
#268985000
0$
#269065000
1$
#269075000
0$
#269095000
1%
#269105000
b100 ,
#269205000
1$
#269215000
0$
#269255000
0%
#269295000
1$
#269305000
0$
#269385000
1$
#269395000
0$
#269475000
1$
#269485000
0$
#269565000
1$
#269575000
0$
#269655000
1$
#269665000
0$
#269745000
1$
#269755000
0$
#269835000
1$
#269845000
0$
#269925000
1$
#269935000
0$
#270015000
1$
#270025000
0$
#270105000
1$
#270115000
0$
#270195000
1$
#270205000
0$
#270225000
1%
#270235000
b1000 ,
#270335000
1$
#270345000
0$
#270385000
0%
#270425000
1$
#270435000
0$
#270515000
1$
#270525000
0$
#270605000
1$
#270615000
0$
#270695000
1$
#270705000
0$
#270785000
1$
#270795000
0$
#270875000
1$
#270885000
0$
#270965000
1$
#270975000
0$
#271055000
1$
#271065000
0$
#271145000
1$
#271155000
0$
#271235000
1$
#271245000
0$
#271325000
1$
#271335000
0$
#271355000
1%
#271375000
0#
#271515000
0%
#271535000
1"
#271555000
1(
1&
#271565000
0(
0&
0'
#271595000
1)
#271605000
0)
1'
#271625000
1(
1&
#271635000
0(
0&
0'
#271665000
1)
#271675000
0)
1'
#271695000
1(
1&
#271705000
0(
0&
0'
#271735000
1)
#271745000
0)
1'
#271765000
1(
1&
#271775000
0(
0&
0'
#271805000
1)
#271815000
0)
1'
#271835000
1(
1&
#271845000
0(
0&
0'
#271875000
1)
#271885000
0)
1'
#271905000
1(
1&
#271915000
0(
0&
0'
#271945000
1)
#271955000
0)
1'
#271975000
1(
1&
#271985000
0(
0&
0'
#272015000
1)
#272025000
0)
1'
#272045000
1(
1&
#272055000
0(
0&
0'
#272085000
1)
#272095000
0)
1'
#272115000
1(
1&
#272125000
0(
0&
0'
#272155000
1)
#272165000
0)
1'
#272185000
1(
1&
#272195000
0(
0&
0'
#272225000
1)
#272235000
0)
1'
#272255000
1(
1&
#272265000
0(
0&
0'
#272295000
1)
#272305000
0)
1'
#272325000
1(
1&
#272335000
0(
0&
0'
#272365000
1)
#272375000
0)
1'
#272395000
1(
1&
#272405000
0(
0&
0'
#272435000
1)
#272445000
0)
1'
#272465000
1(
1&
#272475000
0(
0&
0'
#272505000
1)
#272515000
0)
1'
#272535000
1(
1&
#272545000
0(
0&
0'
#272575000
1)
#272585000
0)
1'
#272605000
1(
1&
#272615000
0(
0&
0'
#272645000
1)
#272655000
0)
1'
#272675000
1(
1&
#272685000
0(
0&
0'
#272715000
1)
#272725000
0)
1'
#272745000
1(
1&
#272755000
0(
0&
0'
#272785000
1)
#272795000
0)
1'
#272815000
1(
1&
#272825000
0(
0&
0'
#272855000
1)
#272865000
0)
1'
#272885000
1(
1&
#272895000
0(
0&
0'
#272925000
1)
#272935000
0)
1'
#272955000
1(
1&
#272965000
0(
0&
0'
#272995000
1)
#273005000
0)
1'
#273025000
1(
1&
#273035000
0(
0&
0'
#273065000
1)
#273075000
0)
1'
#273095000
1(
1&
#273105000
0(
0&
0'
#273135000
1)
#273145000
0)
1'
#273165000
1(
1&
#273175000
0(
0&
0'
#273205000
1)
#273215000
0)
1'
#273235000
1(
1&
#273245000
0(
0&
0'
#273275000
1)
#273285000
0)
1'
#273305000
1(
1&
#273315000
0(
0&
0'
#273345000
1)
#273355000
0)
1'
#273375000
1(
1&
#273385000
0(
0&
0'
#273415000
1)
#273425000
0)
1'
#273445000
1(
1&
#273455000
0(
0&
0'
#273485000
1)
#273495000
0)
1'
#273515000
1(
1&
#273525000
0(
0&
0'
#273555000
1)
#273565000
0)
1'
#273585000
1(
1&
#273595000
0(
0&
0'
#273625000
1)
#273635000
0)
1'
#273655000
1(
1&
#273665000
0(
0&
0'
#273695000
1)
#273705000
0)
1'
#273725000
1(
1&
#273735000
0(
0&
0'
#273765000
1)
#273775000
0)
1'
#273795000
1(
1&
#273805000
0(
0&
0'
#273835000
1)
#273845000
0)
1'
#273865000
1(
1&
#273875000
0(
0&
0'
#273905000
1)
#273915000
0)
1'
#273935000
1(
1&
#273945000
0(
0&
0'
#273975000
1)
#273985000
0)
1'
#274005000
1(
1&
#274015000
0(
0&
0'
#274045000
1)
#274055000
0)
1'
#274075000
1(
1&
#274085000
0(
0&
0'
#274115000
1)
#274125000
0)
1'
#274145000
1(
1&
#274155000
0(
0&
0'
#274185000
1)
#274195000
0)
1'
#274215000
1(
1&
#274225000
0(
0&
0'
#274255000
1)
#274265000
0)
1'
#274285000
1(
1&
#274295000
0(
0&
0'
#274325000
1)
#274335000
0)
1'
#274355000
1(
1&
#274365000
0(
0&
0'
#274395000
1)
#274405000
0)
1'
#274425000
1(
1&
#274435000
0(
0&
0'
#274465000
1)
#274475000
0)
1'
#274495000
1(
1&
#274505000
0(
0&
0'
#274535000
1)
#274545000
0)
1'
#274565000
1(
1&
#274575000
0(
0&
0'
#274605000
1)
#274615000
0)
1'
#274635000
1(
1&
#274645000
0(
0&
0'
#274675000
1)
#274685000
0)
1'
#274705000
1(
1&
#274715000
0(
0&
0'
#274745000
1)
#274755000
0)
1'
#274775000
1(
1&
#274785000
0(
0&
0'
#274815000
1)
#274825000
0)
1'
#274845000
1(
1&
#274855000
0(
0&
0'
#274885000
1)
#274895000
0)
1'
#274915000
1(
1&
#274925000
0(
0&
0'
#274955000
1)
#274965000
0)
1'
#274985000
1(
1&
#274995000
0(
0&
0'
#275025000
1)
#275035000
0)
1'
#275055000
1(
1&
#275065000
0(
0&
0'
#275095000
1)
#275105000
0)
1'
#275125000
1(
1&
#275135000
0(
0&
0'
#275165000
1)
#275175000
0)
1'
#275195000
1(
1&
#275205000
0(
0&
0'
#275235000
1)
#275245000
0)
1'
#275265000
1(
1&
#275275000
0(
0&
0'
#275305000
1)
#275315000
0)
1'
#275335000
1(
1&
#275345000
0(
0&
0'
#275375000
1)
#275385000
0)
1'
#275405000
1(
1&
#275415000
0(
0&
0'
#275445000
1)
#275455000
0)
1'
#275475000
1(
1&
#275485000
0(
0&
0'
#275515000
1)
#275525000
0)
1'
#275545000
1(
1&
#275555000
0(
0&
0'
#275585000
1)
#275595000
0)
1'
#275615000
1(
1&
#275625000
0(
0&
0'
#275655000
1)
#275665000
0)
1'
#275685000
1(
1&
#275695000
0(
0&
0'
#275725000
1)
#275735000
0)
1'
#275755000
1(
1&
#275765000
0(
0&
0'
#275795000
1)
#275805000
0)
1'
#275825000
1(
1&
#275835000
0(
0&
0'
#275865000
1)
#275875000
0)
1'
#275895000
1(
1&
#275905000
0(
0&
0'
#275935000
1)
#275945000
0)
1'
#275965000
1(
1&
#275975000
0(
0&
0'
#276005000
1)
#276015000
0)
1'
#276035000
1(
1&
#276045000
0(
0&
0'
#276075000
1)
#276085000
0)
1'
#276105000
1(
1&
#276115000
0(
0&
0'
#276145000
1)
#276155000
0)
1'
#276175000
1(
1&
#276185000
0(
0&
0'
#276215000
1)
#276225000
0)
1'
#276245000
1(
1&
#276255000
0(
0&
0'
#276285000
1)
#276295000
0)
1'
#276315000
1(
1&
#276325000
0(
0&
0'
#276355000
1)
#276365000
0)
1'
#276385000
1(
1&
#276395000
0(
0&
0'
#276425000
1)
#276435000
0)
1'
#276455000
1(
1&
#276465000
0(
0&
0'
#276495000
1)
#276505000
0)
1'
#276525000
1(
1&
#276535000
0(
0&
0'
#276565000
1)
#276575000
0)
1'
#276595000
1(
1&
#276605000
0(
0&
0'
#276635000
1)
#276645000
0)
1'
#276665000
1(
1&
#276675000
0(
0&
0'
#276705000
1)
#276715000
0)
1'
#276735000
1(
1&
#276745000
0(
0&
0'
#276775000
1)
#276785000
0)
1'
#276805000
1(
1&
#276815000
0(
0&
0'
#276845000
1)
#276855000
0)
1'
#276875000
1(
1&
#276885000
0(
0&
0'
#276915000
1)
#276925000
0)
1'
#276945000
1(
1&
#276955000
0(
0&
0'
#276985000
1)
#276995000
0)
1'
#277015000
1(
1&
#277025000
0(
0&
0'
#277055000
1)
#277065000
0)
1'
#277085000
1(
1&
#277095000
0(
0&
0'
#277125000
1)
#277135000
0)
1'
#277155000
1(
1&
#277165000
0(
0&
0'
#277195000
1)
#277205000
0)
1'
#277225000
1(
1&
#277235000
0(
0&
0'
#277265000
1)
#277275000
0)
1'
#277295000
1(
1&
#277305000
0(
0&
0'
#277335000
1)
#277345000
0)
1'
#277365000
1(
1&
#277375000
0(
0&
0'
#277405000
1)
#277415000
0)
1'
#277435000
1(
1&
#277445000
0(
0&
0'
#277475000
1)
#277485000
0)
1'
#277505000
1(
1&
#277515000
0(
0&
0'
#277545000
1)
#277555000
0)
1'
#277575000
1(
1&
#277585000
0(
0&
0'
#277615000
1)
#277625000
0)
1'
#277645000
1(
1&
#277655000
0(
0&
0'
#277685000
1)
#277695000
0)
1'
#277715000
1(
1&
#277725000
0(
0&
0'
#277755000
1)
#277765000
0)
1'
#277785000
1(
1&
#277795000
0(
0&
0'
#277825000
1)
#277835000
0)
1'
#277855000
1(
1&
#277865000
0(
0&
0'
#277895000
1)
#277905000
0)
1'
#277925000
1(
1&
#277935000
0(
0&
0'
#277965000
1)
#277975000
0)
1'
#277995000
1(
1&
#278005000
0(
0&
0'
#278035000
1)
#278045000
0)
1'
#278065000
1(
1&
#278075000
0(
0&
0'
#278105000
1)
#278115000
0)
1'
#278135000
1(
1&
#278145000
0(
0&
0'
#278175000
1)
#278185000
0)
1'
#278205000
1(
1&
#278215000
0(
0&
0'
#278245000
1)
#278255000
0)
1'
#278275000
1(
1&
#278285000
0(
0&
0'
#278315000
1)
#278325000
0)
1'
#278345000
1(
1&
#278355000
0(
0&
0'
#278385000
1)
#278395000
0)
1'
#278415000
1(
1&
#278425000
0(
0&
0'
#278455000
1)
#278465000
0)
1'
#278485000
1(
1&
#278495000
0(
0&
0'
#278525000
1)
#278535000
0)
0"
1'
#278545000
0!
#278555000
1*
#278765000
0*
#279045000
1!
#279055000
1&
1"
#279065000
0&
0'
#279105000
1)
#279115000
0)
1&
1'
#279125000
0&
0'
#279165000
1)
#279175000
0)
1&
1'
#279185000
0&
0'
#279225000
1)
#279235000
0)
1&
1'
#279245000
0&
0'
#279285000
1)
#279295000
0)
1&
1'
#279305000
0&
0'
#279345000
1)
#279355000
0)
1&
1'
#279365000
0&
0'
#279405000
1)
#279415000
0)
1&
1'
#279425000
0&
0'
#279465000
1)
#279475000
0)
1&
1'
#279485000
0&
0'
#279525000
1)
#279535000
0)
1&
1'
#279545000
0&
0'
#279585000
1)
#279595000
0)
1&
1'
#279605000
0&
0'
#279645000
1)
#279655000
0)
1&
1'
#279665000
0&
0'
#279705000
1)
#279715000
0)
1&
1'
#279725000
0&
0'
#279765000
1)
#279775000
0)
1&
1'
#279785000
0&
0'
#279825000
1)
#279835000
0)
1&
1'
#279845000
0&
0'
#279885000
1)
#279895000
0)
1&
1'
#279905000
0&
0'
#279945000
1)
#279955000
0)
1&
1'
#279965000
0&
0'
#280005000
1)
#280015000
0)
1&
1'
#280025000
0&
0'
#280065000
1)
#280075000
0)
1&
1'
#280085000
0&
0'
#280125000
1)
#280135000
0)
1&
1'
#280145000
0&
0'
#280185000
1)
#280195000
0)
1&
1'
#280205000
0&
0'
#280245000
1)
#280255000
0)
1&
1'
#280265000
0&
0'
#280305000
1)
#280315000
0)
1&
1'
#280325000
0&
0'
#280365000
1)
#280375000
0)
1&
1'
#280385000
0&
0'
#280425000
1)
#280435000
0)
1&
1'
#280445000
0&
0'
#280485000
1)
#280495000
0)
1&
1'
#280505000
0&
0'
#280545000
1)
#280555000
0)
1&
1'
#280565000
0&
0'
#280605000
1)
#280615000
0)
1&
1'
#280625000
0&
0'
#280665000
1)
#280675000
0)
1&
1'
#280685000
0&
0'
#280725000
1)
#280735000
0)
1&
1'
#280745000
0&
0'
#280785000
1)
#280795000
0)
1&
1'
#280805000
0&
0'
#280845000
1)
#280855000
0)
1&
1'
#280865000
0&
0'
#280905000
1)
#280915000
0)
1&
1'
#280925000
0&
0'
#280965000
1)
#280975000
0)
1&
1'
#280985000
0&
0'
#281025000
1)
#281035000
0)
1&
1'
#281045000
0&
0'
#281085000
1)
#281095000
0)
1&
1'
#281105000
0&
0'
#281145000
1)
#281155000
0)
1&
1'
#281165000
0&
0'
#281205000
1)
#281215000
0)
1&
1'
#281225000
0&
0'
#281265000
1)
#281275000
0)
1&
1'
#281285000
0&
0'
#281325000
1)
#281335000
0)
1&
1'
#281345000
0&
0'
#281385000
1)
#281395000
0)
1&
1'
#281405000
0&
0'
#281445000
1)
#281455000
0)
1&
1'
#281465000
0&
0'
#281505000
1)
#281515000
0)
1&
1'
#281525000
0&
0'
#281565000
1)
#281575000
0)
1&
1'
#281585000
0&
0'
#281625000
1)
#281635000
0)
1&
1'
#281645000
0&
0'
#281685000
1)
#281695000
0)
1&
1'
#281705000
0&
0'
#281745000
1)
#281755000
0)
1&
1'
#281765000
0&
0'
#281805000
1)
#281815000
0)
1&
1'
#281825000
0&
0'
#281865000
1)
#281875000
0)
1&
1'
#281885000
0&
0'
#281925000
1)
#281935000
0)
1&
1'
#281945000
0&
0'
#281985000
1)
#281995000
0)
1&
1'
#282005000
0&
0'
#282045000
1)
#282055000
0)
1&
1'
#282065000
0&
0'
#282105000
1)
#282115000
0)
1&
1'
#282125000
0&
0'
#282165000
1)
#282175000
0)
1&
1'
#282185000
0&
0'
#282225000
1)
#282235000
0)
1&
1'
#282245000
0&
0'
#282285000
1)
#282295000
0)
1&
1'
#282305000
0&
0'
#282345000
1)
#282355000
0)
1&
1'
#282365000
0&
0'
#282405000
1)
#282415000
0)
1&
1'
#282425000
0&
0'
#282465000
1)
#282475000
0)
1&
1'
#282485000
0&
0'
#282525000
1)
#282535000
0)
1&
1'
#282545000
0&
0'
#282585000
1)
#282595000
0)
1&
1'
#282605000
0&
0'
#282645000
1)
#282655000
0)
1&
1'
#282665000
0&
0'
#282705000
1)
#282715000
0)
1&
1'
#282725000
0&
0'
#282765000
1)
#282775000
0)
1&
1'
#282785000
0&
0'
#282825000
1)
#282835000
0)
1&
1'
#282845000
0&
0'
#282885000
1)
#282895000
0)
1&
1'
#282905000
0&
0'
#282945000
1)
#282955000
0)
1&
1'
#282965000
0&
0'
#283005000
1)
#283015000
0)
1&
1'
#283025000
0&
0'
#283065000
1)
#283075000
0)
1&
1'
#283085000
0&
0'
#283125000
1)
#283135000
0)
1&
1'
#283145000
0&
0'
#283185000
1)
#283195000
0)
1&
1'
#283205000
0&
0'
#283245000
1)
#283255000
0)
1&
1'
#283265000
0&
0'
#283305000
1)
#283315000
0)
1&
1'
#283325000
0&
0'
#283365000
1)
#283375000
0)
1&
1'
#283385000
0&
0'
#283425000
1)
#283435000
0)
1&
1'
#283445000
0&
0'
#283485000
1)
#283495000
0)
1&
1'
#283505000
0&
0'
#283545000
1)
#283555000
0)
1&
1'
#283565000
0&
0'
#283605000
1)
#283615000
0)
1&
1'
#283625000
0&
0'
#283665000
1)
#283675000
0)
1&
1'
#283685000
0&
0'
#283725000
1)
#283735000
0)
1&
1'
#283745000
0&
0'
#283785000
1)
#283795000
0)
1&
1'
#283805000
0&
0'
#283845000
1)
#283855000
0)
1&
1'
#283865000
0&
0'
#283905000
1)
#283915000
0)
1&
1'
#283925000
0&
0'
#283965000
1)
#283975000
0)
1&
1'
#283985000
0&
0'
#284025000
1)
#284035000
0)
1&
1'
#284045000
0&
0'
#284085000
1)
#284095000
0)
1&
1'
#284105000
0&
0'
#284145000
1)
#284155000
0)
1&
1'
#284165000
0&
0'
#284205000
1)
#284215000
0)
1&
1'
#284225000
0&
0'
#284265000
1)
#284275000
0)
1&
1'
#284285000
0&
0'
#284325000
1)
#284335000
0)
1&
1'
#284345000
0&
0'
#284385000
1)
#284395000
0)
1&
1'
#284405000
0&
0'
#284445000
1)
#284455000
0)
1&
1'
#284465000
0&
0'
#284505000
1)
#284515000
0)
1&
1'
#284525000
0&
0'
#284565000
1)
#284575000
0)
1&
1'
#284585000
0&
0'
#284625000
1)
#284635000
0)
1&
1'
#284645000
0&
0'
#284685000
1)
#284695000
0)
1&
1'
#284705000
0&
0'
#284745000
1)
#284755000
0)
1&
1'
#284765000
0&
0'
#284805000
1)
#284815000
0)
1&
1'
#284825000
0&
0'
#284865000
1)
#284875000
0)
1&
1'
#284885000
0&
0'
#284925000
1)
#284935000
0)
1&
1'
#284945000
0&
0'
#284985000
1)
#284995000
0)
1&
1'
#285005000
0&
0'
#285045000
1)
#285055000
0)
1&
1'
#285065000
0&
0'
#285105000
1)
#285115000
0)
1&
1'
#285125000
0&
0'
#285165000
1)
#285175000
0)
1&
1'
#285185000
0&
0'
#285225000
1)
#285235000
0)
1&
1'
#285245000
0&
0'
#285285000
1)
#285295000
0)
1&
1'
#285305000
0&
0'
#285345000
1)
#285355000
0)
1&
1'
#285365000
0&
0'
#285405000
1)
#285415000
0)
1&
1'
#285425000
0&
0'
#285465000
1)
#285475000
0)
1&
1'
#285485000
0&
0'
#285525000
1)
#285535000
0)
1&
1'
#285545000
0&
0'
#285585000
1)
#285595000
0)
1&
1'
#285605000
0&
0'
#285645000
1)
#285655000
0)
1&
1'
#285665000
0&
0'
#285705000
1)
#285715000
0)
1&
1'
#285725000
0&
0'
#285765000
1)
#285775000
0)
1&
1'
#285785000
0&
0'
#285825000
1)
#285835000
0)
1&
1'
#285845000
0&
0'
#285885000
1)
#285895000
0)
1&
1'
#285905000
0&
0'
#285945000
1)
#285955000
0)
1&
1'
#285965000
0&
0'
#286005000
1)
#286015000
0)
1&
1'
#286025000
0&
0'
#286065000
1)
#286075000
0)
1&
1'
#286085000
0&
0'
#286125000
1)
#286135000
0)
1&
1'
#286145000
0&
0'
#286185000
1)
#286195000
0)
1&
1'
#286205000
0&
0'
#286245000
1)
#286255000
0)
1&
1'
#286265000
0&
0'
#286305000
1)
#286315000
0)
1&
1'
#286325000
0&
0'
#286365000
1)
#286375000
0)
1&
1'
#286385000
0&
0'
#286425000
1)
#286435000
0)
1&
1'
#286445000
0&
0'
#286485000
1)
#286495000
0)
1&
1'
#286505000
0&
0'
#286545000
1)
#286555000
0)
1&
1'
#286565000
0&
0'
#286605000
1)
#286615000
0)
1&
1'
#286625000
0&
0'
#286665000
1)
#286675000
0)
1&
1'
#286685000
0&
0'
#286725000
1)
#286735000
0)
1&
1'
#286745000
0&
0'
#286785000
1)
#286795000
0)
1&
1'
#286805000
0&
0'
#286845000
1)
#286855000
0)
1&
1'
#286865000
0&
0'
#286905000
1)
#286915000
0)
1&
1'
#286925000
0&
0'
#286965000
1)
#286975000
0)
1&
1'
#286985000
0&
0'
#287025000
1)
#287035000
0)
1&
1'
#287045000
0&
0'
#287085000
1)
#287095000
0)
1&
1'
#287105000
0&
0'
#287145000
1)
#287155000
0)
1&
1'
#287165000
0&
0'
#287205000
1)
#287215000
0)
1&
1'
#287225000
0&
0'
#287265000
1)
#287275000
0)
1&
1'
#287285000
0&
0'
#287325000
1)
#287335000
0)
1&
1'
#287345000
0&
0'
#287385000
1)
#287395000
0)
1&
1'
#287405000
0&
0'
#287445000
1)
#287455000
0)
1&
1'
#287465000
0&
0'
#287505000
1)
#287515000
0)
1&
1'
#287525000
0&
0'
#287565000
1)
#287575000
0)
1&
1'
#287585000
0&
0'
#287625000
1)
#287635000
0)
1&
1'
#287645000
0&
0'
#287685000
1)
#287695000
0)
1&
1'
#287705000
0&
0'
#287745000
1)
#287755000
0)
1&
1'
#287765000
0&
0'
#287805000
1)
#287815000
0)
1&
1'
#287825000
0&
0'
#287865000
1)
#287875000
0)
1&
1'
#287885000
0&
0'
#287925000
1)
#287935000
0)
1&
1'
#287945000
0&
0'
#287985000
1)
#287995000
0)
1&
1'
#288005000
0&
0'
#288045000
1)
#288055000
0)
1&
1'
#288065000
0&
0'
#288105000
1)
#288115000
0)
1&
1'
#288125000
0&
0'
#288165000
1)
#288175000
0)
1&
1'
#288185000
0&
0'
#288225000
1)
#288235000
0)
1&
1'
#288245000
0&
0'
#288285000
1)
#288295000
0)
1&
1'
#288305000
0&
0'
#288345000
1)
#288355000
0)
1&
1'
#288365000
0&
0'
#288405000
1)
#288415000
0)
1&
1'
#288425000
0&
0'
#288465000
1)
#288475000
0)
1&
1'
#288485000
0&
0'
#288525000
1)
#288535000
0)
1&
1'
#288545000
0&
0'
#288585000
1)
#288595000
0)
1&
1'
#288605000
0&
0'
#288645000
1)
#288655000
0)
1&
1'
#288665000
0&
0'
#288705000
1)
#288715000
0)
1&
1'
#288725000
0&
0'
#288765000
1)
#288775000
0)
1&
1'
#288785000
0&
0'
#288825000
1)
#288835000
0)
1&
1'
#288845000
0&
0'
#288885000
1)
#288895000
0)
1&
1'
#288905000
0&
0'
#288945000
1)
#288955000
0)
0"
1'
#288975000
1&
1"
#288985000
0&
0'
#289025000
1)
#289035000
0)
1&
1'
#289045000
0&
0'
#289085000
1)
#289095000
0)
1&
1'
#289105000
0&
0'
#289145000
1)
#289155000
0)
1&
1'
#289165000
0&
0'
#289205000
1)
#289215000
0)
1&
1'
#289225000
0&
0'
#289265000
1)
#289275000
0)
1&
1'
#289285000
0&
0'
#289325000
1)
#289335000
0)
1&
1'
#289345000
0&
0'
#289385000
1)
#289395000
0)
1&
1'
#289405000
0&
0'
#289445000
1)
#289455000
0)
1&
1'
#289465000
0&
0'
#289505000
1)
#289515000
0)
1&
1'
#289525000
0&
0'
#289565000
1)
#289575000
0)
1&
1'
#289585000
0&
0'
#289625000
1)
#289635000
0)
1&
1'
#289645000
0&
0'
#289685000
1)
#289695000
0)
1&
1'
#289705000
0&
0'
#289745000
1)
#289755000
0)
1&
1'
#289765000
0&
0'
#289805000
1)
#289815000
0)
1&
1'
#289825000
0&
0'
#289865000
1)
#289875000
0)
1&
1'
#289885000
0&
0'
#289925000
1)
#289935000
0)
1&
1'
#289945000
0&
0'
#289985000
1)
#289995000
0)
1&
1'
#290005000
0&
0'
#290045000
1)
#290055000
0)
1&
1'
#290065000
0&
0'
#290105000
1)
#290115000
0)
1&
1'
#290125000
0&
0'
#290165000
1)
#290175000
0)
1&
1'
#290185000
0&
0'
#290225000
1)
#290235000
0)
1&
1'
#290245000
0&
0'
#290285000
1)
#290295000
0)
1&
1'
#290305000
0&
0'
#290345000
1)
#290355000
0)
1&
1'
#290365000
0&
0'
#290405000
1)
#290415000
0)
1&
1'
#290425000
0&
0'
#290465000
1)
#290475000
0)
1&
1'
#290485000
0&
0'
#290525000
1)
#290535000
0)
1&
1'
#290545000
0&
0'
#290585000
1)
#290595000
0)
1&
1'
#290605000
0&
0'
#290645000
1)
#290655000
0)
1&
1'
#290665000
0&
0'
#290705000
1)
#290715000
0)
1&
1'
#290725000
0&
0'
#290765000
1)
#290775000
0)
1&
1'
#290785000
0&
0'
#290825000
1)
#290835000
0)
1&
1'
#290845000
0&
0'
#290885000
1)
#290895000
0)
1&
1'
#290905000
0&
0'
#290945000
1)
#290955000
0)
1&
1'
#290965000
0&
0'
#291005000
1)
#291015000
0)
1&
1'
#291025000
0&
0'
#291065000
1)
#291075000
0)
1&
1'
#291085000
0&
0'
#291125000
1)
#291135000
0)
1&
1'
#291145000
0&
0'
#291185000
1)
#291195000
0)
1&
1'
#291205000
0&
0'
#291245000
1)
#291255000
0)
1&
1'
#291265000
0&
0'
#291305000
1)
#291315000
0)
1&
1'
#291325000
0&
0'
#291365000
1)
#291375000
0)
1&
1'
#291385000
0&
0'
#291425000
1)
#291435000
0)
1&
1'
#291445000
0&
0'
#291485000
1)
#291495000
0)
1&
1'
#291505000
0&
0'
#291545000
1)
#291555000
0)
1&
1'
#291565000
0&
0'
#291605000
1)
#291615000
0)
1&
1'
#291625000
0&
0'
#291665000
1)
#291675000
0)
1&
1'
#291685000
0&
0'
#291725000
1)
#291735000
0)
1&
1'
#291745000
0&
0'
#291785000
1)
#291795000
0)
1&
1'
#291805000
0&
0'
#291845000
1)
#291855000
0)
1&
1'
#291865000
0&
0'
#291905000
1)
#291915000
0)
1&
1'
#291925000
0&
0'
#291965000
1)
#291975000
0)
1&
1'
#291985000
0&
0'
#292025000
1)
#292035000
0)
1&
1'
#292045000
0&
0'
#292085000
1)
#292095000
0)
1&
1'
#292105000
0&
0'
#292145000
1)
#292155000
0)
1&
1'
#292165000
0&
0'
#292205000
1)
#292215000
0)
1&
1'
#292225000
0&
0'
#292265000
1)
#292275000
0)
1&
1'
#292285000
0&
0'
#292325000
1)
#292335000
0)
1&
1'
#292345000
0&
0'
#292385000
1)
#292395000
0)
1&
1'
#292405000
0&
0'
#292445000
1)
#292455000
0)
1&
1'
#292465000
0&
0'
#292505000
1)
#292515000
0)
1&
1'
#292525000
0&
0'
#292565000
1)
#292575000
0)
1&
1'
#292585000
0&
0'
#292625000
1)
#292635000
0)
1&
1'
#292645000
0&
0'
#292685000
1)
#292695000
0)
1&
1'
#292705000
0&
0'
#292745000
1)
#292755000
0)
1&
1'
#292765000
0&
0'
#292805000
1)
#292815000
0)
1&
1'
#292825000
0&
0'
#292865000
1)
#292875000
0)
1&
1'
#292885000
0&
0'
#292925000
1)
#292935000
0)
1&
1'
#292945000
0&
0'
#292985000
1)
#292995000
0)
1&
1'
#293005000
0&
0'
#293045000
1)
#293055000
0)
1&
1'
#293065000
0&
0'
#293105000
1)
#293115000
0)
1&
1'
#293125000
0&
0'
#293165000
1)
#293175000
0)
1&
1'
#293185000
0&
0'
#293225000
1)
#293235000
0)
1&
1'
#293245000
0&
0'
#293285000
1)
#293295000
0)
1&
1'
#293305000
0&
0'
#293345000
1)
#293355000
0)
1&
1'
#293365000
0&
0'
#293405000
1)
#293415000
0)
1&
1'
#293425000
0&
0'
#293465000
1)
#293475000
0)
1&
1'
#293485000
0&
0'
#293525000
1)
#293535000
0)
1&
1'
#293545000
0&
0'
#293585000
1)
#293595000
0)
1&
1'
#293605000
0&
0'
#293645000
1)
#293655000
0)
1&
1'
#293665000
0&
0'
#293705000
1)
#293715000
0)
1&
1'
#293725000
0&
0'
#293765000
1)
#293775000
0)
1&
1'
#293785000
0&
0'
#293825000
1)
#293835000
0)
1&
1'
#293845000
0&
0'
#293885000
1)
#293895000
0)
1&
1'
#293905000
0&
0'
#293945000
1)
#293955000
0)
1&
1'
#293965000
0&
0'
#294005000
1)
#294015000
0)
1&
1'
#294025000
0&
0'
#294065000
1)
#294075000
0)
1&
1'
#294085000
0&
0'
#294125000
1)
#294135000
0)
1&
1'
#294145000
0&
0'
#294185000
1)
#294195000
0)
1&
1'
#294205000
0&
0'
#294245000
1)
#294255000
0)
1&
1'
#294265000
0&
0'
#294305000
1)
#294315000
0)
1&
1'
#294325000
0&
0'
#294365000
1)
#294375000
0)
1&
1'
#294385000
0&
0'
#294425000
1)
#294435000
0)
1&
1'
#294445000
0&
0'
#294485000
1)
#294495000
0)
1&
1'
#294505000
0&
0'
#294545000
1)
#294555000
0)
1&
1'
#294565000
0&
0'
#294605000
1)
#294615000
0)
1&
1'
#294625000
0&
0'
#294665000
1)
#294675000
0)
1&
1'
#294685000
0&
0'
#294725000
1)
#294735000
0)
1&
1'
#294745000
0&
0'
#294785000
1)
#294795000
0)
1&
1'
#294805000
0&
0'
#294845000
1)
#294855000
0)
1&
1'
#294865000
0&
0'
#294905000
1)
#294915000
0)
0"
1'
#294935000
b0 ,
b0 +
1#
#295035000
1$
#295045000
0$
#295125000
1$
#295135000
0$
#295215000
1$
#295225000
0$
#295305000
1$
#295315000
0$
#295395000
1$
#295405000
0$
#295485000
1$
#295495000
0$
#295575000
1$
#295585000
0$
#295665000
1$
#295675000
0$
#295755000
1$
#295765000
0$
#295845000
1$
#295855000
0$
#295935000
1$
#295945000
0$
#295965000
1%
#295975000
b100 ,
#296075000
1$
#296085000
0$
#296125000
0%
#296165000
1$
#296175000
0$
#296255000
1$
#296265000
0$
#296345000
1$
#296355000
0$
#296435000
1$
#296445000
0$
#296525000
1$
#296535000
0$
#296615000
1$
#296625000
0$
#296705000
1$
#296715000
0$
#296795000
1$
#296805000
0$
#296885000
1$
#296895000
0$
#296975000
1$
#296985000
0$
#297005000
1%
#297015000
b1000 ,
#297115000
1$
#297125000
0$
#297165000
0%
#297205000
1$
#297215000
0$
#297295000
1$
#297305000
0$
#297385000
1$
#297395000
0$
#297475000
1$
#297485000
0$
#297565000
1$
#297575000
0$
#297655000
1$
#297665000
0$
#297745000
1$
#297755000
0$
#297835000
1$
#297845000
0$
#297925000
1$
#297935000
0$
#298015000
1$
#298025000
0$
#298045000
1%
#298055000
b0 ,
b100 +
#298155000
1$
#298165000
0$
#298205000
0%
#298245000
1$
#298255000
0$
#298335000
1$
#298345000
0$
#298425000
1$
#298435000
0$
#298515000
1$
#298525000
0$
#298605000
1$
#298615000
0$
#298695000
1$
#298705000
0$
#298785000
1$
#298795000
0$
#298875000
1$
#298885000
0$
#298965000
1$
#298975000
0$
#299055000
1$
#299065000
0$
#299085000
1%
#299095000
b100 ,
#299195000
1$
#299205000
0$
#299245000
0%
#299285000
1$
#299295000
0$
#299375000
1$
#299385000
0$
#299465000
1$
#299475000
0$
#299555000
1$
#299565000
0$
#299645000
1$
#299655000
0$
#299735000
1$
#299745000
0$
#299825000
1$
#299835000
0$
#299915000
1$
#299925000
0$
#300005000
1$
#300015000
0$
#300095000
1$
#300105000
0$
#300125000
1%
#300135000
b1000 ,
#300235000
1$
#300245000
0$
#300285000
0%
#300325000
1$
#300335000
0$
#300415000
1$
#300425000
0$
#300505000
1$
#300515000
0$
#300595000
1$
#300605000
0$
#300685000
1$
#300695000
0$
#300775000
1$
#300785000
0$
#300865000
1$
#300875000
0$
#300955000
1$
#300965000
0$
#301045000
1$
#301055000
0$
#301135000
1$
#301145000
0$
#301165000
1%
#301175000
b0 ,
b1000 +
#301275000
1$
#301285000
0$
#301325000
0%
#301365000
1$
#301375000
0$
#301455000
1$
#301465000
0$
#301545000
1$
#301555000
0$
#301635000
1$
#301645000
0$
#301725000
1$
#301735000
0$
#301815000
1$
#301825000
0$
#301905000
1$
#301915000
0$
#301995000
1$
#302005000
0$
#302085000
1$
#302095000
0$
#302175000
1$
#302185000
0$
#302205000
1%
#302215000
b100 ,
#302315000
1$
#302325000
0$
#302365000
0%
#302405000
1$
#302415000
0$
#302495000
1$
#302505000
0$
#302585000
1$
#302595000
0$
#302675000
1$
#302685000
0$
#302765000
1$
#302775000
0$
#302855000
1$
#302865000
0$
#302945000
1$
#302955000
0$
#303035000
1$
#303045000
0$
#303125000
1$
#303135000
0$
#303215000
1$
#303225000
0$
#303245000
1%
#303255000
b1000 ,
#303355000
1$
#303365000
0$
#303405000
0%
#303445000
1$
#303455000
0$
#303535000
1$
#303545000
0$
#303625000
1$
#303635000
0$
#303715000
1$
#303725000
0$
#303805000
1$
#303815000
0$
#303895000
1$
#303905000
0$
#303985000
1$
#303995000
0$
#304075000
1$
#304085000
0$
#304165000
1$
#304175000
0$
#304255000
1$
#304265000
0$
#304285000
1%
#304295000
b0 ,
b1100 +
#304395000
1$
#304405000
0$
#304445000
0%
#304485000
1$
#304495000
0$
#304575000
1$
#304585000
0$
#304665000
1$
#304675000
0$
#304755000
1$
#304765000
0$
#304845000
1$
#304855000
0$
#304935000
1$
#304945000
0$
#305025000
1$
#305035000
0$
#305115000
1$
#305125000
0$
#305205000
1$
#305215000
0$
#305295000
1$
#305305000
0$
#305325000
1%
#305335000
b100 ,
#305435000
1$
#305445000
0$
#305485000
0%
#305525000
1$
#305535000
0$
#305615000
1$
#305625000
0$
#305705000
1$
#305715000
0$
#305795000
1$
#305805000
0$
#305885000
1$
#305895000
0$
#305975000
1$
#305985000
0$
#306065000
1$
#306075000
0$
#306155000
1$
#306165000
0$
#306245000
1$
#306255000
0$
#306335000
1$
#306345000
0$
#306365000
1%
#306375000
b1000 ,
#306475000
1$
#306485000
0$
#306525000
0%
#306565000
1$
#306575000
0$
#306655000
1$
#306665000
0$
#306745000
1$
#306755000
0$
#306835000
1$
#306845000
0$
#306925000
1$
#306935000
0$
#307015000
1$
#307025000
0$
#307105000
1$
#307115000
0$
#307195000
1$
#307205000
0$
#307285000
1$
#307295000
0$
#307375000
1$
#307385000
0$
#307405000
1%
#307425000
0#
#307565000
0%
#307585000
1"
#307605000
1(
1&
#307615000
0(
0&
0'
#307655000
1)
#307665000
0)
1'
#307685000
1(
1&
#307695000
0(
0&
0'
#307735000
1)
#307745000
0)
1'
#307765000
1(
1&
#307775000
0(
0&
0'
#307815000
1)
#307825000
0)
1'
#307845000
1(
1&
#307855000
0(
0&
0'
#307895000
1)
#307905000
0)
1'
#307925000
1(
1&
#307935000
0(
0&
0'
#307975000
1)
#307985000
0)
1'
#308005000
1(
1&
#308015000
0(
0&
0'
#308055000
1)
#308065000
0)
1'
#308085000
1(
1&
#308095000
0(
0&
0'
#308135000
1)
#308145000
0)
1'
#308165000
1(
1&
#308175000
0(
0&
0'
#308215000
1)
#308225000
0)
1'
#308245000
1(
1&
#308255000
0(
0&
0'
#308295000
1)
#308305000
0)
1'
#308325000
1(
1&
#308335000
0(
0&
0'
#308375000
1)
#308385000
0)
1'
#308405000
1(
1&
#308415000
0(
0&
0'
#308455000
1)
#308465000
0)
1'
#308485000
1(
1&
#308495000
0(
0&
0'
#308535000
1)
#308545000
0)
1'
#308565000
1(
1&
#308575000
0(
0&
0'
#308615000
1)
#308625000
0)
1'
#308645000
1(
1&
#308655000
0(
0&
0'
#308695000
1)
#308705000
0)
1'
#308725000
1(
1&
#308735000
0(
0&
0'
#308775000
1)
#308785000
0)
1'
#308805000
1(
1&
#308815000
0(
0&
0'
#308855000
1)
#308865000
0)
1'
#308885000
1(
1&
#308895000
0(
0&
0'
#308935000
1)
#308945000
0)
1'
#308965000
1(
1&
#308975000
0(
0&
0'
#309015000
1)
#309025000
0)
1'
#309045000
1(
1&
#309055000
0(
0&
0'
#309095000
1)
#309105000
0)
1'
#309125000
1(
1&
#309135000
0(
0&
0'
#309175000
1)
#309185000
0)
1'
#309205000
1(
1&
#309215000
0(
0&
0'
#309255000
1)
#309265000
0)
1'
#309285000
1(
1&
#309295000
0(
0&
0'
#309335000
1)
#309345000
0)
1'
#309365000
1(
1&
#309375000
0(
0&
0'
#309415000
1)
#309425000
0)
1'
#309445000
1(
1&
#309455000
0(
0&
0'
#309495000
1)
#309505000
0)
1'
#309525000
1(
1&
#309535000
0(
0&
0'
#309575000
1)
#309585000
0)
1'
#309605000
1(
1&
#309615000
0(
0&
0'
#309655000
1)
#309665000
0)
1'
#309685000
1(
1&
#309695000
0(
0&
0'
#309735000
1)
#309745000
0)
1'
#309765000
1(
1&
#309775000
0(
0&
0'
#309815000
1)
#309825000
0)
1'
#309845000
1(
1&
#309855000
0(
0&
0'
#309895000
1)
#309905000
0)
1'
#309925000
1(
1&
#309935000
0(
0&
0'
#309975000
1)
#309985000
0)
1'
#310005000
1(
1&
#310015000
0(
0&
0'
#310055000
1)
#310065000
0)
1'
#310085000
1(
1&
#310095000
0(
0&
0'
#310135000
1)
#310145000
0)
1'
#310165000
1(
1&
#310175000
0(
0&
0'
#310215000
1)
#310225000
0)
1'
#310245000
1(
1&
#310255000
0(
0&
0'
#310295000
1)
#310305000
0)
1'
#310325000
1(
1&
#310335000
0(
0&
0'
#310375000
1)
#310385000
0)
1'
#310405000
1(
1&
#310415000
0(
0&
0'
#310455000
1)
#310465000
0)
1'
#310485000
1(
1&
#310495000
0(
0&
0'
#310535000
1)
#310545000
0)
1'
#310565000
1(
1&
#310575000
0(
0&
0'
#310615000
1)
#310625000
0)
1'
#310645000
1(
1&
#310655000
0(
0&
0'
#310695000
1)
#310705000
0)
1'
#310725000
1(
1&
#310735000
0(
0&
0'
#310775000
1)
#310785000
0)
1'
#310805000
1(
1&
#310815000
0(
0&
0'
#310855000
1)
#310865000
0)
1'
#310885000
1(
1&
#310895000
0(
0&
0'
#310935000
1)
#310945000
0)
1'
#310965000
1(
1&
#310975000
0(
0&
0'
#311015000
1)
#311025000
0)
1'
#311045000
1(
1&
#311055000
0(
0&
0'
#311095000
1)
#311105000
0)
1'
#311125000
1(
1&
#311135000
0(
0&
0'
#311175000
1)
#311185000
0)
1'
#311205000
1(
1&
#311215000
0(
0&
0'
#311255000
1)
#311265000
0)
1'
#311285000
1(
1&
#311295000
0(
0&
0'
#311335000
1)
#311345000
0)
1'
#311365000
1(
1&
#311375000
0(
0&
0'
#311415000
1)
#311425000
0)
1'
#311445000
1(
1&
#311455000
0(
0&
0'
#311495000
1)
#311505000
0)
1'
#311525000
1(
1&
#311535000
0(
0&
0'
#311575000
1)
#311585000
0)
1'
#311605000
1(
1&
#311615000
0(
0&
0'
#311655000
1)
#311665000
0)
1'
#311685000
1(
1&
#311695000
0(
0&
0'
#311735000
1)
#311745000
0)
1'
#311765000
1(
1&
#311775000
0(
0&
0'
#311815000
1)
#311825000
0)
1'
#311845000
1(
1&
#311855000
0(
0&
0'
#311895000
1)
#311905000
0)
1'
#311925000
1(
1&
#311935000
0(
0&
0'
#311975000
1)
#311985000
0)
1'
#312005000
1(
1&
#312015000
0(
0&
0'
#312055000
1)
#312065000
0)
1'
#312085000
1(
1&
#312095000
0(
0&
0'
#312135000
1)
#312145000
0)
1'
#312165000
1(
1&
#312175000
0(
0&
0'
#312215000
1)
#312225000
0)
1'
#312245000
1(
1&
#312255000
0(
0&
0'
#312295000
1)
#312305000
0)
1'
#312325000
1(
1&
#312335000
0(
0&
0'
#312375000
1)
#312385000
0)
1'
#312405000
1(
1&
#312415000
0(
0&
0'
#312455000
1)
#312465000
0)
1'
#312485000
1(
1&
#312495000
0(
0&
0'
#312535000
1)
#312545000
0)
1'
#312565000
1(
1&
#312575000
0(
0&
0'
#312615000
1)
#312625000
0)
1'
#312645000
1(
1&
#312655000
0(
0&
0'
#312695000
1)
#312705000
0)
1'
#312725000
1(
1&
#312735000
0(
0&
0'
#312775000
1)
#312785000
0)
1'
#312805000
1(
1&
#312815000
0(
0&
0'
#312855000
1)
#312865000
0)
1'
#312885000
1(
1&
#312895000
0(
0&
0'
#312935000
1)
#312945000
0)
1'
#312965000
1(
1&
#312975000
0(
0&
0'
#313015000
1)
#313025000
0)
1'
#313045000
1(
1&
#313055000
0(
0&
0'
#313095000
1)
#313105000
0)
1'
#313125000
1(
1&
#313135000
0(
0&
0'
#313175000
1)
#313185000
0)
1'
#313205000
1(
1&
#313215000
0(
0&
0'
#313255000
1)
#313265000
0)
1'
#313285000
1(
1&
#313295000
0(
0&
0'
#313335000
1)
#313345000
0)
1'
#313365000
1(
1&
#313375000
0(
0&
0'
#313415000
1)
#313425000
0)
1'
#313445000
1(
1&
#313455000
0(
0&
0'
#313495000
1)
#313505000
0)
1'
#313525000
1(
1&
#313535000
0(
0&
0'
#313575000
1)
#313585000
0)
1'
#313605000
1(
1&
#313615000
0(
0&
0'
#313655000
1)
#313665000
0)
1'
#313685000
1(
1&
#313695000
0(
0&
0'
#313735000
1)
#313745000
0)
1'
#313765000
1(
1&
#313775000
0(
0&
0'
#313815000
1)
#313825000
0)
1'
#313845000
1(
1&
#313855000
0(
0&
0'
#313895000
1)
#313905000
0)
1'
#313925000
1(
1&
#313935000
0(
0&
0'
#313975000
1)
#313985000
0)
1'
#314005000
1(
1&
#314015000
0(
0&
0'
#314055000
1)
#314065000
0)
1'
#314085000
1(
1&
#314095000
0(
0&
0'
#314135000
1)
#314145000
0)
1'
#314165000
1(
1&
#314175000
0(
0&
0'
#314215000
1)
#314225000
0)
1'
#314245000
1(
1&
#314255000
0(
0&
0'
#314295000
1)
#314305000
0)
1'
#314325000
1(
1&
#314335000
0(
0&
0'
#314375000
1)
#314385000
0)
1'
#314405000
1(
1&
#314415000
0(
0&
0'
#314455000
1)
#314465000
0)
1'
#314485000
1(
1&
#314495000
0(
0&
0'
#314535000
1)
#314545000
0)
1'
#314565000
1(
1&
#314575000
0(
0&
0'
#314615000
1)
#314625000
0)
1'
#314645000
1(
1&
#314655000
0(
0&
0'
#314695000
1)
#314705000
0)
1'
#314725000
1(
1&
#314735000
0(
0&
0'
#314775000
1)
#314785000
0)
1'
#314805000
1(
1&
#314815000
0(
0&
0'
#314855000
1)
#314865000
0)
1'
#314885000
1(
1&
#314895000
0(
0&
0'
#314935000
1)
#314945000
0)
1'
#314965000
1(
1&
#314975000
0(
0&
0'
#315015000
1)
#315025000
0)
1'
#315045000
1(
1&
#315055000
0(
0&
0'
#315095000
1)
#315105000
0)
1'
#315125000
1(
1&
#315135000
0(
0&
0'
#315175000
1)
#315185000
0)
1'
#315205000
1(
1&
#315215000
0(
0&
0'
#315255000
1)
#315265000
0)
1'
#315285000
1(
1&
#315295000
0(
0&
0'
#315335000
1)
#315345000
0)
1'
#315365000
1(
1&
#315375000
0(
0&
0'
#315415000
1)
#315425000
0)
1'
#315445000
1(
1&
#315455000
0(
0&
0'
#315495000
1)
#315505000
0)
1'
#315525000
1(
1&
#315535000
0(
0&
0'
#315575000
1)
#315585000
0)
1'
#315605000
1(
1&
#315615000
0(
0&
0'
#315655000
1)
#315665000
0)
1'
#315685000
1(
1&
#315695000
0(
0&
0'
#315735000
1)
#315745000
0)
1'
#315765000
1(
1&
#315775000
0(
0&
0'
#315815000
1)
#315825000
0)
1'
#315845000
1(
1&
#315855000
0(
0&
0'
#315895000
1)
#315905000
0)
1'
#315925000
1(
1&
#315935000
0(
0&
0'
#315975000
1)
#315985000
0)
1'
#316005000
1(
1&
#316015000
0(
0&
0'
#316055000
1)
#316065000
0)
1'
#316085000
1(
1&
#316095000
0(
0&
0'
#316135000
1)
#316145000
0)
1'
#316165000
1(
1&
#316175000
0(
0&
0'
#316215000
1)
#316225000
0)
1'
#316245000
1(
1&
#316255000
0(
0&
0'
#316295000
1)
#316305000
0)
1'
#316325000
1(
1&
#316335000
0(
0&
0'
#316375000
1)
#316385000
0)
1'
#316405000
1(
1&
#316415000
0(
0&
0'
#316455000
1)
#316465000
0)
1'
#316485000
1(
1&
#316495000
0(
0&
0'
#316535000
1)
#316545000
0)
1'
#316565000
1(
1&
#316575000
0(
0&
0'
#316615000
1)
#316625000
0)
1'
#316645000
1(
1&
#316655000
0(
0&
0'
#316695000
1)
#316705000
0)
1'
#316725000
1(
1&
#316735000
0(
0&
0'
#316775000
1)
#316785000
0)
1'
#316805000
1(
1&
#316815000
0(
0&
0'
#316855000
1)
#316865000
0)
1'
#316885000
1(
1&
#316895000
0(
0&
0'
#316935000
1)
#316945000
0)
1'
#316965000
1(
1&
#316975000
0(
0&
0'
#317015000
1)
#317025000
0)
1'
#317045000
1(
1&
#317055000
0(
0&
0'
#317095000
1)
#317105000
0)
1'
#317125000
1(
1&
#317135000
0(
0&
0'
#317175000
1)
#317185000
0)
1'
#317205000
1(
1&
#317215000
0(
0&
0'
#317255000
1)
#317265000
0)
1'
#317285000
1(
1&
#317295000
0(
0&
0'
#317335000
1)
#317345000
0)
1'
#317365000
1(
1&
#317375000
0(
0&
0'
#317415000
1)
#317425000
0)
1'
#317445000
1(
1&
#317455000
0(
0&
0'
#317495000
1)
#317505000
0)
1'
#317525000
1(
1&
#317535000
0(
0&
0'
#317575000
1)
#317585000
0)
1'
#317605000
1(
1&
#317615000
0(
0&
0'
#317655000
1)
#317665000
0)
1'
#317685000
1(
1&
#317695000
0(
0&
0'
#317735000
1)
#317745000
0)
1'
#317765000
1(
1&
#317775000
0(
0&
0'
#317815000
1)
#317825000
0)
1'
#317845000
1(
1&
#317855000
0(
0&
0'
#317895000
1)
#317905000
0)
1'
#317925000
1(
1&
#317935000
0(
0&
0'
#317975000
1)
#317985000
0)
1'
#318005000
1(
1&
#318015000
0(
0&
0'
#318055000
1)
#318065000
0)
1'
#318085000
1(
1&
#318095000
0(
0&
0'
#318135000
1)
#318145000
0)
1'
#318165000
1(
1&
#318175000
0(
0&
0'
#318215000
1)
#318225000
0)
1'
#318245000
1(
1&
#318255000
0(
0&
0'
#318295000
1)
#318305000
0)
1'
#318325000
1(
1&
#318335000
0(
0&
0'
#318375000
1)
#318385000
0)
0"
1'
#318395000
0!
#318405000
1*
#318615000
0*
#318895000
1!
#318905000
1&
1"
#318915000
0&
0'
#318965000
1)
#318975000
0)
1&
1'
#318985000
0&
0'
#319035000
1)
#319045000
0)
1&
1'
#319055000
0&
0'
#319105000
1)
#319115000
0)
1&
1'
#319125000
0&
0'
#319175000
1)
#319185000
0)
1&
1'
#319195000
0&
0'
#319245000
1)
#319255000
0)
1&
1'
#319265000
0&
0'
#319315000
1)
#319325000
0)
1&
1'
#319335000
0&
0'
#319385000
1)
#319395000
0)
1&
1'
#319405000
0&
0'
#319455000
1)
#319465000
0)
1&
1'
#319475000
0&
0'
#319525000
1)
#319535000
0)
1&
1'
#319545000
0&
0'
#319595000
1)
#319605000
0)
1&
1'
#319615000
0&
0'
#319665000
1)
#319675000
0)
1&
1'
#319685000
0&
0'
#319735000
1)
#319745000
0)
1&
1'
#319755000
0&
0'
#319805000
1)
#319815000
0)
1&
1'
#319825000
0&
0'
#319875000
1)
#319885000
0)
1&
1'
#319895000
0&
0'
#319945000
1)
#319955000
0)
1&
1'
#319965000
0&
0'
#320015000
1)
#320025000
0)
1&
1'
#320035000
0&
0'
#320085000
1)
#320095000
0)
1&
1'
#320105000
0&
0'
#320155000
1)
#320165000
0)
1&
1'
#320175000
0&
0'
#320225000
1)
#320235000
0)
1&
1'
#320245000
0&
0'
#320295000
1)
#320305000
0)
1&
1'
#320315000
0&
0'
#320365000
1)
#320375000
0)
1&
1'
#320385000
0&
0'
#320435000
1)
#320445000
0)
1&
1'
#320455000
0&
0'
#320505000
1)
#320515000
0)
1&
1'
#320525000
0&
0'
#320575000
1)
#320585000
0)
1&
1'
#320595000
0&
0'
#320645000
1)
#320655000
0)
1&
1'
#320665000
0&
0'
#320715000
1)
#320725000
0)
1&
1'
#320735000
0&
0'
#320785000
1)
#320795000
0)
1&
1'
#320805000
0&
0'
#320855000
1)
#320865000
0)
1&
1'
#320875000
0&
0'
#320925000
1)
#320935000
0)
1&
1'
#320945000
0&
0'
#320995000
1)
#321005000
0)
1&
1'
#321015000
0&
0'
#321065000
1)
#321075000
0)
1&
1'
#321085000
0&
0'
#321135000
1)
#321145000
0)
1&
1'
#321155000
0&
0'
#321205000
1)
#321215000
0)
1&
1'
#321225000
0&
0'
#321275000
1)
#321285000
0)
1&
1'
#321295000
0&
0'
#321345000
1)
#321355000
0)
1&
1'
#321365000
0&
0'
#321415000
1)
#321425000
0)
1&
1'
#321435000
0&
0'
#321485000
1)
#321495000
0)
1&
1'
#321505000
0&
0'
#321555000
1)
#321565000
0)
1&
1'
#321575000
0&
0'
#321625000
1)
#321635000
0)
1&
1'
#321645000
0&
0'
#321695000
1)
#321705000
0)
1&
1'
#321715000
0&
0'
#321765000
1)
#321775000
0)
1&
1'
#321785000
0&
0'
#321835000
1)
#321845000
0)
1&
1'
#321855000
0&
0'
#321905000
1)
#321915000
0)
1&
1'
#321925000
0&
0'
#321975000
1)
#321985000
0)
1&
1'
#321995000
0&
0'
#322045000
1)
#322055000
0)
1&
1'
#322065000
0&
0'
#322115000
1)
#322125000
0)
1&
1'
#322135000
0&
0'
#322185000
1)
#322195000
0)
1&
1'
#322205000
0&
0'
#322255000
1)
#322265000
0)
1&
1'
#322275000
0&
0'
#322325000
1)
#322335000
0)
1&
1'
#322345000
0&
0'
#322395000
1)
#322405000
0)
1&
1'
#322415000
0&
0'
#322465000
1)
#322475000
0)
1&
1'
#322485000
0&
0'
#322535000
1)
#322545000
0)
1&
1'
#322555000
0&
0'
#322605000
1)
#322615000
0)
1&
1'
#322625000
0&
0'
#322675000
1)
#322685000
0)
1&
1'
#322695000
0&
0'
#322745000
1)
#322755000
0)
1&
1'
#322765000
0&
0'
#322815000
1)
#322825000
0)
1&
1'
#322835000
0&
0'
#322885000
1)
#322895000
0)
1&
1'
#322905000
0&
0'
#322955000
1)
#322965000
0)
1&
1'
#322975000
0&
0'
#323025000
1)
#323035000
0)
1&
1'
#323045000
0&
0'
#323095000
1)
#323105000
0)
1&
1'
#323115000
0&
0'
#323165000
1)
#323175000
0)
1&
1'
#323185000
0&
0'
#323235000
1)
#323245000
0)
1&
1'
#323255000
0&
0'
#323305000
1)
#323315000
0)
1&
1'
#323325000
0&
0'
#323375000
1)
#323385000
0)
1&
1'
#323395000
0&
0'
#323445000
1)
#323455000
0)
1&
1'
#323465000
0&
0'
#323515000
1)
#323525000
0)
1&
1'
#323535000
0&
0'
#323585000
1)
#323595000
0)
1&
1'
#323605000
0&
0'
#323655000
1)
#323665000
0)
1&
1'
#323675000
0&
0'
#323725000
1)
#323735000
0)
1&
1'
#323745000
0&
0'
#323795000
1)
#323805000
0)
1&
1'
#323815000
0&
0'
#323865000
1)
#323875000
0)
1&
1'
#323885000
0&
0'
#323935000
1)
#323945000
0)
1&
1'
#323955000
0&
0'
#324005000
1)
#324015000
0)
1&
1'
#324025000
0&
0'
#324075000
1)
#324085000
0)
1&
1'
#324095000
0&
0'
#324145000
1)
#324155000
0)
1&
1'
#324165000
0&
0'
#324215000
1)
#324225000
0)
1&
1'
#324235000
0&
0'
#324285000
1)
#324295000
0)
1&
1'
#324305000
0&
0'
#324355000
1)
#324365000
0)
1&
1'
#324375000
0&
0'
#324425000
1)
#324435000
0)
1&
1'
#324445000
0&
0'
#324495000
1)
#324505000
0)
1&
1'
#324515000
0&
0'
#324565000
1)
#324575000
0)
1&
1'
#324585000
0&
0'
#324635000
1)
#324645000
0)
1&
1'
#324655000
0&
0'
#324705000
1)
#324715000
0)
1&
1'
#324725000
0&
0'
#324775000
1)
#324785000
0)
1&
1'
#324795000
0&
0'
#324845000
1)
#324855000
0)
1&
1'
#324865000
0&
0'
#324915000
1)
#324925000
0)
1&
1'
#324935000
0&
0'
#324985000
1)
#324995000
0)
1&
1'
#325005000
0&
0'
#325055000
1)
#325065000
0)
1&
1'
#325075000
0&
0'
#325125000
1)
#325135000
0)
1&
1'
#325145000
0&
0'
#325195000
1)
#325205000
0)
1&
1'
#325215000
0&
0'
#325265000
1)
#325275000
0)
1&
1'
#325285000
0&
0'
#325335000
1)
#325345000
0)
1&
1'
#325355000
0&
0'
#325405000
1)
#325415000
0)
1&
1'
#325425000
0&
0'
#325475000
1)
#325485000
0)
1&
1'
#325495000
0&
0'
#325545000
1)
#325555000
0)
1&
1'
#325565000
0&
0'
#325615000
1)
#325625000
0)
1&
1'
#325635000
0&
0'
#325685000
1)
#325695000
0)
1&
1'
#325705000
0&
0'
#325755000
1)
#325765000
0)
1&
1'
#325775000
0&
0'
#325825000
1)
#325835000
0)
1&
1'
#325845000
0&
0'
#325895000
1)
#325905000
0)
1&
1'
#325915000
0&
0'
#325965000
1)
#325975000
0)
1&
1'
#325985000
0&
0'
#326035000
1)
#326045000
0)
1&
1'
#326055000
0&
0'
#326105000
1)
#326115000
0)
1&
1'
#326125000
0&
0'
#326175000
1)
#326185000
0)
1&
1'
#326195000
0&
0'
#326245000
1)
#326255000
0)
1&
1'
#326265000
0&
0'
#326315000
1)
#326325000
0)
1&
1'
#326335000
0&
0'
#326385000
1)
#326395000
0)
1&
1'
#326405000
0&
0'
#326455000
1)
#326465000
0)
1&
1'
#326475000
0&
0'
#326525000
1)
#326535000
0)
1&
1'
#326545000
0&
0'
#326595000
1)
#326605000
0)
1&
1'
#326615000
0&
0'
#326665000
1)
#326675000
0)
1&
1'
#326685000
0&
0'
#326735000
1)
#326745000
0)
1&
1'
#326755000
0&
0'
#326805000
1)
#326815000
0)
1&
1'
#326825000
0&
0'
#326875000
1)
#326885000
0)
1&
1'
#326895000
0&
0'
#326945000
1)
#326955000
0)
1&
1'
#326965000
0&
0'
#327015000
1)
#327025000
0)
1&
1'
#327035000
0&
0'
#327085000
1)
#327095000
0)
1&
1'
#327105000
0&
0'
#327155000
1)
#327165000
0)
1&
1'
#327175000
0&
0'
#327225000
1)
#327235000
0)
1&
1'
#327245000
0&
0'
#327295000
1)
#327305000
0)
1&
1'
#327315000
0&
0'
#327365000
1)
#327375000
0)
1&
1'
#327385000
0&
0'
#327435000
1)
#327445000
0)
1&
1'
#327455000
0&
0'
#327505000
1)
#327515000
0)
1&
1'
#327525000
0&
0'
#327575000
1)
#327585000
0)
1&
1'
#327595000
0&
0'
#327645000
1)
#327655000
0)
1&
1'
#327665000
0&
0'
#327715000
1)
#327725000
0)
1&
1'
#327735000
0&
0'
#327785000
1)
#327795000
0)
1&
1'
#327805000
0&
0'
#327855000
1)
#327865000
0)
1&
1'
#327875000
0&
0'
#327925000
1)
#327935000
0)
1&
1'
#327945000
0&
0'
#327995000
1)
#328005000
0)
1&
1'
#328015000
0&
0'
#328065000
1)
#328075000
0)
1&
1'
#328085000
0&
0'
#328135000
1)
#328145000
0)
1&
1'
#328155000
0&
0'
#328205000
1)
#328215000
0)
1&
1'
#328225000
0&
0'
#328275000
1)
#328285000
0)
1&
1'
#328295000
0&
0'
#328345000
1)
#328355000
0)
1&
1'
#328365000
0&
0'
#328415000
1)
#328425000
0)
1&
1'
#328435000
0&
0'
#328485000
1)
#328495000
0)
1&
1'
#328505000
0&
0'
#328555000
1)
#328565000
0)
1&
1'
#328575000
0&
0'
#328625000
1)
#328635000
0)
1&
1'
#328645000
0&
0'
#328695000
1)
#328705000
0)
1&
1'
#328715000
0&
0'
#328765000
1)
#328775000
0)
1&
1'
#328785000
0&
0'
#328835000
1)
#328845000
0)
1&
1'
#328855000
0&
0'
#328905000
1)
#328915000
0)
1&
1'
#328925000
0&
0'
#328975000
1)
#328985000
0)
1&
1'
#328995000
0&
0'
#329045000
1)
#329055000
0)
1&
1'
#329065000
0&
0'
#329115000
1)
#329125000
0)
1&
1'
#329135000
0&
0'
#329185000
1)
#329195000
0)
1&
1'
#329205000
0&
0'
#329255000
1)
#329265000
0)
1&
1'
#329275000
0&
0'
#329325000
1)
#329335000
0)
1&
1'
#329345000
0&
0'
#329395000
1)
#329405000
0)
1&
1'
#329415000
0&
0'
#329465000
1)
#329475000
0)
1&
1'
#329485000
0&
0'
#329535000
1)
#329545000
0)
1&
1'
#329555000
0&
0'
#329605000
1)
#329615000
0)
1&
1'
#329625000
0&
0'
#329675000
1)
#329685000
0)
1&
1'
#329695000
0&
0'
#329745000
1)
#329755000
0)
1&
1'
#329765000
0&
0'
#329815000
1)
#329825000
0)
0"
1'
#329845000
1&
1"
#329855000
0&
0'
#329905000
1)
#329915000
0)
1&
1'
#329925000
0&
0'
#329975000
1)
#329985000
0)
1&
1'
#329995000
0&
0'
#330045000
1)
#330055000
0)
1&
1'
#330065000
0&
0'
#330115000
1)
#330125000
0)
1&
1'
#330135000
0&
0'
#330185000
1)
#330195000
0)
1&
1'
#330205000
0&
0'
#330255000
1)
#330265000
0)
1&
1'
#330275000
0&
0'
#330325000
1)
#330335000
0)
1&
1'
#330345000
0&
0'
#330395000
1)
#330405000
0)
1&
1'
#330415000
0&
0'
#330465000
1)
#330475000
0)
1&
1'
#330485000
0&
0'
#330535000
1)
#330545000
0)
1&
1'
#330555000
0&
0'
#330605000
1)
#330615000
0)
1&
1'
#330625000
0&
0'
#330675000
1)
#330685000
0)
1&
1'
#330695000
0&
0'
#330745000
1)
#330755000
0)
1&
1'
#330765000
0&
0'
#330815000
1)
#330825000
0)
1&
1'
#330835000
0&
0'
#330885000
1)
#330895000
0)
1&
1'
#330905000
0&
0'
#330955000
1)
#330965000
0)
1&
1'
#330975000
0&
0'
#331025000
1)
#331035000
0)
1&
1'
#331045000
0&
0'
#331095000
1)
#331105000
0)
1&
1'
#331115000
0&
0'
#331165000
1)
#331175000
0)
1&
1'
#331185000
0&
0'
#331235000
1)
#331245000
0)
1&
1'
#331255000
0&
0'
#331305000
1)
#331315000
0)
1&
1'
#331325000
0&
0'
#331375000
1)
#331385000
0)
1&
1'
#331395000
0&
0'
#331445000
1)
#331455000
0)
1&
1'
#331465000
0&
0'
#331515000
1)
#331525000
0)
1&
1'
#331535000
0&
0'
#331585000
1)
#331595000
0)
1&
1'
#331605000
0&
0'
#331655000
1)
#331665000
0)
1&
1'
#331675000
0&
0'
#331725000
1)
#331735000
0)
1&
1'
#331745000
0&
0'
#331795000
1)
#331805000
0)
1&
1'
#331815000
0&
0'
#331865000
1)
#331875000
0)
1&
1'
#331885000
0&
0'
#331935000
1)
#331945000
0)
1&
1'
#331955000
0&
0'
#332005000
1)
#332015000
0)
1&
1'
#332025000
0&
0'
#332075000
1)
#332085000
0)
1&
1'
#332095000
0&
0'
#332145000
1)
#332155000
0)
1&
1'
#332165000
0&
0'
#332215000
1)
#332225000
0)
1&
1'
#332235000
0&
0'
#332285000
1)
#332295000
0)
1&
1'
#332305000
0&
0'
#332355000
1)
#332365000
0)
0"
1'
#332385000
b0 ,
b0 +
1#
#332485000
1$
#332495000
0$
#332575000
1$
#332585000
0$
#332665000
1$
#332675000
0$
#332755000
1$
#332765000
0$
#332845000
1$
#332855000
0$
#332935000
1$
#332945000
0$
#333025000
1$
#333035000
0$
#333115000
1$
#333125000
0$
#333205000
1$
#333215000
0$
#333295000
1$
#333305000
0$
#333385000
1$
#333395000
0$
#333475000
1$
#333485000
0$
#333505000
1%
#333515000
b100 +
#333615000
1$
#333625000
0$
#333665000
0%
#333705000
1$
#333715000
0$
#333795000
1$
#333805000
0$
#333885000
1$
#333895000
0$
#333975000
1$
#333985000
0$
#334065000
1$
#334075000
0$
#334155000
1$
#334165000
0$
#334245000
1$
#334255000
0$
#334335000
1$
#334345000
0$
#334425000
1$
#334435000
0$
#334515000
1$
#334525000
0$
#334605000
1$
#334615000
0$
#334635000
1%
#334645000
b1000 +
#334745000
1$
#334755000
0$
#334795000
0%
#334835000
1$
#334845000
0$
#334925000
1$
#334935000
0$
#335015000
1$
#335025000
0$
#335105000
1$
#335115000
0$
#335195000
1$
#335205000
0$
#335285000
1$
#335295000
0$
#335375000
1$
#335385000
0$
#335465000
1$
#335475000
0$
#335555000
1$
#335565000
0$
#335645000
1$
#335655000
0$
#335735000
1$
#335745000
0$
#335765000
1%
#335775000
b1100 +
#335875000
1$
#335885000
0$
#335925000
0%
#335965000
1$
#335975000
0$
#336055000
1$
#336065000
0$
#336145000
1$
#336155000
0$
#336235000
1$
#336245000
0$
#336325000
1$
#336335000
0$
#336415000
1$
#336425000
0$
#336505000
1$
#336515000
0$
#336595000
1$
#336605000
0$
#336685000
1$
#336695000
0$
#336775000
1$
#336785000
0$
#336865000
1$
#336875000
0$
#336895000
1%
#336915000
0#
#337055000
0%
#337075000
1"
#337095000
1(
1&
#337105000
0(
0&
0'
#337155000
1)
#337165000
0)
1'
#337185000
1(
1&
#337195000
0(
0&
0'
#337245000
1)
#337255000
0)
1'
#337275000
1(
1&
#337285000
0(
0&
0'
#337335000
1)
#337345000
0)
1'
#337365000
1(
1&
#337375000
0(
0&
0'
#337425000
1)
#337435000
0)
1'
#337455000
1(
1&
#337465000
0(
0&
0'
#337515000
1)
#337525000
0)
1'
#337545000
1(
1&
#337555000
0(
0&
0'
#337605000
1)
#337615000
0)
1'
#337635000
1(
1&
#337645000
0(
0&
0'
#337695000
1)
#337705000
0)
1'
#337725000
1(
1&
#337735000
0(
0&
0'
#337785000
1)
#337795000
0)
1'
#337815000
1(
1&
#337825000
0(
0&
0'
#337875000
1)
#337885000
0)
1'
#337905000
1(
1&
#337915000
0(
0&
0'
#337965000
1)
#337975000
0)
1'
#337995000
1(
1&
#338005000
0(
0&
0'
#338055000
1)
#338065000
0)
1'
#338085000
1(
1&
#338095000
0(
0&
0'
#338145000
1)
#338155000
0)
1'
#338175000
1(
1&
#338185000
0(
0&
0'
#338235000
1)
#338245000
0)
1'
#338265000
1(
1&
#338275000
0(
0&
0'
#338325000
1)
#338335000
0)
1'
#338355000
1(
1&
#338365000
0(
0&
0'
#338415000
1)
#338425000
0)
1'
#338445000
1(
1&
#338455000
0(
0&
0'
#338505000
1)
#338515000
0)
1'
#338535000
1(
1&
#338545000
0(
0&
0'
#338595000
1)
#338605000
0)
1'
#338625000
1(
1&
#338635000
0(
0&
0'
#338685000
1)
#338695000
0)
1'
#338715000
1(
1&
#338725000
0(
0&
0'
#338775000
1)
#338785000
0)
1'
#338805000
1(
1&
#338815000
0(
0&
0'
#338865000
1)
#338875000
0)
1'
#338895000
1(
1&
#338905000
0(
0&
0'
#338955000
1)
#338965000
0)
1'
#338985000
1(
1&
#338995000
0(
0&
0'
#339045000
1)
#339055000
0)
1'
#339075000
1(
1&
#339085000
0(
0&
0'
#339135000
1)
#339145000
0)
1'
#339165000
1(
1&
#339175000
0(
0&
0'
#339225000
1)
#339235000
0)
1'
#339255000
1(
1&
#339265000
0(
0&
0'
#339315000
1)
#339325000
0)
1'
#339345000
1(
1&
#339355000
0(
0&
0'
#339405000
1)
#339415000
0)
1'
#339435000
1(
1&
#339445000
0(
0&
0'
#339495000
1)
#339505000
0)
1'
#339525000
1(
1&
#339535000
0(
0&
0'
#339585000
1)
#339595000
0)
1'
#339615000
1(
1&
#339625000
0(
0&
0'
#339675000
1)
#339685000
0)
1'
#339705000
1(
1&
#339715000
0(
0&
0'
#339765000
1)
#339775000
0)
1'
#339795000
1(
1&
#339805000
0(
0&
0'
#339855000
1)
#339865000
0)
1'
#339885000
1(
1&
#339895000
0(
0&
0'
#339945000
1)
#339955000
0)
1'
#339975000
1(
1&
#339985000
0(
0&
0'
#340035000
1)
#340045000
0)
1'
#340065000
1(
1&
#340075000
0(
0&
0'
#340125000
1)
#340135000
0)
1'
#340155000
1(
1&
#340165000
0(
0&
0'
#340215000
1)
#340225000
0)
1'
#340245000
1(
1&
#340255000
0(
0&
0'
#340305000
1)
#340315000
0)
1'
#340335000
1(
1&
#340345000
0(
0&
0'
#340395000
1)
#340405000
0)
1'
#340425000
1(
1&
#340435000
0(
0&
0'
#340485000
1)
#340495000
0)
1'
#340515000
1(
1&
#340525000
0(
0&
0'
#340575000
1)
#340585000
0)
0"
1'
#340595000
0!
#340605000
1*
#340815000
0*
#341095000
1!
#341105000
1&
1"
#341115000
0&
0'
#341125000
1)
#341135000
0)
1&
1'
#341145000
0&
0'
#341155000
1)
#341165000
0)
1&
1'
#341175000
0&
0'
#341185000
1)
#341195000
0)
1&
1'
#341205000
0&
0'
#341215000
1)
#341225000
0)
1&
1'
#341235000
0&
0'
#341245000
1)
#341255000
0)
1&
1'
#341265000
0&
0'
#341275000
1)
#341285000
0)
1&
1'
#341295000
0&
0'
#341305000
1)
#341315000
0)
1&
1'
#341325000
0&
0'
#341335000
1)
#341345000
0)
1&
1'
#341355000
0&
0'
#341365000
1)
#341375000
0)
1&
1'
#341385000
0&
0'
#341395000
1)
#341405000
0)
0"
1'
#341425000
1&
1"
#341435000
0&
0'
#341445000
1)
#341455000
0)
1&
1'
#341465000
0&
0'
#341475000
1)
#341485000
0)
1&
1'
#341495000
0&
0'
#341505000
1)
#341515000
0)
1&
1'
#341525000
0&
0'
#341535000
1)
#341545000
0)
1&
1'
#341555000
0&
0'
#341565000
1)
#341575000
0)
1&
1'
#341585000
0&
0'
#341595000
1)
#341605000
0)
1&
1'
#341615000
0&
0'
#341625000
1)
#341635000
0)
1&
1'
#341645000
0&
0'
#341655000
1)
#341665000
0)
1&
1'
#341675000
0&
0'
#341685000
1)
#341695000
0)
1&
1'
#341705000
0&
0'
#341715000
1)
#341725000
0)
1&
1'
#341735000
0&
0'
#341745000
1)
#341755000
0)
1&
1'
#341765000
0&
0'
#341775000
1)
#341785000
0)
1&
1'
#341795000
0&
0'
#341805000
1)
#341815000
0)
1&
1'
#341825000
0&
0'
#341835000
1)
#341845000
0)
1&
1'
#341855000
0&
0'
#341865000
1)
#341875000
0)
1&
1'
#341885000
0&
0'
#341895000
1)
#341905000
0)
1&
1'
#341915000
0&
0'
#341925000
1)
#341935000
0)
1&
1'
#341945000
0&
0'
#341955000
1)
#341965000
0)
1&
1'
#341975000
0&
0'
#341985000
1)
#341995000
0)
1&
1'
#342005000
0&
0'
#342015000
1)
#342025000
0)
1&
1'
#342035000
0&
0'
#342045000
1)
#342055000
0)
1&
1'
#342065000
0&
0'
#342075000
1)
#342085000
0)
1&
1'
#342095000
0&
0'
#342105000
1)
#342115000
0)
1&
1'
#342125000
0&
0'
#342135000
1)
#342145000
0)
1&
1'
#342155000
0&
0'
#342165000
1)
#342175000
0)
1&
1'
#342185000
0&
0'
#342195000
1)
#342205000
0)
1&
1'
#342215000
0&
0'
#342225000
1)
#342235000
0)
1&
1'
#342245000
0&
0'
#342255000
1)
#342265000
0)
1&
1'
#342275000
0&
0'
#342285000
1)
#342295000
0)
1&
1'
#342305000
0&
0'
#342315000
1)
#342325000
0)
1&
1'
#342335000
0&
0'
#342345000
1)
#342355000
0)
1&
1'
#342365000
0&
0'
#342375000
1)
#342385000
0)
1&
1'
#342395000
0&
0'
#342405000
1)
#342415000
0)
1&
1'
#342425000
0&
0'
#342435000
1)
#342445000
0)
1&
1'
#342455000
0&
0'
#342465000
1)
#342475000
0)
1&
1'
#342485000
0&
0'
#342495000
1)
#342505000
0)
1&
1'
#342515000
0&
0'
#342525000
1)
#342535000
0)
1&
1'
#342545000
0&
0'
#342555000
1)
#342565000
0)
1&
1'
#342575000
0&
0'
#342585000
1)
#342595000
0)
1&
1'
#342605000
0&
0'
#342615000
1)
#342625000
0)
1&
1'
#342635000
0&
0'
#342645000
1)
#342655000
0)
1&
1'
#342665000
0&
0'
#342675000
1)
#342685000
0)
1&
1'
#342695000
0&
0'
#342705000
1)
#342715000
0)
1&
1'
#342725000
0&
0'
#342735000
1)
#342745000
0)
1&
1'
#342755000
0&
0'
#342765000
1)
#342775000
0)
1&
1'
#342785000
0&
0'
#342795000
1)
#342805000
0)
1&
1'
#342815000
0&
0'
#342825000
1)
#342835000
0)
1&
1'
#342845000
0&
0'
#342855000
1)
#342865000
0)
1&
1'
#342875000
0&
0'
#342885000
1)
#342895000
0)
1&
1'
#342905000
0&
0'
#342915000
1)
#342925000
0)
1&
1'
#342935000
0&
0'
#342945000
1)
#342955000
0)
1&
1'
#342965000
0&
0'
#342975000
1)
#342985000
0)
1&
1'
#342995000
0&
0'
#343005000
1)
#343015000
0)
1&
1'
#343025000
0&
0'
#343035000
1)
#343045000
0)
1&
1'
#343055000
0&
0'
#343065000
1)
#343075000
0)
1&
1'
#343085000
0&
0'
#343095000
1)
#343105000
0)
1&
1'
#343115000
0&
0'
#343125000
1)
#343135000
0)
1&
1'
#343145000
0&
0'
#343155000
1)
#343165000
0)
1&
1'
#343175000
0&
0'
#343185000
1)
#343195000
0)
1&
1'
#343205000
0&
0'
#343215000
1)
#343225000
0)
0"
1'
#343245000
b0 +
1#
#343345000
1$
#343355000
0$
#343435000
1$
#343445000
0$
#343525000
1$
#343535000
0$
#343615000
1$
#343625000
0$
#343705000
1$
#343715000
0$
#343795000
1$
#343805000
0$
#343885000
1$
#343895000
0$
#343975000
1$
#343985000
0$
#344065000
1$
#344075000
0$
#344155000
1$
#344165000
0$
#344185000
1%
#344195000
b100 ,
#344295000
1$
#344305000
0$
#344345000
0%
#344385000
1$
#344395000
0$
#344475000
1$
#344485000
0$
#344565000
1$
#344575000
0$
#344655000
1$
#344665000
0$
#344745000
1$
#344755000
0$
#344835000
1$
#344845000
0$
#344925000
1$
#344935000
0$
#345015000
1$
#345025000
0$
#345105000
1$
#345115000
0$
#345135000
1%
#345155000
0#
#345295000
0%
#345315000
1"
#345335000
1(
1&
#345345000
0(
0&
0'
#345355000
1)
#345365000
0)
1'
#345385000
1(
1&
#345395000
0(
0&
0'
#345405000
1)
#345415000
0)
1'
#345435000
1(
1&
#345445000
0(
0&
0'
#345455000
1)
#345465000
0)
1'
#345485000
1(
1&
#345495000
0(
0&
0'
#345505000
1)
#345515000
0)
1'
#345535000
1(
1&
#345545000
0(
0&
0'
#345555000
1)
#345565000
0)
1'
#345585000
1(
1&
#345595000
0(
0&
0'
#345605000
1)
#345615000
0)
0"
1'
#345625000
0!
#345635000
1*
#345845000
0*
#345850000
0'
#346125000
1!
#346135000
1&
1"
#346145000
1'
#346155000
0&
0'
#346175000
1)
#346185000
0)
1&
#346195000
1'
#346205000
0&
0'
#346225000
1)
#346235000
0)
1&
#346245000
1'
#346255000
0&
0'
#346275000
1)
#346285000
0)
1&
#346295000
1'
#346305000
0&
0'
#346325000
1)
#346335000
0)
1&
#346345000
1'
#346355000
0&
0'
#346375000
1)
#346385000
0)
1&
#346395000
1'
#346405000
0&
0'
#346425000
1)
#346435000
0)
1&
#346445000
1'
#346455000
0&
0'
#346475000
1)
#346485000
0)
1&
#346495000
1'
#346505000
0&
0'
#346525000
1)
#346535000
0)
1&
#346545000
1'
#346555000
0&
0'
#346575000
1)
#346585000
0)
1&
#346595000
1'
#346605000
0&
0'
#346625000
1)
#346635000
0)
1&
#346645000
1'
#346655000
0&
0'
#346675000
1)
#346685000
0)
1&
#346695000
1'
#346705000
0&
0'
#346725000
1)
#346735000
0)
1&
#346745000
1'
#346755000
0&
0'
#346775000
1)
#346785000
0)
1&
#346795000
1'
#346805000
0&
0'
#346825000
1)
#346835000
0)
1&
#346845000
1'
#346855000
0&
0'
#346875000
1)
#346885000
0)
1&
#346895000
1'
#346905000
0&
0'
#346925000
1)
#346935000
0)
1&
#346945000
1'
#346955000
0&
0'
#346975000
1)
#346985000
0)
1&
#346995000
1'
#347005000
0&
0'
#347025000
1)
#347035000
0)
1&
#347045000
1'
#347055000
0&
0'
#347075000
1)
#347085000
0)
1&
#347095000
1'
#347105000
0&
0'
#347125000
1)
#347135000
0)
1&
#347145000
1'
#347155000
0&
0'
#347175000
1)
#347185000
0)
1&
#347195000
1'
#347205000
0&
0'
#347225000
1)
#347235000
0)
1&
#347245000
1'
#347255000
0&
0'
#347275000
1)
#347285000
0)
1&
#347295000
1'
#347305000
0&
0'
#347325000
1)
#347335000
0)
1&
#347345000
1'
#347355000
0&
0'
#347375000
1)
#347385000
0)
1&
#347395000
1'
#347405000
0&
0'
#347425000
1)
#347435000
0)
0"
#347455000
1&
1"
#347465000
1'
#347475000
0&
0'
#347495000
1)
#347505000
0)
1&
#347515000
1'
#347525000
0&
0'
#347545000
1)
#347555000
0)
0"
#347575000
b0 ,
1#
#347675000
1$
#347685000
0$
#347765000
1$
#347775000
0$
#347795000
1%
#347805000
b100 +
#347905000
1$
#347915000
0$
#347955000
0%
#347995000
1$
#348005000
0$
#348025000
1%
#348035000
b1000 +
#348135000
1$
#348145000
0$
#348185000
0%
#348225000
1$
#348235000
0$
#348255000
1%
#348265000
b1100 +
#348365000
1$
#348375000
0$
#348415000
0%
#348455000
1$
#348465000
0$
#348485000
1%
#348505000
0#
#348645000
0%
#348665000
1"
#348685000
1(
1&
#348695000
1'
#348705000
0(
0&
0'
#348725000
1)
#348735000
0)
#348755000
1(
1&
#348765000
1'
#348775000
0(
0&
0'
#348795000
1)
#348805000
0)
#348825000
1(
1&
#348835000
1'
#348845000
0(
0&
0'
#348865000
1)
#348875000
0)
#348895000
1(
1&
#348905000
1'
#348915000
0(
0&
0'
#348935000
1)
#348945000
0)
#348965000
1(
1&
#348975000
1'
#348985000
0(
0&
0'
#349005000
1)
#349015000
0)
#349035000
1(
1&
#349045000
1'
#349055000
0(
0&
0'
#349075000
1)
#349085000
0)
#349105000
1(
1&
#349115000
1'
#349125000
0(
0&
0'
#349145000
1)
#349155000
0)
#349175000
1(
1&
#349185000
1'
#349195000
0(
0&
0'
#349215000
1)
#349225000
0)
#349245000
1(
1&
#349255000
1'
#349265000
0(
0&
0'
#349285000
1)
#349295000
0)
#349315000
1(
1&
#349325000
1'
#349335000
0(
0&
0'
#349355000
1)
#349365000
0)
#349385000
1(
1&
#349395000
1'
#349405000
0(
0&
0'
#349425000
1)
#349435000
0)
#349455000
1(
1&
#349465000
1'
#349475000
0(
0&
0'
#349495000
1)
#349505000
0)
#349525000
1(
1&
#349535000
1'
#349545000
0(
0&
0'
#349565000
1)
#349575000
0)
0"
#349585000
0!
#349595000
1*
#349805000
0*
#350085000
1!
#350095000
1&
1"
#350115000
1'
#350125000
0&
0'
#350155000
1)
#350165000
0)
1&
#350185000
1'
#350195000
0&
0'
#350225000
1)
#350235000
0)
1&
#350255000
1'
#350265000
0&
0'
#350295000
1)
#350305000
0)
1&
#350325000
1'
#350335000
0&
0'
#350365000
1)
#350375000
0)
1&
#350395000
1'
#350405000
0&
0'
#350435000
1)
#350445000
0)
1&
#350465000
1'
#350475000
0&
0'
#350505000
1)
#350515000
0)
1&
#350535000
1'
#350545000
0&
0'
#350575000
1)
#350585000
0)
1&
#350605000
1'
#350615000
0&
0'
#350645000
1)
#350655000
0)
1&
#350675000
1'
#350685000
0&
0'
#350715000
1)
#350725000
0)
1&
#350745000
1'
#350755000
0&
0'
#350785000
1)
#350795000
0)
1&
#350815000
1'
#350825000
0&
0'
#350855000
1)
#350865000
0)
1&
#350885000
1'
#350895000
0&
0'
#350925000
1)
#350935000
0)
1&
#350955000
1'
#350965000
0&
0'
#350995000
1)
#351005000
0)
1&
#351025000
1'
#351035000
0&
0'
#351065000
1)
#351075000
0)
1&
#351095000
1'
#351105000
0&
0'
#351135000
1)
#351145000
0)
1&
#351165000
1'
#351175000
0&
0'
#351205000
1)
#351215000
0)
1&
#351235000
1'
#351245000
0&
0'
#351275000
1)
#351285000
0)
1&
#351305000
1'
#351315000
0&
0'
#351345000
1)
#351355000
0)
1&
#351375000
1'
#351385000
0&
0'
#351415000
1)
#351425000
0)
1&
#351445000
1'
#351455000
0&
0'
#351485000
1)
#351495000
0)
1&
#351515000
1'
#351525000
0&
0'
#351555000
1)
#351565000
0)
1&
#351585000
1'
#351595000
0&
0'
#351625000
1)
#351635000
0)
1&
#351655000
1'
#351665000
0&
0'
#351695000
1)
#351705000
0)
1&
#351725000
1'
#351735000
0&
0'
#351765000
1)
#351775000
0)
1&
#351795000
1'
#351805000
0&
0'
#351835000
1)
#351845000
0)
1&
#351865000
1'
#351875000
0&
0'
#351905000
1)
#351915000
0)
1&
#351935000
1'
#351945000
0&
0'
#351975000
1)
#351985000
0)
1&
#352005000
1'
#352015000
0&
0'
#352045000
1)
#352055000
0)
1&
#352075000
1'
#352085000
0&
0'
#352115000
1)
#352125000
0)
1&
#352145000
1'
#352155000
0&
0'
#352185000
1)
#352195000
0)
1&
#352215000
1'
#352225000
0&
0'
#352255000
1)
#352265000
0)
1&
#352285000
1'
#352295000
0&
0'
#352325000
1)
#352335000
0)
1&
#352355000
1'
#352365000
0&
0'
#352395000
1)
#352405000
0)
1&
#352425000
1'
#352435000
0&
0'
#352465000
1)
#352475000
0)
1&
#352495000
1'
#352505000
0&
0'
#352535000
1)
#352545000
0)
1&
#352565000
1'
#352575000
0&
0'
#352605000
1)
#352615000
0)
1&
#352635000
1'
#352645000
0&
0'
#352675000
1)
#352685000
0)
1&
#352705000
1'
#352715000
0&
0'
#352745000
1)
#352755000
0)
1&
#352775000
1'
#352785000
0&
0'
#352815000
1)
#352825000
0)
1&
#352845000
1'
#352855000
0&
0'
#352885000
1)
#352895000
0)
0"
#352915000
1&
1"
#352935000
1'
#352945000
0&
0'
#352975000
1)
#352985000
0)
1&
#353005000
1'
#353015000
0&
0'
#353045000
1)
#353055000
0)
1&
#353075000
1'
#353085000
0&
0'
#353115000
1)
#353125000
0)
1&
#353145000
1'
#353155000
0&
0'
#353185000
1)
#353195000
0)
1&
#353215000
1'
#353225000
0&
0'
#353255000
1)
#353265000
0)
1&
#353285000
1'
#353295000
0&
0'
#353325000
1)
#353335000
0)
1&
#353355000
1'
#353365000
0&
0'
#353395000
1)
#353405000
0)
1&
#353425000
1'
#353435000
0&
0'
#353465000
1)
#353475000
0)
1&
#353495000
1'
#353505000
0&
0'
#353535000
1)
#353545000
0)
1&
#353565000
1'
#353575000
0&
0'
#353605000
1)
#353615000
0)
1&
#353635000
1'
#353645000
0&
0'
#353675000
1)
#353685000
0)
1&
#353705000
1'
#353715000
0&
0'
#353745000
1)
#353755000
0)
1&
#353775000
1'
#353785000
0&
0'
#353815000
1)
#353825000
0)
1&
#353845000
1'
#353855000
0&
0'
#353885000
1)
#353895000
0)
1&
#353915000
1'
#353925000
0&
0'
#353955000
1)
#353965000
0)
1&
#353985000
1'
#353995000
0&
0'
#354025000
1)
#354035000
0)
1&
#354055000
1'
#354065000
0&
0'
#354095000
1)
#354105000
0)
1&
#354125000
1'
#354135000
0&
0'
#354165000
1)
#354175000
0)
1&
#354195000
1'
#354205000
0&
0'
#354235000
1)
#354245000
0)
1&
#354265000
1'
#354275000
0&
0'
#354305000
1)
#354315000
0)
1&
#354335000
1'
#354345000
0&
0'
#354375000
1)
#354385000
0)
1&
#354405000
1'
#354415000
0&
0'
#354445000
1)
#354455000
0)
1&
#354475000
1'
#354485000
0&
0'
#354515000
1)
#354525000
0)
1&
#354545000
1'
#354555000
0&
0'
#354585000
1)
#354595000
0)
1&
#354615000
1'
#354625000
0&
0'
#354655000
1)
#354665000
0)
1&
#354685000
1'
#354695000
0&
0'
#354725000
1)
#354735000
0)
1&
#354755000
1'
#354765000
0&
0'
#354795000
1)
#354805000
0)
1&
#354825000
1'
#354835000
0&
0'
#354865000
1)
#354875000
0)
1&
#354895000
1'
#354905000
0&
0'
#354935000
1)
#354945000
0)
1&
#354965000
1'
#354975000
0&
0'
#355005000
1)
#355015000
0)
1&
#355035000
1'
#355045000
0&
0'
#355075000
1)
#355085000
0)
1&
#355105000
1'
#355115000
0&
0'
#355145000
1)
#355155000
0)
1&
#355175000
1'
#355185000
0&
0'
#355215000
1)
#355225000
0)
1&
#355245000
1'
#355255000
0&
0'
#355285000
1)
#355295000
0)
1&
#355315000
1'
#355325000
0&
0'
#355355000
1)
#355365000
0)
1&
#355385000
1'
#355395000
0&
0'
#355425000
1)
#355435000
0)
1&
#355455000
1'
#355465000
0&
0'
#355495000
1)
#355505000
0)
1&
#355525000
1'
#355535000
0&
0'
#355565000
1)
#355575000
0)
1&
#355595000
1'
#355605000
0&
0'
#355635000
1)
#355645000
0)
1&
#355665000
1'
#355675000
0&
0'
#355705000
1)
#355715000
0)
1&
#355735000
1'
#355745000
0&
0'
#355775000
1)
#355785000
0)
1&
#355805000
1'
#355815000
0&
0'
#355845000
1)
#355855000
0)
1&
#355875000
1'
#355885000
0&
0'
#355915000
1)
#355925000
0)
1&
#355945000
1'
#355955000
0&
0'
#355985000
1)
#355995000
0)
1&
#356015000
1'
#356025000
0&
0'
#356055000
1)
#356065000
0)
1&
#356085000
1'
#356095000
0&
0'
#356125000
1)
#356135000
0)
1&
#356155000
1'
#356165000
0&
0'
#356195000
1)
#356205000
0)
1&
#356225000
1'
#356235000
0&
0'
#356265000
1)
#356275000
0)
1&
#356295000
1'
#356305000
0&
0'
#356335000
1)
#356345000
0)
1&
#356365000
1'
#356375000
0&
0'
#356405000
1)
#356415000
0)
1&
#356435000
1'
#356445000
0&
0'
#356475000
1)
#356485000
0)
1&
#356505000
1'
#356515000
0&
0'
#356545000
1)
#356555000
0)
1&
#356575000
1'
#356585000
0&
0'
#356615000
1)
#356625000
0)
1&
#356645000
1'
#356655000
0&
0'
#356685000
1)
#356695000
0)
1&
#356715000
1'
#356725000
0&
0'
#356755000
1)
#356765000
0)
1&
#356785000
1'
#356795000
0&
0'
#356825000
1)
#356835000
0)
1&
#356855000
1'
#356865000
0&
0'
#356895000
1)
#356905000
0)
1&
#356925000
1'
#356935000
0&
0'
#356965000
1)
#356975000
0)
1&
#356995000
1'
#357005000
0&
0'
#357035000
1)
#357045000
0)
1&
#357065000
1'
#357075000
0&
0'
#357105000
1)
#357115000
0)
1&
#357135000
1'
#357145000
0&
0'
#357175000
1)
#357185000
0)
1&
#357205000
1'
#357215000
0&
0'
#357245000
1)
#357255000
0)
1&
#357275000
1'
#357285000
0&
0'
#357315000
1)
#357325000
0)
1&
#357345000
1'
#357355000
0&
0'
#357385000
1)
#357395000
0)
1&
#357415000
1'
#357425000
0&
0'
#357455000
1)
#357465000
0)
1&
#357485000
1'
#357495000
0&
0'
#357525000
1)
#357535000
0)
1&
#357555000
1'
#357565000
0&
0'
#357595000
1)
#357605000
0)
1&
#357625000
1'
#357635000
0&
0'
#357665000
1)
#357675000
0)
1&
#357695000
1'
#357705000
0&
0'
#357735000
1)
#357745000
0)
1&
#357765000
1'
#357775000
0&
0'
#357805000
1)
#357815000
0)
1&
#357835000
1'
#357845000
0&
0'
#357875000
1)
#357885000
0)
1&
#357905000
1'
#357915000
0&
0'
#357945000
1)
#357955000
0)
1&
#357975000
1'
#357985000
0&
0'
#358015000
1)
#358025000
0)
1&
#358045000
1'
#358055000
0&
0'
#358085000
1)
#358095000
0)
1&
#358115000
1'
#358125000
0&
0'
#358155000
1)
#358165000
0)
1&
#358185000
1'
#358195000
0&
0'
#358225000
1)
#358235000
0)
1&
#358255000
1'
#358265000
0&
0'
#358295000
1)
#358305000
0)
1&
#358325000
1'
#358335000
0&
0'
#358365000
1)
#358375000
0)
1&
#358395000
1'
#358405000
0&
0'
#358435000
1)
#358445000
0)
1&
#358465000
1'
#358475000
0&
0'
#358505000
1)
#358515000
0)
1&
#358535000
1'
#358545000
0&
0'
#358575000
1)
#358585000
0)
1&
#358605000
1'
#358615000
0&
0'
#358645000
1)
#358655000
0)
1&
#358675000
1'
#358685000
0&
0'
#358715000
1)
#358725000
0)
1&
#358745000
1'
#358755000
0&
0'
#358785000
1)
#358795000
0)
1&
#358815000
1'
#358825000
0&
0'
#358855000
1)
#358865000
0)
1&
#358885000
1'
#358895000
0&
0'
#358925000
1)
#358935000
0)
1&
#358955000
1'
#358965000
0&
0'
#358995000
1)
#359005000
0)
1&
#359025000
1'
#359035000
0&
0'
#359065000
1)
#359075000
0)
1&
#359095000
1'
#359105000
0&
0'
#359135000
1)
#359145000
0)
1&
#359165000
1'
#359175000
0&
0'
#359205000
1)
#359215000
0)
1&
#359235000
1'
#359245000
0&
0'
#359275000
1)
#359285000
0)
1&
#359305000
1'
#359315000
0&
0'
#359345000
1)
#359355000
0)
1&
#359375000
1'
#359385000
0&
0'
#359415000
1)
#359425000
0)
1&
#359445000
1'
#359455000
0&
0'
#359485000
1)
#359495000
0)
1&
#359515000
1'
#359525000
0&
0'
#359555000
1)
#359565000
0)
1&
#359585000
1'
#359595000
0&
0'
#359625000
1)
#359635000
0)
1&
#359655000
1'
#359665000
0&
0'
#359695000
1)
#359705000
0)
1&
#359725000
1'
#359735000
0&
0'
#359765000
1)
#359775000
0)
1&
#359795000
1'
#359805000
0&
0'
#359835000
1)
#359845000
0)
1&
#359865000
1'
#359875000
0&
0'
#359905000
1)
#359915000
0)
1&
#359935000
1'
#359945000
0&
0'
#359975000
1)
#359985000
0)
1&
#360005000
1'
#360015000
0&
0'
#360045000
1)
#360055000
0)
1&
#360075000
1'
#360085000
0&
0'
#360115000
1)
#360125000
0)
1&
#360145000
1'
#360155000
0&
0'
#360185000
1)
#360195000
0)
1&
#360215000
1'
#360225000
0&
0'
#360255000
1)
#360265000
0)
1&
#360285000
1'
#360295000
0&
0'
#360325000
1)
#360335000
0)
1&
#360355000
1'
#360365000
0&
0'
#360395000
1)
#360405000
0)
1&
#360425000
1'
#360435000
0&
0'
#360465000
1)
#360475000
0)
1&
#360495000
1'
#360505000
0&
0'
#360535000
1)
#360545000
0)
1&
#360565000
1'
#360575000
0&
0'
#360605000
1)
#360615000
0)
0"
#360635000
b0 +
1#
#360735000
1$
#360745000
0$
#360825000
1$
#360835000
0$
#360915000
1$
#360925000
0$
#361005000
1$
#361015000
0$
#361095000
1$
#361105000
0$
#361185000
1$
#361195000
0$
#361275000
1$
#361285000
0$
#361365000
1$
#361375000
0$
#361455000
1$
#361465000
0$
#361545000
1$
#361555000
0$
#361575000
1%
#361585000
b100 ,
#361685000
1$
#361695000
0$
#361735000
0%
#361775000
1$
#361785000
0$
#361865000
1$
#361875000
0$
#361955000
1$
#361965000
0$
#362045000
1$
#362055000
0$
#362135000
1$
#362145000
0$
#362225000
1$
#362235000
0$
#362315000
1$
#362325000
0$
#362405000
1$
#362415000
0$
#362495000
1$
#362505000
0$
#362525000
1%
#362535000
b1000 ,
#362635000
1$
#362645000
0$
#362685000
0%
#362725000
1$
#362735000
0$
#362815000
1$
#362825000
0$
#362905000
1$
#362915000
0$
#362995000
1$
#363005000
0$
#363085000
1$
#363095000
0$
#363175000
1$
#363185000
0$
#363265000
1$
#363275000
0$
#363355000
1$
#363365000
0$
#363445000
1$
#363455000
0$
#363475000
1%
#363495000
0#
#363635000
0%
#363655000
1"
#363675000
1(
1&
#363695000
1'
#363705000
0(
0&
0'
#363735000
1)
#363745000
0)
#363765000
1(
1&
#363785000
1'
#363795000
0(
0&
0'
#363825000
1)
#363835000
0)
#363855000
1(
1&
#363875000
1'
#363885000
0(
0&
0'
#363915000
1)
#363925000
0)
#363945000
1(
1&
#363965000
1'
#363975000
0(
0&
0'
#364005000
1)
#364015000
0)
#364035000
1(
1&
#364055000
1'
#364065000
0(
0&
0'
#364095000
1)
#364105000
0)
#364125000
1(
1&
#364145000
1'
#364155000
0(
0&
0'
#364185000
1)
#364195000
0)
#364215000
1(
1&
#364235000
1'
#364245000
0(
0&
0'
#364275000
1)
#364285000
0)
#364305000
1(
1&
#364325000
1'
#364335000
0(
0&
0'
#364365000
1)
#364375000
0)
#364395000
1(
1&
#364415000
1'
#364425000
0(
0&
0'
#364455000
1)
#364465000
0)
#364485000
1(
1&
#364505000
1'
#364515000
0(
0&
0'
#364545000
1)
#364555000
0)
#364575000
1(
1&
#364595000
1'
#364605000
0(
0&
0'
#364635000
1)
#364645000
0)
#364665000
1(
1&
#364685000
1'
#364695000
0(
0&
0'
#364725000
1)
#364735000
0)
#364755000
1(
1&
#364775000
1'
#364785000
0(
0&
0'
#364815000
1)
#364825000
0)
#364845000
1(
1&
#364865000
1'
#364875000
0(
0&
0'
#364905000
1)
#364915000
0)
#364935000
1(
1&
#364955000
1'
#364965000
0(
0&
0'
#364995000
1)
#365005000
0)
#365025000
1(
1&
#365045000
1'
#365055000
0(
0&
0'
#365085000
1)
#365095000
0)
#365115000
1(
1&
#365135000
1'
#365145000
0(
0&
0'
#365175000
1)
#365185000
0)
#365205000
1(
1&
#365225000
1'
#365235000
0(
0&
0'
#365265000
1)
#365275000
0)
#365295000
1(
1&
#365315000
1'
#365325000
0(
0&
0'
#365355000
1)
#365365000
0)
#365385000
1(
1&
#365405000
1'
#365415000
0(
0&
0'
#365445000
1)
#365455000
0)
#365475000
1(
1&
#365495000
1'
#365505000
0(
0&
0'
#365535000
1)
#365545000
0)
#365565000
1(
1&
#365585000
1'
#365595000
0(
0&
0'
#365625000
1)
#365635000
0)
#365655000
1(
1&
#365675000
1'
#365685000
0(
0&
0'
#365715000
1)
#365725000
0)
#365745000
1(
1&
#365765000
1'
#365775000
0(
0&
0'
#365805000
1)
#365815000
0)
#365835000
1(
1&
#365855000
1'
#365865000
0(
0&
0'
#365895000
1)
#365905000
0)
#365925000
1(
1&
#365945000
1'
#365955000
0(
0&
0'
#365985000
1)
#365995000
0)
#366015000
1(
1&
#366035000
1'
#366045000
0(
0&
0'
#366075000
1)
#366085000
0)
#366105000
1(
1&
#366125000
1'
#366135000
0(
0&
0'
#366165000
1)
#366175000
0)
#366195000
1(
1&
#366215000
1'
#366225000
0(
0&
0'
#366255000
1)
#366265000
0)
#366285000
1(
1&
#366305000
1'
#366315000
0(
0&
0'
#366345000
1)
#366355000
0)
#366375000
1(
1&
#366395000
1'
#366405000
0(
0&
0'
#366435000
1)
#366445000
0)
#366465000
1(
1&
#366485000
1'
#366495000
0(
0&
0'
#366525000
1)
#366535000
0)
#366555000
1(
1&
#366575000
1'
#366585000
0(
0&
0'
#366615000
1)
#366625000
0)
#366645000
1(
1&
#366665000
1'
#366675000
0(
0&
0'
#366705000
1)
#366715000
0)
#366735000
1(
1&
#366755000
1'
#366765000
0(
0&
0'
#366795000
1)
#366805000
0)
#366825000
1(
1&
#366845000
1'
#366855000
0(
0&
0'
#366885000
1)
#366895000
0)
#366915000
1(
1&
#366935000
1'
#366945000
0(
0&
0'
#366975000
1)
#366985000
0)
#367005000
1(
1&
#367025000
1'
#367035000
0(
0&
0'
#367065000
1)
#367075000
0)
#367095000
1(
1&
#367115000
1'
#367125000
0(
0&
0'
#367155000
1)
#367165000
0)
#367185000
1(
1&
#367205000
1'
#367215000
0(
0&
0'
#367245000
1)
#367255000
0)
#367275000
1(
1&
#367295000
1'
#367305000
0(
0&
0'
#367335000
1)
#367345000
0)
#367365000
1(
1&
#367385000
1'
#367395000
0(
0&
0'
#367425000
1)
#367435000
0)
#367455000
1(
1&
#367475000
1'
#367485000
0(
0&
0'
#367515000
1)
#367525000
0)
#367545000
1(
1&
#367565000
1'
#367575000
0(
0&
0'
#367605000
1)
#367615000
0)
0"
#367625000
0!
#367635000
1*
#367845000
0*
#367850000
1'
#368125000
1!
#368135000
1&
1"
#368145000
0&
0'
#368185000
1)
#368195000
0)
1&
1'
#368205000
0&
0'
#368245000
1)
#368255000
0)
1&
1'
#368265000
0&
0'
#368305000
1)
#368315000
0)
1&
1'
#368325000
0&
0'
#368365000
1)
#368375000
0)
1&
1'
#368385000
0&
0'
#368425000
1)
#368435000
0)
1&
1'
#368445000
0&
0'
#368485000
1)
#368495000
0)
1&
1'
#368505000
0&
0'
#368545000
1)
#368555000
0)
1&
1'
#368565000
0&
0'
#368605000
1)
#368615000
0)
1&
1'
#368625000
0&
0'
#368665000
1)
#368675000
0)
1&
1'
#368685000
0&
0'
#368725000
1)
#368735000
0)
1&
1'
#368745000
0&
0'
#368785000
1)
#368795000
0)
1&
1'
#368805000
0&
0'
#368845000
1)
#368855000
0)
1&
1'
#368865000
0&
0'
#368905000
1)
#368915000
0)
1&
1'
#368925000
0&
0'
#368965000
1)
#368975000
0)
1&
1'
#368985000
0&
0'
#369025000
1)
#369035000
0)
1&
1'
#369045000
0&
0'
#369085000
1)
#369095000
0)
1&
1'
#369105000
0&
0'
#369145000
1)
#369155000
0)
1&
1'
#369165000
0&
0'
#369205000
1)
#369215000
0)
1&
1'
#369225000
0&
0'
#369265000
1)
#369275000
0)
1&
1'
#369285000
0&
0'
#369325000
1)
#369335000
0)
1&
1'
#369345000
0&
0'
#369385000
1)
#369395000
0)
1&
1'
#369405000
0&
0'
#369445000
1)
#369455000
0)
1&
1'
#369465000
0&
0'
#369505000
1)
#369515000
0)
1&
1'
#369525000
0&
0'
#369565000
1)
#369575000
0)
1&
1'
#369585000
0&
0'
#369625000
1)
#369635000
0)
0"
1'
#369655000
1&
1"
#369665000
0&
0'
#369705000
1)
#369715000
0)
1&
1'
#369725000
0&
0'
#369765000
1)
#369775000
0)
1&
1'
#369785000
0&
0'
#369825000
1)
#369835000
0)
1&
1'
#369845000
0&
0'
#369885000
1)
#369895000
0)
1&
1'
#369905000
0&
0'
#369945000
1)
#369955000
0)
1&
1'
#369965000
0&
0'
#370005000
1)
#370015000
0)
1&
1'
#370025000
0&
0'
#370065000
1)
#370075000
0)
1&
1'
#370085000
0&
0'
#370125000
1)
#370135000
0)
1&
1'
#370145000
0&
0'
#370185000
1)
#370195000
0)
1&
1'
#370205000
0&
0'
#370245000
1)
#370255000
0)
1&
1'
#370265000
0&
0'
#370305000
1)
#370315000
0)
1&
1'
#370325000
0&
0'
#370365000
1)
#370375000
0)
1&
1'
#370385000
0&
0'
#370425000
1)
#370435000
0)
1&
1'
#370445000
0&
0'
#370485000
1)
#370495000
0)
1&
1'
#370505000
0&
0'
#370545000
1)
#370555000
0)
1&
1'
#370565000
0&
0'
#370605000
1)
#370615000
0)
1&
1'
#370625000
0&
0'
#370665000
1)
#370675000
0)
1&
1'
#370685000
0&
0'
#370725000
1)
#370735000
0)
1&
1'
#370745000
0&
0'
#370785000
1)
#370795000
0)
1&
1'
#370805000
0&
0'
#370845000
1)
#370855000
0)
1&
1'
#370865000
0&
0'
#370905000
1)
#370915000
0)
1&
1'
#370925000
0&
0'
#370965000
1)
#370975000
0)
1&
1'
#370985000
0&
0'
#371025000
1)
#371035000
0)
1&
1'
#371045000
0&
0'
#371085000
1)
#371095000
0)
1&
1'
#371105000
0&
0'
#371145000
1)
#371155000
0)
1&
1'
#371165000
0&
0'
#371205000
1)
#371215000
0)
1&
1'
#371225000
0&
0'
#371265000
1)
#371275000
0)
1&
1'
#371285000
0&
0'
#371325000
1)
#371335000
0)
1&
1'
#371345000
0&
0'
#371385000
1)
#371395000
0)
1&
1'
#371405000
0&
0'
#371445000
1)
#371455000
0)
1&
1'
#371465000
0&
0'
#371505000
1)
#371515000
0)
1&
1'
#371525000
0&
0'
#371565000
1)
#371575000
0)
1&
1'
#371585000
0&
0'
#371625000
1)
#371635000
0)
1&
1'
#371645000
0&
0'
#371685000
1)
#371695000
0)
1&
1'
#371705000
0&
0'
#371745000
1)
#371755000
0)
1&
1'
#371765000
0&
0'
#371805000
1)
#371815000
0)
1&
1'
#371825000
0&
0'
#371865000
1)
#371875000
0)
1&
1'
#371885000
0&
0'
#371925000
1)
#371935000
0)
1&
1'
#371945000
0&
0'
#371985000
1)
#371995000
0)
1&
1'
#372005000
0&
0'
#372045000
1)
#372055000
0)
1&
1'
#372065000
0&
0'
#372105000
1)
#372115000
0)
1&
1'
#372125000
0&
0'
#372165000
1)
#372175000
0)
1&
1'
#372185000
0&
0'
#372225000
1)
#372235000
0)
1&
1'
#372245000
0&
0'
#372285000
1)
#372295000
0)
1&
1'
#372305000
0&
0'
#372345000
1)
#372355000
0)
1&
1'
#372365000
0&
0'
#372405000
1)
#372415000
0)
1&
1'
#372425000
0&
0'
#372465000
1)
#372475000
0)
1&
1'
#372485000
0&
0'
#372525000
1)
#372535000
0)
1&
1'
#372545000
0&
0'
#372585000
1)
#372595000
0)
1&
1'
#372605000
0&
0'
#372645000
1)
#372655000
0)
1&
1'
#372665000
0&
0'
#372705000
1)
#372715000
0)
1&
1'
#372725000
0&
0'
#372765000
1)
#372775000
0)
1&
1'
#372785000
0&
0'
#372825000
1)
#372835000
0)
1&
1'
#372845000
0&
0'
#372885000
1)
#372895000
0)
1&
1'
#372905000
0&
0'
#372945000
1)
#372955000
0)
1&
1'
#372965000
0&
0'
#373005000
1)
#373015000
0)
1&
1'
#373025000
0&
0'
#373065000
1)
#373075000
0)
1&
1'
#373085000
0&
0'
#373125000
1)
#373135000
0)
1&
1'
#373145000
0&
0'
#373185000
1)
#373195000
0)
1&
1'
#373205000
0&
0'
#373245000
1)
#373255000
0)
1&
1'
#373265000
0&
0'
#373305000
1)
#373315000
0)
1&
1'
#373325000
0&
0'
#373365000
1)
#373375000
0)
1&
1'
#373385000
0&
0'
#373425000
1)
#373435000
0)
1&
1'
#373445000
0&
0'
#373485000
1)
#373495000
0)
1&
1'
#373505000
0&
0'
#373545000
1)
#373555000
0)
1&
1'
#373565000
0&
0'
#373605000
1)
#373615000
0)
1&
1'
#373625000
0&
0'
#373665000
1)
#373675000
0)
1&
1'
#373685000
0&
0'
#373725000
1)
#373735000
0)
1&
1'
#373745000
0&
0'
#373785000
1)
#373795000
0)
1&
1'
#373805000
0&
0'
#373845000
1)
#373855000
0)
1&
1'
#373865000
0&
0'
#373905000
1)
#373915000
0)
1&
1'
#373925000
0&
0'
#373965000
1)
#373975000
0)
1&
1'
#373985000
0&
0'
#374025000
1)
#374035000
0)
1&
1'
#374045000
0&
0'
#374085000
1)
#374095000
0)
1&
1'
#374105000
0&
0'
#374145000
1)
#374155000
0)
0"
1'
#374175000
b0 ,
1#
#374275000
1$
#374285000
0$
#374365000
1$
#374375000
0$
#374455000
1$
#374465000
0$
#374545000
1$
#374555000
0$
#374635000
1$
#374645000
0$
#374665000
1%
#374675000
b100 ,
#374775000
1$
#374785000
0$
#374825000
0%
#374865000
1$
#374875000
0$
#374955000
1$
#374965000
0$
#375045000
1$
#375055000
0$
#375135000
1$
#375145000
0$
#375165000
1%
#375175000
b1000 ,
#375275000
1$
#375285000
0$
#375325000
0%
#375365000
1$
#375375000
0$
#375455000
1$
#375465000
0$
#375545000
1$
#375555000
0$
#375635000
1$
#375645000
0$
#375665000
1%
#375675000
b1100 ,
#375775000
1$
#375785000
0$
#375825000
0%
#375865000
1$
#375875000
0$
#375955000
1$
#375965000
0$
#376045000
1$
#376055000
0$
#376135000
1$
#376145000
0$
#376165000
1%
#376175000
b0 ,
b100 +
#376275000
1$
#376285000
0$
#376325000
0%
#376365000
1$
#376375000
0$
#376455000
1$
#376465000
0$
#376545000
1$
#376555000
0$
#376635000
1$
#376645000
0$
#376665000
1%
#376675000
b100 ,
#376775000
1$
#376785000
0$
#376825000
0%
#376865000
1$
#376875000
0$
#376955000
1$
#376965000
0$
#377045000
1$
#377055000
0$
#377135000
1$
#377145000
0$
#377165000
1%
#377175000
b1000 ,
#377275000
1$
#377285000
0$
#377325000
0%
#377365000
1$
#377375000
0$
#377455000
1$
#377465000
0$
#377545000
1$
#377555000
0$
#377635000
1$
#377645000
0$
#377665000
1%
#377675000
b1100 ,
#377775000
1$
#377785000
0$
#377825000
0%
#377865000
1$
#377875000
0$
#377955000
1$
#377965000
0$
#378045000
1$
#378055000
0$
#378135000
1$
#378145000
0$
#378165000
1%
#378185000
0#
#378325000
0%
#378345000
1"
#378365000
1(
1&
#378375000
0(
0&
0'
#378415000
1)
#378425000
0)
1'
#378445000
1(
1&
#378455000
0(
0&
0'
#378495000
1)
#378505000
0)
1'
#378525000
1(
1&
#378535000
0(
0&
0'
#378575000
1)
#378585000
0)
1'
#378605000
1(
1&
#378615000
0(
0&
0'
#378655000
1)
#378665000
0)
1'
#378685000
1(
1&
#378695000
0(
0&
0'
#378735000
1)
#378745000
0)
1'
#378765000
1(
1&
#378775000
0(
0&
0'
#378815000
1)
#378825000
0)
1'
#378845000
1(
1&
#378855000
0(
0&
0'
#378895000
1)
#378905000
0)
1'
#378925000
1(
1&
#378935000
0(
0&
0'
#378975000
1)
#378985000
0)
1'
#379005000
1(
1&
#379015000
0(
0&
0'
#379055000
1)
#379065000
0)
1'
#379085000
1(
1&
#379095000
0(
0&
0'
#379135000
1)
#379145000
0)
1'
#379165000
1(
1&
#379175000
0(
0&
0'
#379215000
1)
#379225000
0)
1'
#379245000
1(
1&
#379255000
0(
0&
0'
#379295000
1)
#379305000
0)
1'
#379325000
1(
1&
#379335000
0(
0&
0'
#379375000
1)
#379385000
0)
1'
#379405000
1(
1&
#379415000
0(
0&
0'
#379455000
1)
#379465000
0)
1'
#379485000
1(
1&
#379495000
0(
0&
0'
#379535000
1)
#379545000
0)
1'
#379565000
1(
1&
#379575000
0(
0&
0'
#379615000
1)
#379625000
0)
1'
#379645000
1(
1&
#379655000
0(
0&
0'
#379695000
1)
#379705000
0)
1'
#379725000
1(
1&
#379735000
0(
0&
0'
#379775000
1)
#379785000
0)
1'
#379805000
1(
1&
#379815000
0(
0&
0'
#379855000
1)
#379865000
0)
1'
#379885000
1(
1&
#379895000
0(
0&
0'
#379935000
1)
#379945000
0)
1'
#379965000
1(
1&
#379975000
0(
0&
0'
#380015000
1)
#380025000
0)
1'
#380045000
1(
1&
#380055000
0(
0&
0'
#380095000
1)
#380105000
0)
1'
#380125000
1(
1&
#380135000
0(
0&
0'
#380175000
1)
#380185000
0)
1'
#380205000
1(
1&
#380215000
0(
0&
0'
#380255000
1)
#380265000
0)
1'
#380285000
1(
1&
#380295000
0(
0&
0'
#380335000
1)
#380345000
0)
1'
#380365000
1(
1&
#380375000
0(
0&
0'
#380415000
1)
#380425000
0)
1'
#380445000
1(
1&
#380455000
0(
0&
0'
#380495000
1)
#380505000
0)
1'
#380525000
1(
1&
#380535000
0(
0&
0'
#380575000
1)
#380585000
0)
1'
#380605000
1(
1&
#380615000
0(
0&
0'
#380655000
1)
#380665000
0)
1'
#380685000
1(
1&
#380695000
0(
0&
0'
#380735000
1)
#380745000
0)
1'
#380765000
1(
1&
#380775000
0(
0&
0'
#380815000
1)
#380825000
0)
1'
#380845000
1(
1&
#380855000
0(
0&
0'
#380895000
1)
#380905000
0)
1'
#380925000
1(
1&
#380935000
0(
0&
0'
#380975000
1)
#380985000
0)
1'
#381005000
1(
1&
#381015000
0(
0&
0'
#381055000
1)
#381065000
0)
1'
#381085000
1(
1&
#381095000
0(
0&
0'
#381135000
1)
#381145000
0)
1'
#381165000
1(
1&
#381175000
0(
0&
0'
#381215000
1)
#381225000
0)
1'
#381245000
1(
1&
#381255000
0(
0&
0'
#381295000
1)
#381305000
0)
1'
#381325000
1(
1&
#381335000
0(
0&
0'
#381375000
1)
#381385000
0)
1'
#381405000
1(
1&
#381415000
0(
0&
0'
#381455000
1)
#381465000
0)
1'
#381485000
1(
1&
#381495000
0(
0&
0'
#381535000
1)
#381545000
0)
1'
#381565000
1(
1&
#381575000
0(
0&
0'
#381615000
1)
#381625000
0)
1'
#381645000
1(
1&
#381655000
0(
0&
0'
#381695000
1)
#381705000
0)
1'
#381725000
1(
1&
#381735000
0(
0&
0'
#381775000
1)
#381785000
0)
1'
#381805000
1(
1&
#381815000
0(
0&
0'
#381855000
1)
#381865000
0)
1'
#381885000
1(
1&
#381895000
0(
0&
0'
#381935000
1)
#381945000
0)
1'
#381965000
1(
1&
#381975000
0(
0&
0'
#382015000
1)
#382025000
0)
1'
#382045000
1(
1&
#382055000
0(
0&
0'
#382095000
1)
#382105000
0)
1'
#382125000
1(
1&
#382135000
0(
0&
0'
#382175000
1)
#382185000
0)
1'
#382205000
1(
1&
#382215000
0(
0&
0'
#382255000
1)
#382265000
0)
1'
#382285000
1(
1&
#382295000
0(
0&
0'
#382335000
1)
#382345000
0)
1'
#382365000
1(
1&
#382375000
0(
0&
0'
#382415000
1)
#382425000
0)
1'
#382445000
1(
1&
#382455000
0(
0&
0'
#382495000
1)
#382505000
0)
1'
#382525000
1(
1&
#382535000
0(
0&
0'
#382575000
1)
#382585000
0)
1'
#382605000
1(
1&
#382615000
0(
0&
0'
#382655000
1)
#382665000
0)
1'
#382685000
1(
1&
#382695000
0(
0&
0'
#382735000
1)
#382745000
0)
1'
#382765000
1(
1&
#382775000
0(
0&
0'
#382815000
1)
#382825000
0)
1'
#382845000
1(
1&
#382855000
0(
0&
0'
#382895000
1)
#382905000
0)
1'
#382925000
1(
1&
#382935000
0(
0&
0'
#382975000
1)
#382985000
0)
1'
#383005000
1(
1&
#383015000
0(
0&
0'
#383055000
1)
#383065000
0)
1'
#383085000
1(
1&
#383095000
0(
0&
0'
#383135000
1)
#383145000
0)
1'
#383165000
1(
1&
#383175000
0(
0&
0'
#383215000
1)
#383225000
0)
1'
#383245000
1(
1&
#383255000
0(
0&
0'
#383295000
1)
#383305000
0)
1'
#383325000
1(
1&
#383335000
0(
0&
0'
#383375000
1)
#383385000
0)
1'
#383405000
1(
1&
#383415000
0(
0&
0'
#383455000
1)
#383465000
0)
1'
#383485000
1(
1&
#383495000
0(
0&
0'
#383535000
1)
#383545000
0)
1'
#383565000
1(
1&
#383575000
0(
0&
0'
#383615000
1)
#383625000
0)
1'
#383645000
1(
1&
#383655000
0(
0&
0'
#383695000
1)
#383705000
0)
1'
#383725000
1(
1&
#383735000
0(
0&
0'
#383775000
1)
#383785000
0)
1'
#383805000
1(
1&
#383815000
0(
0&
0'
#383855000
1)
#383865000
0)
1'
#383885000
1(
1&
#383895000
0(
0&
0'
#383935000
1)
#383945000
0)
1'
#383965000
1(
1&
#383975000
0(
0&
0'
#384015000
1)
#384025000
0)
1'
#384045000
1(
1&
#384055000
0(
0&
0'
#384095000
1)
#384105000
0)
1'
#384125000
1(
1&
#384135000
0(
0&
0'
#384175000
1)
#384185000
0)
1'
#384205000
1(
1&
#384215000
0(
0&
0'
#384255000
1)
#384265000
0)
1'
#384285000
1(
1&
#384295000
0(
0&
0'
#384335000
1)
#384345000
0)
0"
1'
#384355000
0!
#384365000
1*
#384575000
0*
#384855000
1!
#384865000
1&
1"
#384875000
0&
0'
#384925000
1)
#384935000
0)
1&
1'
#384945000
0&
0'
#384995000
1)
#385005000
0)
1&
1'
#385015000
0&
0'
#385065000
1)
#385075000
0)
1&
1'
#385085000
0&
0'
#385135000
1)
#385145000
0)
1&
1'
#385155000
0&
0'
#385205000
1)
#385215000
0)
1&
1'
#385225000
0&
0'
#385275000
1)
#385285000
0)
1&
1'
#385295000
0&
0'
#385345000
1)
#385355000
0)
1&
1'
#385365000
0&
0'
#385415000
1)
#385425000
0)
1&
1'
#385435000
0&
0'
#385485000
1)
#385495000
0)
1&
1'
#385505000
0&
0'
#385555000
1)
#385565000
0)
1&
1'
#385575000
0&
0'
#385625000
1)
#385635000
0)
1&
1'
#385645000
0&
0'
#385695000
1)
#385705000
0)
1&
1'
#385715000
0&
0'
#385765000
1)
#385775000
0)
1&
1'
#385785000
0&
0'
#385835000
1)
#385845000
0)
1&
1'
#385855000
0&
0'
#385905000
1)
#385915000
0)
1&
1'
#385925000
0&
0'
#385975000
1)
#385985000
0)
1&
1'
#385995000
0&
0'
#386045000
1)
#386055000
0)
1&
1'
#386065000
0&
0'
#386115000
1)
#386125000
0)
1&
1'
#386135000
0&
0'
#386185000
1)
#386195000
0)
1&
1'
#386205000
0&
0'
#386255000
1)
#386265000
0)
1&
1'
#386275000
0&
0'
#386325000
1)
#386335000
0)
1&
1'
#386345000
0&
0'
#386395000
1)
#386405000
0)
1&
1'
#386415000
0&
0'
#386465000
1)
#386475000
0)
1&
1'
#386485000
0&
0'
#386535000
1)
#386545000
0)
1&
1'
#386555000
0&
0'
#386605000
1)
#386615000
0)
1&
1'
#386625000
0&
0'
#386675000
1)
#386685000
0)
1&
1'
#386695000
0&
0'
#386745000
1)
#386755000
0)
1&
1'
#386765000
0&
0'
#386815000
1)
#386825000
0)
1&
1'
#386835000
0&
0'
#386885000
1)
#386895000
0)
1&
1'
#386905000
0&
0'
#386955000
1)
#386965000
0)
1&
1'
#386975000
0&
0'
#387025000
1)
#387035000
0)
1&
1'
#387045000
0&
0'
#387095000
1)
#387105000
0)
1&
1'
#387115000
0&
0'
#387165000
1)
#387175000
0)
1&
1'
#387185000
0&
0'
#387235000
1)
#387245000
0)
1&
1'
#387255000
0&
0'
#387305000
1)
#387315000
0)
1&
1'
#387325000
0&
0'
#387375000
1)
#387385000
0)
1&
1'
#387395000
0&
0'
#387445000
1)
#387455000
0)
1&
1'
#387465000
0&
0'
#387515000
1)
#387525000
0)
1&
1'
#387535000
0&
0'
#387585000
1)
#387595000
0)
1&
1'
#387605000
0&
0'
#387655000
1)
#387665000
0)
1&
1'
#387675000
0&
0'
#387725000
1)
#387735000
0)
1&
1'
#387745000
0&
0'
#387795000
1)
#387805000
0)
1&
1'
#387815000
0&
0'
#387865000
1)
#387875000
0)
1&
1'
#387885000
0&
0'
#387935000
1)
#387945000
0)
1&
1'
#387955000
0&
0'
#388005000
1)
#388015000
0)
1&
1'
#388025000
0&
0'
#388075000
1)
#388085000
0)
1&
1'
#388095000
0&
0'
#388145000
1)
#388155000
0)
1&
1'
#388165000
0&
0'
#388215000
1)
#388225000
0)
1&
1'
#388235000
0&
0'
#388285000
1)
#388295000
0)
1&
1'
#388305000
0&
0'
#388355000
1)
#388365000
0)
1&
1'
#388375000
0&
0'
#388425000
1)
#388435000
0)
1&
1'
#388445000
0&
0'
#388495000
1)
#388505000
0)
1&
1'
#388515000
0&
0'
#388565000
1)
#388575000
0)
1&
1'
#388585000
0&
0'
#388635000
1)
#388645000
0)
1&
1'
#388655000
0&
0'
#388705000
1)
#388715000
0)
1&
1'
#388725000
0&
0'
#388775000
1)
#388785000
0)
1&
1'
#388795000
0&
0'
#388845000
1)
#388855000
0)
1&
1'
#388865000
0&
0'
#388915000
1)
#388925000
0)
1&
1'
#388935000
0&
0'
#388985000
1)
#388995000
0)
1&
1'
#389005000
0&
0'
#389055000
1)
#389065000
0)
0"
1'
#389085000
1&
1"
#389095000
0&
0'
#389145000
1)
#389155000
0)
1&
1'
#389165000
0&
0'
#389215000
1)
#389225000
0)
1&
1'
#389235000
0&
0'
#389285000
1)
#389295000
0)
1&
1'
#389305000
0&
0'
#389355000
1)
#389365000
0)
1&
1'
#389375000
0&
0'
#389425000
1)
#389435000
0)
1&
1'
#389445000
0&
0'
#389495000
1)
#389505000
0)
1&
1'
#389515000
0&
0'
#389565000
1)
#389575000
0)
1&
1'
#389585000
0&
0'
#389635000
1)
#389645000
0)
1&
1'
#389655000
0&
0'
#389705000
1)
#389715000
0)
1&
1'
#389725000
0&
0'
#389775000
1)
#389785000
0)
1&
1'
#389795000
0&
0'
#389845000
1)
#389855000
0)
1&
1'
#389865000
0&
0'
#389915000
1)
#389925000
0)
1&
1'
#389935000
0&
0'
#389985000
1)
#389995000
0)
1&
1'
#390005000
0&
0'
#390055000
1)
#390065000
0)
1&
1'
#390075000
0&
0'
#390125000
1)
#390135000
0)
1&
1'
#390145000
0&
0'
#390195000
1)
#390205000
0)
1&
1'
#390215000
0&
0'
#390265000
1)
#390275000
0)
1&
1'
#390285000
0&
0'
#390335000
1)
#390345000
0)
1&
1'
#390355000
0&
0'
#390405000
1)
#390415000
0)
1&
1'
#390425000
0&
0'
#390475000
1)
#390485000
0)
1&
1'
#390495000
0&
0'
#390545000
1)
#390555000
0)
1&
1'
#390565000
0&
0'
#390615000
1)
#390625000
0)
1&
1'
#390635000
0&
0'
#390685000
1)
#390695000
0)
1&
1'
#390705000
0&
0'
#390755000
1)
#390765000
0)
1&
1'
#390775000
0&
0'
#390825000
1)
#390835000
0)
1&
1'
#390845000
0&
0'
#390895000
1)
#390905000
0)
1&
1'
#390915000
0&
0'
#390965000
1)
#390975000
0)
1&
1'
#390985000
0&
0'
#391035000
1)
#391045000
0)
1&
1'
#391055000
0&
0'
#391105000
1)
#391115000
0)
1&
1'
#391125000
0&
0'
#391175000
1)
#391185000
0)
1&
1'
#391195000
0&
0'
#391245000
1)
#391255000
0)
1&
1'
#391265000
0&
0'
#391315000
1)
#391325000
0)
1&
1'
#391335000
0&
0'
#391385000
1)
#391395000
0)
1&
1'
#391405000
0&
0'
#391455000
1)
#391465000
0)
1&
1'
#391475000
0&
0'
#391525000
1)
#391535000
0)
1&
1'
#391545000
0&
0'
#391595000
1)
#391605000
0)
1&
1'
#391615000
0&
0'
#391665000
1)
#391675000
0)
1&
1'
#391685000
0&
0'
#391735000
1)
#391745000
0)
1&
1'
#391755000
0&
0'
#391805000
1)
#391815000
0)
1&
1'
#391825000
0&
0'
#391875000
1)
#391885000
0)
1&
1'
#391895000
0&
0'
#391945000
1)
#391955000
0)
1&
1'
#391965000
0&
0'
#392015000
1)
#392025000
0)
1&
1'
#392035000
0&
0'
#392085000
1)
#392095000
0)
1&
1'
#392105000
0&
0'
#392155000
1)
#392165000
0)
1&
1'
#392175000
0&
0'
#392225000
1)
#392235000
0)
1&
1'
#392245000
0&
0'
#392295000
1)
#392305000
0)
1&
1'
#392315000
0&
0'
#392365000
1)
#392375000
0)
1&
1'
#392385000
0&
0'
#392435000
1)
#392445000
0)
1&
1'
#392455000
0&
0'
#392505000
1)
#392515000
0)
1&
1'
#392525000
0&
0'
#392575000
1)
#392585000
0)
1&
1'
#392595000
0&
0'
#392645000
1)
#392655000
0)
1&
1'
#392665000
0&
0'
#392715000
1)
#392725000
0)
1&
1'
#392735000
0&
0'
#392785000
1)
#392795000
0)
1&
1'
#392805000
0&
0'
#392855000
1)
#392865000
0)
1&
1'
#392875000
0&
0'
#392925000
1)
#392935000
0)
1&
1'
#392945000
0&
0'
#392995000
1)
#393005000
0)
1&
1'
#393015000
0&
0'
#393065000
1)
#393075000
0)
1&
1'
#393085000
0&
0'
#393135000
1)
#393145000
0)
1&
1'
#393155000
0&
0'
#393205000
1)
#393215000
0)
1&
1'
#393225000
0&
0'
#393275000
1)
#393285000
0)
1&
1'
#393295000
0&
0'
#393345000
1)
#393355000
0)
1&
1'
#393365000
0&
0'
#393415000
1)
#393425000
0)
1&
1'
#393435000
0&
0'
#393485000
1)
#393495000
0)
1&
1'
#393505000
0&
0'
#393555000
1)
#393565000
0)
1&
1'
#393575000
0&
0'
#393625000
1)
#393635000
0)
0"
1'
#393655000
b0 ,
b0 +
1#
#393755000
1$
#393765000
0$
#393845000
1$
#393855000
0$
#393935000
1$
#393945000
0$
#394025000
1$
#394035000
0$
#394115000
1$
#394125000
0$
#394145000
1%
#394155000
b100 ,
#394255000
1$
#394265000
0$
#394305000
0%
#394345000
1$
#394355000
0$
#394435000
1$
#394445000
0$
#394525000
1$
#394535000
0$
#394615000
1$
#394625000
0$
#394645000
1%
#394655000
b1000 ,
#394755000
1$
#394765000
0$
#394805000
0%
#394845000
1$
#394855000
0$
#394935000
1$
#394945000
0$
#395025000
1$
#395035000
0$
#395115000
1$
#395125000
0$
#395145000
1%
#395155000
b1100 ,
#395255000
1$
#395265000
0$
#395305000
0%
#395345000
1$
#395355000
0$
#395435000
1$
#395445000
0$
#395525000
1$
#395535000
0$
#395615000
1$
#395625000
0$
#395645000
1%
#395655000
b0 ,
b100 +
#395755000
1$
#395765000
0$
#395805000
0%
#395845000
1$
#395855000
0$
#395935000
1$
#395945000
0$
#396025000
1$
#396035000
0$
#396115000
1$
#396125000
0$
#396145000
1%
#396155000
b100 ,
#396255000
1$
#396265000
0$
#396305000
0%
#396345000
1$
#396355000
0$
#396435000
1$
#396445000
0$
#396525000
1$
#396535000
0$
#396615000
1$
#396625000
0$
#396645000
1%
#396655000
b1000 ,
#396755000
1$
#396765000
0$
#396805000
0%
#396845000
1$
#396855000
0$
#396935000
1$
#396945000
0$
#397025000
1$
#397035000
0$
#397115000
1$
#397125000
0$
#397145000
1%
#397155000
b1100 ,
#397255000
1$
#397265000
0$
#397305000
0%
#397345000
1$
#397355000
0$
#397435000
1$
#397445000
0$
#397525000
1$
#397535000
0$
#397615000
1$
#397625000
0$
#397645000
1%
#397655000
b0 ,
b1000 +
#397755000
1$
#397765000
0$
#397805000
0%
#397845000
1$
#397855000
0$
#397935000
1$
#397945000
0$
#398025000
1$
#398035000
0$
#398115000
1$
#398125000
0$
#398145000
1%
#398155000
b100 ,
#398255000
1$
#398265000
0$
#398305000
0%
#398345000
1$
#398355000
0$
#398435000
1$
#398445000
0$
#398525000
1$
#398535000
0$
#398615000
1$
#398625000
0$
#398645000
1%
#398655000
b1000 ,
#398755000
1$
#398765000
0$
#398805000
0%
#398845000
1$
#398855000
0$
#398935000
1$
#398945000
0$
#399025000
1$
#399035000
0$
#399115000
1$
#399125000
0$
#399145000
1%
#399155000
b1100 ,
#399255000
1$
#399265000
0$
#399305000
0%
#399345000
1$
#399355000
0$
#399435000
1$
#399445000
0$
#399525000
1$
#399535000
0$
#399615000
1$
#399625000
0$
#399645000
1%
#399665000
0#
#399805000
0%
#399825000
1"
#399845000
1(
1&
#399855000
0(
0&
0'
#399905000
1)
#399915000
0)
1'
#399935000
1(
1&
#399945000
0(
0&
0'
#399995000
1)
#400005000
0)
1'
#400025000
1(
1&
#400035000
0(
0&
0'
#400085000
1)
#400095000
0)
1'
#400115000
1(
1&
#400125000
0(
0&
0'
#400175000
1)
#400185000
0)
1'
#400205000
1(
1&
#400215000
0(
0&
0'
#400265000
1)
#400275000
0)
1'
#400295000
1(
1&
#400305000
0(
0&
0'
#400355000
1)
#400365000
0)
1'
#400385000
1(
1&
#400395000
0(
0&
0'
#400445000
1)
#400455000
0)
1'
#400475000
1(
1&
#400485000
0(
0&
0'
#400535000
1)
#400545000
0)
1'
#400565000
1(
1&
#400575000
0(
0&
0'
#400625000
1)
#400635000
0)
1'
#400655000
1(
1&
#400665000
0(
0&
0'
#400715000
1)
#400725000
0)
1'
#400745000
1(
1&
#400755000
0(
0&
0'
#400805000
1)
#400815000
0)
1'
#400835000
1(
1&
#400845000
0(
0&
0'
#400895000
1)
#400905000
0)
1'
#400925000
1(
1&
#400935000
0(
0&
0'
#400985000
1)
#400995000
0)
1'
#401015000
1(
1&
#401025000
0(
0&
0'
#401075000
1)
#401085000
0)
1'
#401105000
1(
1&
#401115000
0(
0&
0'
#401165000
1)
#401175000
0)
1'
#401195000
1(
1&
#401205000
0(
0&
0'
#401255000
1)
#401265000
0)
1'
#401285000
1(
1&
#401295000
0(
0&
0'
#401345000
1)
#401355000
0)
1'
#401375000
1(
1&
#401385000
0(
0&
0'
#401435000
1)
#401445000
0)
1'
#401465000
1(
1&
#401475000
0(
0&
0'
#401525000
1)
#401535000
0)
1'
#401555000
1(
1&
#401565000
0(
0&
0'
#401615000
1)
#401625000
0)
1'
#401645000
1(
1&
#401655000
0(
0&
0'
#401705000
1)
#401715000
0)
1'
#401735000
1(
1&
#401745000
0(
0&
0'
#401795000
1)
#401805000
0)
1'
#401825000
1(
1&
#401835000
0(
0&
0'
#401885000
1)
#401895000
0)
1'
#401915000
1(
1&
#401925000
0(
0&
0'
#401975000
1)
#401985000
0)
1'
#402005000
1(
1&
#402015000
0(
0&
0'
#402065000
1)
#402075000
0)
1'
#402095000
1(
1&
#402105000
0(
0&
0'
#402155000
1)
#402165000
0)
1'
#402185000
1(
1&
#402195000
0(
0&
0'
#402245000
1)
#402255000
0)
1'
#402275000
1(
1&
#402285000
0(
0&
0'
#402335000
1)
#402345000
0)
1'
#402365000
1(
1&
#402375000
0(
0&
0'
#402425000
1)
#402435000
0)
1'
#402455000
1(
1&
#402465000
0(
0&
0'
#402515000
1)
#402525000
0)
1'
#402545000
1(
1&
#402555000
0(
0&
0'
#402605000
1)
#402615000
0)
1'
#402635000
1(
1&
#402645000
0(
0&
0'
#402695000
1)
#402705000
0)
1'
#402725000
1(
1&
#402735000
0(
0&
0'
#402785000
1)
#402795000
0)
1'
#402815000
1(
1&
#402825000
0(
0&
0'
#402875000
1)
#402885000
0)
1'
#402905000
1(
1&
#402915000
0(
0&
0'
#402965000
1)
#402975000
0)
1'
#402995000
1(
1&
#403005000
0(
0&
0'
#403055000
1)
#403065000
0)
1'
#403085000
1(
1&
#403095000
0(
0&
0'
#403145000
1)
#403155000
0)
1'
#403175000
1(
1&
#403185000
0(
0&
0'
#403235000
1)
#403245000
0)
1'
#403265000
1(
1&
#403275000
0(
0&
0'
#403325000
1)
#403335000
0)
1'
#403355000
1(
1&
#403365000
0(
0&
0'
#403415000
1)
#403425000
0)
1'
#403445000
1(
1&
#403455000
0(
0&
0'
#403505000
1)
#403515000
0)
1'
#403535000
1(
1&
#403545000
0(
0&
0'
#403595000
1)
#403605000
0)
1'
#403625000
1(
1&
#403635000
0(
0&
0'
#403685000
1)
#403695000
0)
1'
#403715000
1(
1&
#403725000
0(
0&
0'
#403775000
1)
#403785000
0)
1'
#403805000
1(
1&
#403815000
0(
0&
0'
#403865000
1)
#403875000
0)
1'
#403895000
1(
1&
#403905000
0(
0&
0'
#403955000
1)
#403965000
0)
1'
#403985000
1(
1&
#403995000
0(
0&
0'
#404045000
1)
#404055000
0)
1'
#404075000
1(
1&
#404085000
0(
0&
0'
#404135000
1)
#404145000
0)
1'
#404165000
1(
1&
#404175000
0(
0&
0'
#404225000
1)
#404235000
0)
1'
#404255000
1(
1&
#404265000
0(
0&
0'
#404315000
1)
#404325000
0)
1'
#404345000
1(
1&
#404355000
0(
0&
0'
#404405000
1)
#404415000
0)
1'
#404435000
1(
1&
#404445000
0(
0&
0'
#404495000
1)
#404505000
0)
1'
#404525000
1(
1&
#404535000
0(
0&
0'
#404585000
1)
#404595000
0)
1'
#404615000
1(
1&
#404625000
0(
0&
0'
#404675000
1)
#404685000
0)
1'
#404705000
1(
1&
#404715000
0(
0&
0'
#404765000
1)
#404775000
0)
1'
#404795000
1(
1&
#404805000
0(
0&
0'
#404855000
1)
#404865000
0)
1'
#404885000
1(
1&
#404895000
0(
0&
0'
#404945000
1)
#404955000
0)
1'
#404975000
1(
1&
#404985000
0(
0&
0'
#405035000
1)
#405045000
0)
1'
#405065000
1(
1&
#405075000
0(
0&
0'
#405125000
1)
#405135000
0)
1'
#405155000
1(
1&
#405165000
0(
0&
0'
#405215000
1)
#405225000
0)
1'
#405245000
1(
1&
#405255000
0(
0&
0'
#405305000
1)
#405315000
0)
1'
#405335000
1(
1&
#405345000
0(
0&
0'
#405395000
1)
#405405000
0)
1'
#405425000
1(
1&
#405435000
0(
0&
0'
#405485000
1)
#405495000
0)
1'
#405515000
1(
1&
#405525000
0(
0&
0'
#405575000
1)
#405585000
0)
1'
#405605000
1(
1&
#405615000
0(
0&
0'
#405665000
1)
#405675000
0)
1'
#405695000
1(
1&
#405705000
0(
0&
0'
#405755000
1)
#405765000
0)
1'
#405785000
1(
1&
#405795000
0(
0&
0'
#405845000
1)
#405855000
0)
1'
#405875000
1(
1&
#405885000
0(
0&
0'
#405935000
1)
#405945000
0)
1'
#405965000
1(
1&
#405975000
0(
0&
0'
#406025000
1)
#406035000
0)
1'
#406055000
1(
1&
#406065000
0(
0&
0'
#406115000
1)
#406125000
0)
1'
#406145000
1(
1&
#406155000
0(
0&
0'
#406205000
1)
#406215000
0)
1'
#406235000
1(
1&
#406245000
0(
0&
0'
#406295000
1)
#406305000
0)
1'
#406325000
1(
1&
#406335000
0(
0&
0'
#406385000
1)
#406395000
0)
1'
#406415000
1(
1&
#406425000
0(
0&
0'
#406475000
1)
#406485000
0)
1'
#406505000
1(
1&
#406515000
0(
0&
0'
#406565000
1)
#406575000
0)
1'
#406595000
1(
1&
#406605000
0(
0&
0'
#406655000
1)
#406665000
0)
1'
#406685000
1(
1&
#406695000
0(
0&
0'
#406745000
1)
#406755000
0)
1'
#406775000
1(
1&
#406785000
0(
0&
0'
#406835000
1)
#406845000
0)
1'
#406865000
1(
1&
#406875000
0(
0&
0'
#406925000
1)
#406935000
0)
1'
#406955000
1(
1&
#406965000
0(
0&
0'
#407015000
1)
#407025000
0)
1'
#407045000
1(
1&
#407055000
0(
0&
0'
#407105000
1)
#407115000
0)
1'
#407135000
1(
1&
#407145000
0(
0&
0'
#407195000
1)
#407205000
0)
1'
#407225000
1(
1&
#407235000
0(
0&
0'
#407285000
1)
#407295000
0)
1'
#407315000
1(
1&
#407325000
0(
0&
0'
#407375000
1)
#407385000
0)
1'
#407405000
1(
1&
#407415000
0(
0&
0'
#407465000
1)
#407475000
0)
1'
#407495000
1(
1&
#407505000
0(
0&
0'
#407555000
1)
#407565000
0)
1'
#407585000
1(
1&
#407595000
0(
0&
0'
#407645000
1)
#407655000
0)
1'
#407675000
1(
1&
#407685000
0(
0&
0'
#407735000
1)
#407745000
0)
1'
#407765000
1(
1&
#407775000
0(
0&
0'
#407825000
1)
#407835000
0)
1'
#407855000
1(
1&
#407865000
0(
0&
0'
#407915000
1)
#407925000
0)
1'
#407945000
1(
1&
#407955000
0(
0&
0'
#408005000
1)
#408015000
0)
1'
#408035000
1(
1&
#408045000
0(
0&
0'
#408095000
1)
#408105000
0)
1'
#408125000
1(
1&
#408135000
0(
0&
0'
#408185000
1)
#408195000
0)
1'
#408215000
1(
1&
#408225000
0(
0&
0'
#408275000
1)
#408285000
0)
1'
#408305000
1(
1&
#408315000
0(
0&
0'
#408365000
1)
#408375000
0)
1'
#408395000
1(
1&
#408405000
0(
0&
0'
#408455000
1)
#408465000
0)
1'
#408485000
1(
1&
#408495000
0(
0&
0'
#408545000
1)
#408555000
0)
1'
#408575000
1(
1&
#408585000
0(
0&
0'
#408635000
1)
#408645000
0)
1'
#408665000
1(
1&
#408675000
0(
0&
0'
#408725000
1)
#408735000
0)
1'
#408755000
1(
1&
#408765000
0(
0&
0'
#408815000
1)
#408825000
0)
1'
#408845000
1(
1&
#408855000
0(
0&
0'
#408905000
1)
#408915000
0)
1'
#408935000
1(
1&
#408945000
0(
0&
0'
#408995000
1)
#409005000
0)
1'
#409025000
1(
1&
#409035000
0(
0&
0'
#409085000
1)
#409095000
0)
1'
#409115000
1(
1&
#409125000
0(
0&
0'
#409175000
1)
#409185000
0)
1'
#409205000
1(
1&
#409215000
0(
0&
0'
#409265000
1)
#409275000
0)
1'
#409295000
1(
1&
#409305000
0(
0&
0'
#409355000
1)
#409365000
0)
1'
#409385000
1(
1&
#409395000
0(
0&
0'
#409445000
1)
#409455000
0)
1'
#409475000
1(
1&
#409485000
0(
0&
0'
#409535000
1)
#409545000
0)
1'
#409565000
1(
1&
#409575000
0(
0&
0'
#409625000
1)
#409635000
0)
1'
#409655000
1(
1&
#409665000
0(
0&
0'
#409715000
1)
#409725000
0)
1'
#409745000
1(
1&
#409755000
0(
0&
0'
#409805000
1)
#409815000
0)
1'
#409835000
1(
1&
#409845000
0(
0&
0'
#409895000
1)
#409905000
0)
1'
#409925000
1(
1&
#409935000
0(
0&
0'
#409985000
1)
#409995000
0)
1'
#410015000
1(
1&
#410025000
0(
0&
0'
#410075000
1)
#410085000
0)
1'
#410105000
1(
1&
#410115000
0(
0&
0'
#410165000
1)
#410175000
0)
1'
#410195000
1(
1&
#410205000
0(
0&
0'
#410255000
1)
#410265000
0)
1'
#410285000
1(
1&
#410295000
0(
0&
0'
#410345000
1)
#410355000
0)
1'
#410375000
1(
1&
#410385000
0(
0&
0'
#410435000
1)
#410445000
0)
1'
#410465000
1(
1&
#410475000
0(
0&
0'
#410525000
1)
#410535000
0)
1'
#410555000
1(
1&
#410565000
0(
0&
0'
#410615000
1)
#410625000
0)
1'
#410645000
1(
1&
#410655000
0(
0&
0'
#410705000
1)
#410715000
0)
1'
#410735000
1(
1&
#410745000
0(
0&
0'
#410795000
1)
#410805000
0)
1'
#410825000
1(
1&
#410835000
0(
0&
0'
#410885000
1)
#410895000
0)
1'
#410915000
1(
1&
#410925000
0(
0&
0'
#410975000
1)
#410985000
0)
1'
#411005000
1(
1&
#411015000
0(
0&
0'
#411065000
1)
#411075000
0)
1'
#411095000
1(
1&
#411105000
0(
0&
0'
#411155000
1)
#411165000
0)
1'
#411185000
1(
1&
#411195000
0(
0&
0'
#411245000
1)
#411255000
0)
1'
#411275000
1(
1&
#411285000
0(
0&
0'
#411335000
1)
#411345000
0)
1'
#411365000
1(
1&
#411375000
0(
0&
0'
#411425000
1)
#411435000
0)
1'
#411455000
1(
1&
#411465000
0(
0&
0'
#411515000
1)
#411525000
0)
1'
#411545000
1(
1&
#411555000
0(
0&
0'
#411605000
1)
#411615000
0)
1'
#411635000
1(
1&
#411645000
0(
0&
0'
#411695000
1)
#411705000
0)
1'
#411725000
1(
1&
#411735000
0(
0&
0'
#411785000
1)
#411795000
0)
1'
#411815000
1(
1&
#411825000
0(
0&
0'
#411875000
1)
#411885000
0)
1'
#411905000
1(
1&
#411915000
0(
0&
0'
#411965000
1)
#411975000
0)
1'
#411995000
1(
1&
#412005000
0(
0&
0'
#412055000
1)
#412065000
0)
1'
#412085000
1(
1&
#412095000
0(
0&
0'
#412145000
1)
#412155000
0)
1'
#412175000
1(
1&
#412185000
0(
0&
0'
#412235000
1)
#412245000
0)
1'
#412265000
1(
1&
#412275000
0(
0&
0'
#412325000
1)
#412335000
0)
1'
#412355000
1(
1&
#412365000
0(
0&
0'
#412415000
1)
#412425000
0)
1'
#412445000
1(
1&
#412455000
0(
0&
0'
#412505000
1)
#412515000
0)
1'
#412535000
1(
1&
#412545000
0(
0&
0'
#412595000
1)
#412605000
0)
1'
#412625000
1(
1&
#412635000
0(
0&
0'
#412685000
1)
#412695000
0)
1'
#412715000
1(
1&
#412725000
0(
0&
0'
#412775000
1)
#412785000
0)
1'
#412805000
1(
1&
#412815000
0(
0&
0'
#412865000
1)
#412875000
0)
1'
#412895000
1(
1&
#412905000
0(
0&
0'
#412955000
1)
#412965000
0)
1'
#412985000
1(
1&
#412995000
0(
0&
0'
#413045000
1)
#413055000
0)
1'
#413075000
1(
1&
#413085000
0(
0&
0'
#413135000
1)
#413145000
0)
1'
#413165000
1(
1&
#413175000
0(
0&
0'
#413225000
1)
#413235000
0)
1'
#413255000
1(
1&
#413265000
0(
0&
0'
#413315000
1)
#413325000
0)
1'
#413345000
1(
1&
#413355000
0(
0&
0'
#413405000
1)
#413415000
0)
1'
#413435000
1(
1&
#413445000
0(
0&
0'
#413495000
1)
#413505000
0)
1'
#413525000
1(
1&
#413535000
0(
0&
0'
#413585000
1)
#413595000
0)
1'
#413615000
1(
1&
#413625000
0(
0&
0'
#413675000
1)
#413685000
0)
1'
#413705000
1(
1&
#413715000
0(
0&
0'
#413765000
1)
#413775000
0)
1'
#413795000
1(
1&
#413805000
0(
0&
0'
#413855000
1)
#413865000
0)
0"
1'
#413875000
0!
#413885000
1*
#414095000
0*
#414375000
1!
#414385000
1&
1"
#414395000
0&
0'
#414405000
1)
#414415000
0)
1&
1'
#414425000
0&
0'
#414435000
1)
#414445000
0)
1&
1'
#414455000
0&
0'
#414465000
1)
#414475000
0)
1&
1'
#414485000
0&
0'
#414495000
1)
#414505000
0)
1&
1'
#414515000
0&
0'
#414525000
1)
#414535000
0)
1&
1'
#414545000
0&
0'
#414555000
1)
#414565000
0)
1&
1'
#414575000
0&
0'
#414585000
1)
#414595000
0)
1&
1'
#414605000
0&
0'
#414615000
1)
#414625000
0)
1&
1'
#414635000
0&
0'
#414645000
1)
#414655000
0)
1&
1'
#414665000
0&
0'
#414675000
1)
#414685000
0)
1&
1'
#414695000
0&
0'
#414705000
1)
#414715000
0)
1&
1'
#414725000
0&
0'
#414735000
1)
#414745000
0)
1&
1'
#414755000
0&
0'
#414765000
1)
#414775000
0)
1&
1'
#414785000
0&
0'
#414795000
1)
#414805000
0)
1&
1'
#414815000
0&
0'
#414825000
1)
#414835000
0)
1&
1'
#414845000
0&
0'
#414855000
1)
#414865000
0)
1&
1'
#414875000
0&
0'
#414885000
1)
#414895000
0)
1&
1'
#414905000
0&
0'
#414915000
1)
#414925000
0)
1&
1'
#414935000
0&
0'
#414945000
1)
#414955000
0)
1&
1'
#414965000
0&
0'
#414975000
1)
#414985000
0)
1&
1'
#414995000
0&
0'
#415005000
1)
#415015000
0)
1&
1'
#415025000
0&
0'
#415035000
1)
#415045000
0)
1&
1'
#415055000
0&
0'
#415065000
1)
#415075000
0)
1&
1'
#415085000
0&
0'
#415095000
1)
#415105000
0)
1&
1'
#415115000
0&
0'
#415125000
1)
#415135000
0)
1&
1'
#415145000
0&
0'
#415155000
1)
#415165000
0)
1&
1'
#415175000
0&
0'
#415185000
1)
#415195000
0)
1&
1'
#415205000
0&
0'
#415215000
1)
#415225000
0)
1&
1'
#415235000
0&
0'
#415245000
1)
#415255000
0)
1&
1'
#415265000
0&
0'
#415275000
1)
#415285000
0)
1&
1'
#415295000
0&
0'
#415305000
1)
#415315000
0)
1&
1'
#415325000
0&
0'
#415335000
1)
#415345000
0)
1&
1'
#415355000
0&
0'
#415365000
1)
#415375000
0)
1&
1'
#415385000
0&
0'
#415395000
1)
#415405000
0)
1&
1'
#415415000
0&
0'
#415425000
1)
#415435000
0)
1&
1'
#415445000
0&
0'
#415455000
1)
#415465000
0)
1&
1'
#415475000
0&
0'
#415485000
1)
#415495000
0)
1&
1'
#415505000
0&
0'
#415515000
1)
#415525000
0)
1&
1'
#415535000
0&
0'
#415545000
1)
#415555000
0)
1&
1'
#415565000
0&
0'
#415575000
1)
#415585000
0)
1&
1'
#415595000
0&
0'
#415605000
1)
#415615000
0)
1&
1'
#415625000
0&
0'
#415635000
1)
#415645000
0)
1&
1'
#415655000
0&
0'
#415665000
1)
#415675000
0)
1&
1'
#415685000
0&
0'
#415695000
1)
#415705000
0)
1&
1'
#415715000
0&
0'
#415725000
1)
#415735000
0)
1&
1'
#415745000
0&
0'
#415755000
1)
#415765000
0)
1&
1'
#415775000
0&
0'
#415785000
1)
#415795000
0)
1&
1'
#415805000
0&
0'
#415815000
1)
#415825000
0)
1&
1'
#415835000
0&
0'
#415845000
1)
#415855000
0)
1&
1'
#415865000
0&
0'
#415875000
1)
#415885000
0)
1&
1'
#415895000
0&
0'
#415905000
1)
#415915000
0)
1&
1'
#415925000
0&
0'
#415935000
1)
#415945000
0)
1&
1'
#415955000
0&
0'
#415965000
1)
#415975000
0)
1&
1'
#415985000
0&
0'
#415995000
1)
#416005000
0)
1&
1'
#416015000
0&
0'
#416025000
1)
#416035000
0)
1&
1'
#416045000
0&
0'
#416055000
1)
#416065000
0)
1&
1'
#416075000
0&
0'
#416085000
1)
#416095000
0)
1&
1'
#416105000
0&
0'
#416115000
1)
#416125000
0)
1&
1'
#416135000
0&
0'
#416145000
1)
#416155000
0)
1&
1'
#416165000
0&
0'
#416175000
1)
#416185000
0)
1&
1'
#416195000
0&
0'
#416205000
1)
#416215000
0)
1&
1'
#416225000
0&
0'
#416235000
1)
#416245000
0)
1&
1'
#416255000
0&
0'
#416265000
1)
#416275000
0)
1&
1'
#416285000
0&
0'
#416295000
1)
#416305000
0)
1&
1'
#416315000
0&
0'
#416325000
1)
#416335000
0)
1&
1'
#416345000
0&
0'
#416355000
1)
#416365000
0)
1&
1'
#416375000
0&
0'
#416385000
1)
#416395000
0)
1&
1'
#416405000
0&
0'
#416415000
1)
#416425000
0)
1&
1'
#416435000
0&
0'
#416445000
1)
#416455000
0)
1&
1'
#416465000
0&
0'
#416475000
1)
#416485000
0)
1&
1'
#416495000
0&
0'
#416505000
1)
#416515000
0)
1&
1'
#416525000
0&
0'
#416535000
1)
#416545000
0)
1&
1'
#416555000
0&
0'
#416565000
1)
#416575000
0)
1&
1'
#416585000
0&
0'
#416595000
1)
#416605000
0)
1&
1'
#416615000
0&
0'
#416625000
1)
#416635000
0)
1&
1'
#416645000
0&
0'
#416655000
1)
#416665000
0)
1&
1'
#416675000
0&
0'
#416685000
1)
#416695000
0)
1&
1'
#416705000
0&
0'
#416715000
1)
#416725000
0)
1&
1'
#416735000
0&
0'
#416745000
1)
#416755000
0)
1&
1'
#416765000
0&
0'
#416775000
1)
#416785000
0)
0"
1'
#416805000
1&
1"
#416815000
0&
0'
#416825000
1)
#416835000
0)
1&
1'
#416845000
0&
0'
#416855000
1)
#416865000
0)
1&
1'
#416875000
0&
0'
#416885000
1)
#416895000
0)
1&
1'
#416905000
0&
0'
#416915000
1)
#416925000
0)
1&
1'
#416935000
0&
0'
#416945000
1)
#416955000
0)
1&
1'
#416965000
0&
0'
#416975000
1)
#416985000
0)
1&
1'
#416995000
0&
0'
#417005000
1)
#417015000
0)
1&
1'
#417025000
0&
0'
#417035000
1)
#417045000
0)
1&
1'
#417055000
0&
0'
#417065000
1)
#417075000
0)
1&
1'
#417085000
0&
0'
#417095000
1)
#417105000
0)
1&
1'
#417115000
0&
0'
#417125000
1)
#417135000
0)
1&
1'
#417145000
0&
0'
#417155000
1)
#417165000
0)
1&
1'
#417175000
0&
0'
#417185000
1)
#417195000
0)
1&
1'
#417205000
0&
0'
#417215000
1)
#417225000
0)
1&
1'
#417235000
0&
0'
#417245000
1)
#417255000
0)
1&
1'
#417265000
0&
0'
#417275000
1)
#417285000
0)
1&
1'
#417295000
0&
0'
#417305000
1)
#417315000
0)
1&
1'
#417325000
0&
0'
#417335000
1)
#417345000
0)
1&
1'
#417355000
0&
0'
#417365000
1)
#417375000
0)
1&
1'
#417385000
0&
0'
#417395000
1)
#417405000
0)
1&
1'
#417415000
0&
0'
#417425000
1)
#417435000
0)
1&
1'
#417445000
0&
0'
#417455000
1)
#417465000
0)
1&
1'
#417475000
0&
0'
#417485000
1)
#417495000
0)
1&
1'
#417505000
0&
0'
#417515000
1)
#417525000
0)
1&
1'
#417535000
0&
0'
#417545000
1)
#417555000
0)
1&
1'
#417565000
0&
0'
#417575000
1)
#417585000
0)
1&
1'
#417595000
0&
0'
#417605000
1)
#417615000
0)
1&
1'
#417625000
0&
0'
#417635000
1)
#417645000
0)
1&
1'
#417655000
0&
0'
#417665000
1)
#417675000
0)
1&
1'
#417685000
0&
0'
#417695000
1)
#417705000
0)
1&
1'
#417715000
0&
0'
#417725000
1)
#417735000
0)
1&
1'
#417745000
0&
0'
#417755000
1)
#417765000
0)
1&
1'
#417775000
0&
0'
#417785000
1)
#417795000
0)
1&
1'
#417805000
0&
0'
#417815000
1)
#417825000
0)
1&
1'
#417835000
0&
0'
#417845000
1)
#417855000
0)
1&
1'
#417865000
0&
0'
#417875000
1)
#417885000
0)
1&
1'
#417895000
0&
0'
#417905000
1)
#417915000
0)
1&
1'
#417925000
0&
0'
#417935000
1)
#417945000
0)
1&
1'
#417955000
0&
0'
#417965000
1)
#417975000
0)
1&
1'
#417985000
0&
0'
#417995000
1)
#418005000
0)
1&
1'
#418015000
0&
0'
#418025000
1)
#418035000
0)
1&
1'
#418045000
0&
0'
#418055000
1)
#418065000
0)
1&
1'
#418075000
0&
0'
#418085000
1)
#418095000
0)
1&
1'
#418105000
0&
0'
#418115000
1)
#418125000
0)
1&
1'
#418135000
0&
0'
#418145000
1)
#418155000
0)
1&
1'
#418165000
0&
0'
#418175000
1)
#418185000
0)
1&
1'
#418195000
0&
0'
#418205000
1)
#418215000
0)
1&
1'
#418225000
0&
0'
#418235000
1)
#418245000
0)
1&
1'
#418255000
0&
0'
#418265000
1)
#418275000
0)
1&
1'
#418285000
0&
0'
#418295000
1)
#418305000
0)
1&
1'
#418315000
0&
0'
#418325000
1)
#418335000
0)
1&
1'
#418345000
0&
0'
#418355000
1)
#418365000
0)
1&
1'
#418375000
0&
0'
#418385000
1)
#418395000
0)
1&
1'
#418405000
0&
0'
#418415000
1)
#418425000
0)
1&
1'
#418435000
0&
0'
#418445000
1)
#418455000
0)
1&
1'
#418465000
0&
0'
#418475000
1)
#418485000
0)
1&
1'
#418495000
0&
0'
#418505000
1)
#418515000
0)
1&
1'
#418525000
0&
0'
#418535000
1)
#418545000
0)
1&
1'
#418555000
0&
0'
#418565000
1)
#418575000
0)
1&
1'
#418585000
0&
0'
#418595000
1)
#418605000
0)
1&
1'
#418615000
0&
0'
#418625000
1)
#418635000
0)
1&
1'
#418645000
0&
0'
#418655000
1)
#418665000
0)
1&
1'
#418675000
0&
0'
#418685000
1)
#418695000
0)
1&
1'
#418705000
0&
0'
#418715000
1)
#418725000
0)
1&
1'
#418735000
0&
0'
#418745000
1)
#418755000
0)
1&
1'
#418765000
0&
0'
#418775000
1)
#418785000
0)
1&
1'
#418795000
0&
0'
#418805000
1)
#418815000
0)
1&
1'
#418825000
0&
0'
#418835000
1)
#418845000
0)
1&
1'
#418855000
0&
0'
#418865000
1)
#418875000
0)
1&
1'
#418885000
0&
0'
#418895000
1)
#418905000
0)
1&
1'
#418915000
0&
0'
#418925000
1)
#418935000
0)
1&
1'
#418945000
0&
0'
#418955000
1)
#418965000
0)
1&
1'
#418975000
0&
0'
#418985000
1)
#418995000
0)
1&
1'
#419005000
0&
0'
#419015000
1)
#419025000
0)
1&
1'
#419035000
0&
0'
#419045000
1)
#419055000
0)
1&
1'
#419065000
0&
0'
#419075000
1)
#419085000
0)
1&
1'
#419095000
0&
0'
#419105000
1)
#419115000
0)
1&
1'
#419125000
0&
0'
#419135000
1)
#419145000
0)
1&
1'
#419155000
0&
0'
#419165000
1)
#419175000
0)
1&
1'
#419185000
0&
0'
#419195000
1)
#419205000
0)
1&
1'
#419215000
0&
0'
#419225000
1)
#419235000
0)
1&
1'
#419245000
0&
0'
#419255000
1)
#419265000
0)
1&
1'
#419275000
0&
0'
#419285000
1)
#419295000
0)
1&
1'
#419305000
0&
0'
#419315000
1)
#419325000
0)
1&
1'
#419335000
0&
0'
#419345000
1)
#419355000
0)
1&
1'
#419365000
0&
0'
#419375000
1)
#419385000
0)
1&
1'
#419395000
0&
0'
#419405000
1)
#419415000
0)
1&
1'
#419425000
0&
0'
#419435000
1)
#419445000
0)
1&
1'
#419455000
0&
0'
#419465000
1)
#419475000
0)
1&
1'
#419485000
0&
0'
#419495000
1)
#419505000
0)
1&
1'
#419515000
0&
0'
#419525000
1)
#419535000
0)
1&
1'
#419545000
0&
0'
#419555000
1)
#419565000
0)
1&
1'
#419575000
0&
0'
#419585000
1)
#419595000
0)
1&
1'
#419605000
0&
0'
#419615000
1)
#419625000
0)
1&
1'
#419635000
0&
0'
#419645000
1)
#419655000
0)
1&
1'
#419665000
0&
0'
#419675000
1)
#419685000
0)
1&
1'
#419695000
0&
0'
#419705000
1)
#419715000
0)
1&
1'
#419725000
0&
0'
#419735000
1)
#419745000
0)
1&
1'
#419755000
0&
0'
#419765000
1)
#419775000
0)
1&
1'
#419785000
0&
0'
#419795000
1)
#419805000
0)
1&
1'
#419815000
0&
0'
#419825000
1)
#419835000
0)
1&
1'
#419845000
0&
0'
#419855000
1)
#419865000
0)
1&
1'
#419875000
0&
0'
#419885000
1)
#419895000
0)
1&
1'
#419905000
0&
0'
#419915000
1)
#419925000
0)
0"
1'
#419945000
b0 ,
b0 +
1#
#420045000
1$
#420055000
0$
#420135000
1$
#420145000
0$
#420225000
1$
#420235000
0$
#420315000
1$
#420325000
0$
#420405000
1$
#420415000
0$
#420495000
1$
#420505000
0$
#420585000
1$
#420595000
0$
#420675000
1$
#420685000
0$
#420705000
1%
#420715000
b100 ,
#420815000
1$
#420825000
0$
#420865000
0%
#420905000
1$
#420915000
0$
#420995000
1$
#421005000
0$
#421085000
1$
#421095000
0$
#421175000
1$
#421185000
0$
#421265000
1$
#421275000
0$
#421355000
1$
#421365000
0$
#421445000
1$
#421455000
0$
#421475000
1%
#421485000
b1000 ,
#421585000
1$
#421595000
0$
#421635000
0%
#421675000
1$
#421685000
0$
#421765000
1$
#421775000
0$
#421855000
1$
#421865000
0$
#421945000
1$
#421955000
0$
#422035000
1$
#422045000
0$
#422125000
1$
#422135000
0$
#422215000
1$
#422225000
0$
#422245000
1%
#422255000
b1100 ,
#422355000
1$
#422365000
0$
#422405000
0%
#422445000
1$
#422455000
0$
#422535000
1$
#422545000
0$
#422625000
1$
#422635000
0$
#422715000
1$
#422725000
0$
#422805000
1$
#422815000
0$
#422895000
1$
#422905000
0$
#422985000
1$
#422995000
0$
#423015000
1%
#423025000
b0 ,
b100 +
#423125000
1$
#423135000
0$
#423175000
0%
#423215000
1$
#423225000
0$
#423305000
1$
#423315000
0$
#423395000
1$
#423405000
0$
#423485000
1$
#423495000
0$
#423575000
1$
#423585000
0$
#423665000
1$
#423675000
0$
#423755000
1$
#423765000
0$
#423785000
1%
#423795000
b100 ,
#423895000
1$
#423905000
0$
#423945000
0%
#423985000
1$
#423995000
0$
#424075000
1$
#424085000
0$
#424165000
1$
#424175000
0$
#424255000
1$
#424265000
0$
#424345000
1$
#424355000
0$
#424435000
1$
#424445000
0$
#424525000
1$
#424535000
0$
#424555000
1%
#424565000
b1000 ,
#424665000
1$
#424675000
0$
#424715000
0%
#424755000
1$
#424765000
0$
#424845000
1$
#424855000
0$
#424935000
1$
#424945000
0$
#425025000
1$
#425035000
0$
#425115000
1$
#425125000
0$
#425205000
1$
#425215000
0$
#425295000
1$
#425305000
0$
#425325000
1%
#425335000
b1100 ,
#425435000
1$
#425445000
0$
#425485000
0%
#425525000
1$
#425535000
0$
#425615000
1$
#425625000
0$
#425705000
1$
#425715000
0$
#425795000
1$
#425805000
0$
#425885000
1$
#425895000
0$
#425975000
1$
#425985000
0$
#426065000
1$
#426075000
0$
#426095000
1%
#426105000
b0 ,
b1000 +
#426205000
1$
#426215000
0$
#426255000
0%
#426295000
1$
#426305000
0$
#426385000
1$
#426395000
0$
#426475000
1$
#426485000
0$
#426565000
1$
#426575000
0$
#426655000
1$
#426665000
0$
#426745000
1$
#426755000
0$
#426835000
1$
#426845000
0$
#426865000
1%
#426875000
b100 ,
#426975000
1$
#426985000
0$
#427025000
0%
#427065000
1$
#427075000
0$
#427155000
1$
#427165000
0$
#427245000
1$
#427255000
0$
#427335000
1$
#427345000
0$
#427425000
1$
#427435000
0$
#427515000
1$
#427525000
0$
#427605000
1$
#427615000
0$
#427635000
1%
#427645000
b1000 ,
#427745000
1$
#427755000
0$
#427795000
0%
#427835000
1$
#427845000
0$
#427925000
1$
#427935000
0$
#428015000
1$
#428025000
0$
#428105000
1$
#428115000
0$
#428195000
1$
#428205000
0$
#428285000
1$
#428295000
0$
#428375000
1$
#428385000
0$
#428405000
1%
#428415000
b1100 ,
#428515000
1$
#428525000
0$
#428565000
0%
#428605000
1$
#428615000
0$
#428695000
1$
#428705000
0$
#428785000
1$
#428795000
0$
#428875000
1$
#428885000
0$
#428965000
1$
#428975000
0$
#429055000
1$
#429065000
0$
#429145000
1$
#429155000
0$
#429175000
1%
#429195000
0#
#429335000
0%
#429355000
1"
#429375000
1(
1&
#429385000
0(
0&
0'
#429395000
1)
#429405000
0)
1'
#429425000
1(
1&
#429435000
0(
0&
0'
#429445000
1)
#429455000
0)
1'
#429475000
1(
1&
#429485000
0(
0&
0'
#429495000
1)
#429505000
0)
1'
#429525000
1(
1&
#429535000
0(
0&
0'
#429545000
1)
#429555000
0)
1'
#429575000
1(
1&
#429585000
0(
0&
0'
#429595000
1)
#429605000
0)
1'
#429625000
1(
1&
#429635000
0(
0&
0'
#429645000
1)
#429655000
0)
1'
#429675000
1(
1&
#429685000
0(
0&
0'
#429695000
1)
#429705000
0)
1'
#429725000
1(
1&
#429735000
0(
0&
0'
#429745000
1)
#429755000
0)
1'
#429775000
1(
1&
#429785000
0(
0&
0'
#429795000
1)
#429805000
0)
1'
#429825000
1(
1&
#429835000
0(
0&
0'
#429845000
1)
#429855000
0)
1'
#429875000
1(
1&
#429885000
0(
0&
0'
#429895000
1)
#429905000
0)
1'
#429925000
1(
1&
#429935000
0(
0&
0'
#429945000
1)
#429955000
0)
1'
#429975000
1(
1&
#429985000
0(
0&
0'
#429995000
1)
#430005000
0)
1'
#430025000
1(
1&
#430035000
0(
0&
0'
#430045000
1)
#430055000
0)
1'
#430075000
1(
1&
#430085000
0(
0&
0'
#430095000
1)
#430105000
0)
1'
#430125000
1(
1&
#430135000
0(
0&
0'
#430145000
1)
#430155000
0)
1'
#430175000
1(
1&
#430185000
0(
0&
0'
#430195000
1)
#430205000
0)
1'
#430225000
1(
1&
#430235000
0(
0&
0'
#430245000
1)
#430255000
0)
1'
#430275000
1(
1&
#430285000
0(
0&
0'
#430295000
1)
#430305000
0)
1'
#430325000
1(
1&
#430335000
0(
0&
0'
#430345000
1)
#430355000
0)
1'
#430375000
1(
1&
#430385000
0(
0&
0'
#430395000
1)
#430405000
0)
1'
#430425000
1(
1&
#430435000
0(
0&
0'
#430445000
1)
#430455000
0)
1'
#430475000
1(
1&
#430485000
0(
0&
0'
#430495000
1)
#430505000
0)
1'
#430525000
1(
1&
#430535000
0(
0&
0'
#430545000
1)
#430555000
0)
1'
#430575000
1(
1&
#430585000
0(
0&
0'
#430595000
1)
#430605000
0)
1'
#430625000
1(
1&
#430635000
0(
0&
0'
#430645000
1)
#430655000
0)
1'
#430675000
1(
1&
#430685000
0(
0&
0'
#430695000
1)
#430705000
0)
1'
#430725000
1(
1&
#430735000
0(
0&
0'
#430745000
1)
#430755000
0)
1'
#430775000
1(
1&
#430785000
0(
0&
0'
#430795000
1)
#430805000
0)
1'
#430825000
1(
1&
#430835000
0(
0&
0'
#430845000
1)
#430855000
0)
1'
#430875000
1(
1&
#430885000
0(
0&
0'
#430895000
1)
#430905000
0)
1'
#430925000
1(
1&
#430935000
0(
0&
0'
#430945000
1)
#430955000
0)
1'
#430975000
1(
1&
#430985000
0(
0&
0'
#430995000
1)
#431005000
0)
1'
#431025000
1(
1&
#431035000
0(
0&
0'
#431045000
1)
#431055000
0)
1'
#431075000
1(
1&
#431085000
0(
0&
0'
#431095000
1)
#431105000
0)
1'
#431125000
1(
1&
#431135000
0(
0&
0'
#431145000
1)
#431155000
0)
1'
#431175000
1(
1&
#431185000
0(
0&
0'
#431195000
1)
#431205000
0)
1'
#431225000
1(
1&
#431235000
0(
0&
0'
#431245000
1)
#431255000
0)
1'
#431275000
1(
1&
#431285000
0(
0&
0'
#431295000
1)
#431305000
0)
1'
#431325000
1(
1&
#431335000
0(
0&
0'
#431345000
1)
#431355000
0)
1'
#431375000
1(
1&
#431385000
0(
0&
0'
#431395000
1)
#431405000
0)
1'
#431425000
1(
1&
#431435000
0(
0&
0'
#431445000
1)
#431455000
0)
1'
#431475000
1(
1&
#431485000
0(
0&
0'
#431495000
1)
#431505000
0)
1'
#431525000
1(
1&
#431535000
0(
0&
0'
#431545000
1)
#431555000
0)
1'
#431575000
1(
1&
#431585000
0(
0&
0'
#431595000
1)
#431605000
0)
1'
#431625000
1(
1&
#431635000
0(
0&
0'
#431645000
1)
#431655000
0)
1'
#431675000
1(
1&
#431685000
0(
0&
0'
#431695000
1)
#431705000
0)
1'
#431725000
1(
1&
#431735000
0(
0&
0'
#431745000
1)
#431755000
0)
1'
#431775000
1(
1&
#431785000
0(
0&
0'
#431795000
1)
#431805000
0)
1'
#431825000
1(
1&
#431835000
0(
0&
0'
#431845000
1)
#431855000
0)
1'
#431875000
1(
1&
#431885000
0(
0&
0'
#431895000
1)
#431905000
0)
1'
#431925000
1(
1&
#431935000
0(
0&
0'
#431945000
1)
#431955000
0)
1'
#431975000
1(
1&
#431985000
0(
0&
0'
#431995000
1)
#432005000
0)
1'
#432025000
1(
1&
#432035000
0(
0&
0'
#432045000
1)
#432055000
0)
1'
#432075000
1(
1&
#432085000
0(
0&
0'
#432095000
1)
#432105000
0)
1'
#432125000
1(
1&
#432135000
0(
0&
0'
#432145000
1)
#432155000
0)
1'
#432175000
1(
1&
#432185000
0(
0&
0'
#432195000
1)
#432205000
0)
1'
#432225000
1(
1&
#432235000
0(
0&
0'
#432245000
1)
#432255000
0)
1'
#432275000
1(
1&
#432285000
0(
0&
0'
#432295000
1)
#432305000
0)
1'
#432325000
1(
1&
#432335000
0(
0&
0'
#432345000
1)
#432355000
0)
1'
#432375000
1(
1&
#432385000
0(
0&
0'
#432395000
1)
#432405000
0)
1'
#432425000
1(
1&
#432435000
0(
0&
0'
#432445000
1)
#432455000
0)
1'
#432475000
1(
1&
#432485000
0(
0&
0'
#432495000
1)
#432505000
0)
1'
#432525000
1(
1&
#432535000
0(
0&
0'
#432545000
1)
#432555000
0)
1'
#432575000
1(
1&
#432585000
0(
0&
0'
#432595000
1)
#432605000
0)
1'
#432625000
1(
1&
#432635000
0(
0&
0'
#432645000
1)
#432655000
0)
1'
#432675000
1(
1&
#432685000
0(
0&
0'
#432695000
1)
#432705000
0)
1'
#432725000
1(
1&
#432735000
0(
0&
0'
#432745000
1)
#432755000
0)
1'
#432775000
1(
1&
#432785000
0(
0&
0'
#432795000
1)
#432805000
0)
1'
#432825000
1(
1&
#432835000
0(
0&
0'
#432845000
1)
#432855000
0)
1'
#432875000
1(
1&
#432885000
0(
0&
0'
#432895000
1)
#432905000
0)
1'
#432925000
1(
1&
#432935000
0(
0&
0'
#432945000
1)
#432955000
0)
1'
#432975000
1(
1&
#432985000
0(
0&
0'
#432995000
1)
#433005000
0)
1'
#433025000
1(
1&
#433035000
0(
0&
0'
#433045000
1)
#433055000
0)
1'
#433075000
1(
1&
#433085000
0(
0&
0'
#433095000
1)
#433105000
0)
1'
#433125000
1(
1&
#433135000
0(
0&
0'
#433145000
1)
#433155000
0)
1'
#433175000
1(
1&
#433185000
0(
0&
0'
#433195000
1)
#433205000
0)
1'
#433225000
1(
1&
#433235000
0(
0&
0'
#433245000
1)
#433255000
0)
1'
#433275000
1(
1&
#433285000
0(
0&
0'
#433295000
1)
#433305000
0)
1'
#433325000
1(
1&
#433335000
0(
0&
0'
#433345000
1)
#433355000
0)
1'
#433375000
1(
1&
#433385000
0(
0&
0'
#433395000
1)
#433405000
0)
1'
#433425000
1(
1&
#433435000
0(
0&
0'
#433445000
1)
#433455000
0)
1'
#433475000
1(
1&
#433485000
0(
0&
0'
#433495000
1)
#433505000
0)
1'
#433525000
1(
1&
#433535000
0(
0&
0'
#433545000
1)
#433555000
0)
1'
#433575000
1(
1&
#433585000
0(
0&
0'
#433595000
1)
#433605000
0)
1'
#433625000
1(
1&
#433635000
0(
0&
0'
#433645000
1)
#433655000
0)
1'
#433675000
1(
1&
#433685000
0(
0&
0'
#433695000
1)
#433705000
0)
1'
#433725000
1(
1&
#433735000
0(
0&
0'
#433745000
1)
#433755000
0)
1'
#433775000
1(
1&
#433785000
0(
0&
0'
#433795000
1)
#433805000
0)
1'
#433825000
1(
1&
#433835000
0(
0&
0'
#433845000
1)
#433855000
0)
1'
#433875000
1(
1&
#433885000
0(
0&
0'
#433895000
1)
#433905000
0)
1'
#433925000
1(
1&
#433935000
0(
0&
0'
#433945000
1)
#433955000
0)
1'
#433975000
1(
1&
#433985000
0(
0&
0'
#433995000
1)
#434005000
0)
1'
#434025000
1(
1&
#434035000
0(
0&
0'
#434045000
1)
#434055000
0)
1'
#434075000
1(
1&
#434085000
0(
0&
0'
#434095000
1)
#434105000
0)
1'
#434125000
1(
1&
#434135000
0(
0&
0'
#434145000
1)
#434155000
0)
1'
#434175000
1(
1&
#434185000
0(
0&
0'
#434195000
1)
#434205000
0)
1'
#434225000
1(
1&
#434235000
0(
0&
0'
#434245000
1)
#434255000
0)
1'
#434275000
1(
1&
#434285000
0(
0&
0'
#434295000
1)
#434305000
0)
1'
#434325000
1(
1&
#434335000
0(
0&
0'
#434345000
1)
#434355000
0)
1'
#434375000
1(
1&
#434385000
0(
0&
0'
#434395000
1)
#434405000
0)
1'
#434425000
1(
1&
#434435000
0(
0&
0'
#434445000
1)
#434455000
0)
1'
#434475000
1(
1&
#434485000
0(
0&
0'
#434495000
1)
#434505000
0)
1'
#434525000
1(
1&
#434535000
0(
0&
0'
#434545000
1)
#434555000
0)
1'
#434575000
1(
1&
#434585000
0(
0&
0'
#434595000
1)
#434605000
0)
1'
#434625000
1(
1&
#434635000
0(
0&
0'
#434645000
1)
#434655000
0)
1'
#434675000
1(
1&
#434685000
0(
0&
0'
#434695000
1)
#434705000
0)
1'
#434725000
1(
1&
#434735000
0(
0&
0'
#434745000
1)
#434755000
0)
1'
#434775000
1(
1&
#434785000
0(
0&
0'
#434795000
1)
#434805000
0)
1'
#434825000
1(
1&
#434835000
0(
0&
0'
#434845000
1)
#434855000
0)
1'
#434875000
1(
1&
#434885000
0(
0&
0'
#434895000
1)
#434905000
0)
1'
#434925000
1(
1&
#434935000
0(
0&
0'
#434945000
1)
#434955000
0)
1'
#434975000
1(
1&
#434985000
0(
0&
0'
#434995000
1)
#435005000
0)
1'
#435025000
1(
1&
#435035000
0(
0&
0'
#435045000
1)
#435055000
0)
1'
#435075000
1(
1&
#435085000
0(
0&
0'
#435095000
1)
#435105000
0)
1'
#435125000
1(
1&
#435135000
0(
0&
0'
#435145000
1)
#435155000
0)
1'
#435175000
1(
1&
#435185000
0(
0&
0'
#435195000
1)
#435205000
0)
1'
#435225000
1(
1&
#435235000
0(
0&
0'
#435245000
1)
#435255000
0)
1'
#435275000
1(
1&
#435285000
0(
0&
0'
#435295000
1)
#435305000
0)
1'
#435325000
1(
1&
#435335000
0(
0&
0'
#435345000
1)
#435355000
0)
1'
#435375000
1(
1&
#435385000
0(
0&
0'
#435395000
1)
#435405000
0)
1'
#435425000
1(
1&
#435435000
0(
0&
0'
#435445000
1)
#435455000
0)
1'
#435475000
1(
1&
#435485000
0(
0&
0'
#435495000
1)
#435505000
0)
1'
#435525000
1(
1&
#435535000
0(
0&
0'
#435545000
1)
#435555000
0)
1'
#435575000
1(
1&
#435585000
0(
0&
0'
#435595000
1)
#435605000
0)
1'
#435625000
1(
1&
#435635000
0(
0&
0'
#435645000
1)
#435655000
0)
1'
#435675000
1(
1&
#435685000
0(
0&
0'
#435695000
1)
#435705000
0)
1'
#435725000
1(
1&
#435735000
0(
0&
0'
#435745000
1)
#435755000
0)
1'
#435775000
1(
1&
#435785000
0(
0&
0'
#435795000
1)
#435805000
0)
1'
#435825000
1(
1&
#435835000
0(
0&
0'
#435845000
1)
#435855000
0)
0"
1'
#435865000
0!
#435875000
1*
#436085000
0*
#436365000
1!
#436375000
1&
1"
#436385000
0&
0'
#436405000
1)
#436415000
0)
1&
1'
#436425000
0&
0'
#436445000
1)
#436455000
0)
1&
1'
#436465000
0&
0'
#436485000
1)
#436495000
0)
1&
1'
#436505000
0&
0'
#436525000
1)
#436535000
0)
1&
1'
#436545000
0&
0'
#436565000
1)
#436575000
0)
1&
1'
#436585000
0&
0'
#436605000
1)
#436615000
0)
1&
1'
#436625000
0&
0'
#436645000
1)
#436655000
0)
1&
1'
#436665000
0&
0'
#436685000
1)
#436695000
0)
1&
1'
#436705000
0&
0'
#436725000
1)
#436735000
0)
1&
1'
#436745000
0&
0'
#436765000
1)
#436775000
0)
1&
1'
#436785000
0&
0'
#436805000
1)
#436815000
0)
1&
1'
#436825000
0&
0'
#436845000
1)
#436855000
0)
1&
1'
#436865000
0&
0'
#436885000
1)
#436895000
0)
1&
1'
#436905000
0&
0'
#436925000
1)
#436935000
0)
1&
1'
#436945000
0&
0'
#436965000
1)
#436975000
0)
1&
1'
#436985000
0&
0'
#437005000
1)
#437015000
0)
1&
1'
#437025000
0&
0'
#437045000
1)
#437055000
0)
1&
1'
#437065000
0&
0'
#437085000
1)
#437095000
0)
1&
1'
#437105000
0&
0'
#437125000
1)
#437135000
0)
1&
1'
#437145000
0&
0'
#437165000
1)
#437175000
0)
0"
1'
#437195000
1&
1"
#437205000
0&
0'
#437225000
1)
#437235000
0)
1&
1'
#437245000
0&
0'
#437265000
1)
#437275000
0)
1&
1'
#437285000
0&
0'
#437305000
1)
#437315000
0)
1&
1'
#437325000
0&
0'
#437345000
1)
#437355000
0)
1&
1'
#437365000
0&
0'
#437385000
1)
#437395000
0)
1&
1'
#437405000
0&
0'
#437425000
1)
#437435000
0)
1&
1'
#437445000
0&
0'
#437465000
1)
#437475000
0)
1&
1'
#437485000
0&
0'
#437505000
1)
#437515000
0)
1&
1'
#437525000
0&
0'
#437545000
1)
#437555000
0)
1&
1'
#437565000
0&
0'
#437585000
1)
#437595000
0)
1&
1'
#437605000
0&
0'
#437625000
1)
#437635000
0)
1&
1'
#437645000
0&
0'
#437665000
1)
#437675000
0)
1&
1'
#437685000
0&
0'
#437705000
1)
#437715000
0)
1&
1'
#437725000
0&
0'
#437745000
1)
#437755000
0)
1&
1'
#437765000
0&
0'
#437785000
1)
#437795000
0)
1&
1'
#437805000
0&
0'
#437825000
1)
#437835000
0)
1&
1'
#437845000
0&
0'
#437865000
1)
#437875000
0)
1&
1'
#437885000
0&
0'
#437905000
1)
#437915000
0)
1&
1'
#437925000
0&
0'
#437945000
1)
#437955000
0)
1&
1'
#437965000
0&
0'
#437985000
1)
#437995000
0)
1&
1'
#438005000
0&
0'
#438025000
1)
#438035000
0)
1&
1'
#438045000
0&
0'
#438065000
1)
#438075000
0)
1&
1'
#438085000
0&
0'
#438105000
1)
#438115000
0)
1&
1'
#438125000
0&
0'
#438145000
1)
#438155000
0)
1&
1'
#438165000
0&
0'
#438185000
1)
#438195000
0)
1&
1'
#438205000
0&
0'
#438225000
1)
#438235000
0)
1&
1'
#438245000
0&
0'
#438265000
1)
#438275000
0)
1&
1'
#438285000
0&
0'
#438305000
1)
#438315000
0)
1&
1'
#438325000
0&
0'
#438345000
1)
#438355000
0)
1&
1'
#438365000
0&
0'
#438385000
1)
#438395000
0)
1&
1'
#438405000
0&
0'
#438425000
1)
#438435000
0)
1&
1'
#438445000
0&
0'
#438465000
1)
#438475000
0)
1&
1'
#438485000
0&
0'
#438505000
1)
#438515000
0)
1&
1'
#438525000
0&
0'
#438545000
1)
#438555000
0)
1&
1'
#438565000
0&
0'
#438585000
1)
#438595000
0)
1&
1'
#438605000
0&
0'
#438625000
1)
#438635000
0)
1&
1'
#438645000
0&
0'
#438665000
1)
#438675000
0)
1&
1'
#438685000
0&
0'
#438705000
1)
#438715000
0)
1&
1'
#438725000
0&
0'
#438745000
1)
#438755000
0)
1&
1'
#438765000
0&
0'
#438785000
1)
#438795000
0)
1&
1'
#438805000
0&
0'
#438825000
1)
#438835000
0)
1&
1'
#438845000
0&
0'
#438865000
1)
#438875000
0)
1&
1'
#438885000
0&
0'
#438905000
1)
#438915000
0)
1&
1'
#438925000
0&
0'
#438945000
1)
#438955000
0)
1&
1'
#438965000
0&
0'
#438985000
1)
#438995000
0)
1&
1'
#439005000
0&
0'
#439025000
1)
#439035000
0)
1&
1'
#439045000
0&
0'
#439065000
1)
#439075000
0)
1&
1'
#439085000
0&
0'
#439105000
1)
#439115000
0)
0"
1'
#439135000
b0 ,
b0 +
1#
#439235000
1$
#439245000
0$
#439325000
1$
#439335000
0$
#439415000
1$
#439425000
0$
#439505000
1$
#439515000
0$
#439535000
1%
#439545000
b100 ,
#439645000
1$
#439655000
0$
#439695000
0%
#439735000
1$
#439745000
0$
#439825000
1$
#439835000
0$
#439915000
1$
#439925000
0$
#439945000
1%
#439955000
b1000 ,
#440055000
1$
#440065000
0$
#440105000
0%
#440145000
1$
#440155000
0$
#440235000
1$
#440245000
0$
#440325000
1$
#440335000
0$
#440355000
1%
#440365000
b0 ,
b100 +
#440465000
1$
#440475000
0$
#440515000
0%
#440555000
1$
#440565000
0$
#440645000
1$
#440655000
0$
#440735000
1$
#440745000
0$
#440765000
1%
#440775000
b100 ,
#440875000
1$
#440885000
0$
#440925000
0%
#440965000
1$
#440975000
0$
#441055000
1$
#441065000
0$
#441145000
1$
#441155000
0$
#441175000
1%
#441185000
b1000 ,
#441285000
1$
#441295000
0$
#441335000
0%
#441375000
1$
#441385000
0$
#441465000
1$
#441475000
0$
#441555000
1$
#441565000
0$
#441585000
1%
#441605000
0#
#441745000
0%
#441765000
1"
#441785000
1(
1&
#441795000
0(
0&
0'
#441815000
1)
#441825000
0)
1'
#441845000
1(
1&
#441855000
0(
0&
0'
#441875000
1)
#441885000
0)
1'
#441905000
1(
1&
#441915000
0(
0&
0'
#441935000
1)
#441945000
0)
1'
#441965000
1(
1&
#441975000
0(
0&
0'
#441995000
1)
#442005000
0)
1'
#442025000
1(
1&
#442035000
0(
0&
0'
#442055000
1)
#442065000
0)
1'
#442085000
1(
1&
#442095000
0(
0&
0'
#442115000
1)
#442125000
0)
1'
#442145000
1(
1&
#442155000
0(
0&
0'
#442175000
1)
#442185000
0)
1'
#442205000
1(
1&
#442215000
0(
0&
0'
#442235000
1)
#442245000
0)
1'
#442265000
1(
1&
#442275000
0(
0&
0'
#442295000
1)
#442305000
0)
1'
#442325000
1(
1&
#442335000
0(
0&
0'
#442355000
1)
#442365000
0)
1'
#442385000
1(
1&
#442395000
0(
0&
0'
#442415000
1)
#442425000
0)
1'
#442445000
1(
1&
#442455000
0(
0&
0'
#442475000
1)
#442485000
0)
1'
#442505000
1(
1&
#442515000
0(
0&
0'
#442535000
1)
#442545000
0)
1'
#442565000
1(
1&
#442575000
0(
0&
0'
#442595000
1)
#442605000
0)
1'
#442625000
1(
1&
#442635000
0(
0&
0'
#442655000
1)
#442665000
0)
1'
#442685000
1(
1&
#442695000
0(
0&
0'
#442715000
1)
#442725000
0)
1'
#442745000
1(
1&
#442755000
0(
0&
0'
#442775000
1)
#442785000
0)
1'
#442805000
1(
1&
#442815000
0(
0&
0'
#442835000
1)
#442845000
0)
1'
#442865000
1(
1&
#442875000
0(
0&
0'
#442895000
1)
#442905000
0)
1'
#442925000
1(
1&
#442935000
0(
0&
0'
#442955000
1)
#442965000
0)
1'
#442985000
1(
1&
#442995000
0(
0&
0'
#443015000
1)
#443025000
0)
1'
#443045000
1(
1&
#443055000
0(
0&
0'
#443075000
1)
#443085000
0)
1'
#443105000
1(
1&
#443115000
0(
0&
0'
#443135000
1)
#443145000
0)
1'
#443165000
1(
1&
#443175000
0(
0&
0'
#443195000
1)
#443205000
0)
1'
#443225000
1(
1&
#443235000
0(
0&
0'
#443255000
1)
#443265000
0)
1'
#443285000
1(
1&
#443295000
0(
0&
0'
#443315000
1)
#443325000
0)
1'
#443345000
1(
1&
#443355000
0(
0&
0'
#443375000
1)
#443385000
0)
1'
#443405000
1(
1&
#443415000
0(
0&
0'
#443435000
1)
#443445000
0)
1'
#443465000
1(
1&
#443475000
0(
0&
0'
#443495000
1)
#443505000
0)
1'
#443525000
1(
1&
#443535000
0(
0&
0'
#443555000
1)
#443565000
0)
1'
#443585000
1(
1&
#443595000
0(
0&
0'
#443615000
1)
#443625000
0)
1'
#443645000
1(
1&
#443655000
0(
0&
0'
#443675000
1)
#443685000
0)
1'
#443705000
1(
1&
#443715000
0(
0&
0'
#443735000
1)
#443745000
0)
1'
#443765000
1(
1&
#443775000
0(
0&
0'
#443795000
1)
#443805000
0)
1'
#443825000
1(
1&
#443835000
0(
0&
0'
#443855000
1)
#443865000
0)
1'
#443885000
1(
1&
#443895000
0(
0&
0'
#443915000
1)
#443925000
0)
1'
#443945000
1(
1&
#443955000
0(
0&
0'
#443975000
1)
#443985000
0)
1'
#444005000
1(
1&
#444015000
0(
0&
0'
#444035000
1)
#444045000
0)
1'
#444065000
1(
1&
#444075000
0(
0&
0'
#444095000
1)
#444105000
0)
1'
#444125000
1(
1&
#444135000
0(
0&
0'
#444155000
1)
#444165000
0)
1'
#444185000
1(
1&
#444195000
0(
0&
0'
#444215000
1)
#444225000
0)
1'
#444245000
1(
1&
#444255000
0(
0&
0'
#444275000
1)
#444285000
0)
1'
#444305000
1(
1&
#444315000
0(
0&
0'
#444335000
1)
#444345000
0)
1'
#444365000
1(
1&
#444375000
0(
0&
0'
#444395000
1)
#444405000
0)
1'
#444425000
1(
1&
#444435000
0(
0&
0'
#444455000
1)
#444465000
0)
1'
#444485000
1(
1&
#444495000
0(
0&
0'
#444515000
1)
#444525000
0)
1'
#444545000
1(
1&
#444555000
0(
0&
0'
#444575000
1)
#444585000
0)
1'
#444605000
1(
1&
#444615000
0(
0&
0'
#444635000
1)
#444645000
0)
1'
#444665000
1(
1&
#444675000
0(
0&
0'
#444695000
1)
#444705000
0)
1'
#444725000
1(
1&
#444735000
0(
0&
0'
#444755000
1)
#444765000
0)
1'
#444785000
1(
1&
#444795000
0(
0&
0'
#444815000
1)
#444825000
0)
1'
#444845000
1(
1&
#444855000
0(
0&
0'
#444875000
1)
#444885000
0)
1'
#444905000
1(
1&
#444915000
0(
0&
0'
#444935000
1)
#444945000
0)
1'
#444965000
1(
1&
#444975000
0(
0&
0'
#444995000
1)
#445005000
0)
1'
#445025000
1(
1&
#445035000
0(
0&
0'
#445055000
1)
#445065000
0)
1'
#445085000
1(
1&
#445095000
0(
0&
0'
#445115000
1)
#445125000
0)
1'
#445145000
1(
1&
#445155000
0(
0&
0'
#445175000
1)
#445185000
0)
1'
#445205000
1(
1&
#445215000
0(
0&
0'
#445235000
1)
#445245000
0)
1'
#445265000
1(
1&
#445275000
0(
0&
0'
#445295000
1)
#445305000
0)
1'
#445325000
1(
1&
#445335000
0(
0&
0'
#445355000
1)
#445365000
0)
0"
1'
#445375000
0!
#445385000
1*
#445595000
0*
#445875000
1!
#445885000
1&
1"
#445895000
0&
0'
#445925000
1)
#445935000
0)
1&
1'
#445945000
0&
0'
#445975000
1)
#445985000
0)
1&
1'
#445995000
0&
0'
#446025000
1)
#446035000
0)
1&
1'
#446045000
0&
0'
#446075000
1)
#446085000
0)
1&
1'
#446095000
0&
0'
#446125000
1)
#446135000
0)
1&
1'
#446145000
0&
0'
#446175000
1)
#446185000
0)
1&
1'
#446195000
0&
0'
#446225000
1)
#446235000
0)
1&
1'
#446245000
0&
0'
#446275000
1)
#446285000
0)
1&
1'
#446295000
0&
0'
#446325000
1)
#446335000
0)
1&
1'
#446345000
0&
0'
#446375000
1)
#446385000
0)
1&
1'
#446395000
0&
0'
#446425000
1)
#446435000
0)
1&
1'
#446445000
0&
0'
#446475000
1)
#446485000
0)
1&
1'
#446495000
0&
0'
#446525000
1)
#446535000
0)
1&
1'
#446545000
0&
0'
#446575000
1)
#446585000
0)
1&
1'
#446595000
0&
0'
#446625000
1)
#446635000
0)
1&
1'
#446645000
0&
0'
#446675000
1)
#446685000
0)
1&
1'
#446695000
0&
0'
#446725000
1)
#446735000
0)
1&
1'
#446745000
0&
0'
#446775000
1)
#446785000
0)
1&
1'
#446795000
0&
0'
#446825000
1)
#446835000
0)
1&
1'
#446845000
0&
0'
#446875000
1)
#446885000
0)
1&
1'
#446895000
0&
0'
#446925000
1)
#446935000
0)
1&
1'
#446945000
0&
0'
#446975000
1)
#446985000
0)
1&
1'
#446995000
0&
0'
#447025000
1)
#447035000
0)
1&
1'
#447045000
0&
0'
#447075000
1)
#447085000
0)
1&
1'
#447095000
0&
0'
#447125000
1)
#447135000
0)
1&
1'
#447145000
0&
0'
#447175000
1)
#447185000
0)
1&
1'
#447195000
0&
0'
#447225000
1)
#447235000
0)
1&
1'
#447245000
0&
0'
#447275000
1)
#447285000
0)
1&
1'
#447295000
0&
0'
#447325000
1)
#447335000
0)
1&
1'
#447345000
0&
0'
#447375000
1)
#447385000
0)
1&
1'
#447395000
0&
0'
#447425000
1)
#447435000
0)
1&
1'
#447445000
0&
0'
#447475000
1)
#447485000
0)
1&
1'
#447495000
0&
0'
#447525000
1)
#447535000
0)
1&
1'
#447545000
0&
0'
#447575000
1)
#447585000
0)
1&
1'
#447595000
0&
0'
#447625000
1)
#447635000
0)
1&
1'
#447645000
0&
0'
#447675000
1)
#447685000
0)
1&
1'
#447695000
0&
0'
#447725000
1)
#447735000
0)
1&
1'
#447745000
0&
0'
#447775000
1)
#447785000
0)
1&
1'
#447795000
0&
0'
#447825000
1)
#447835000
0)
1&
1'
#447845000
0&
0'
#447875000
1)
#447885000
0)
1&
1'
#447895000
0&
0'
#447925000
1)
#447935000
0)
1&
1'
#447945000
0&
0'
#447975000
1)
#447985000
0)
1&
1'
#447995000
0&
0'
#448025000
1)
#448035000
0)
1&
1'
#448045000
0&
0'
#448075000
1)
#448085000
0)
1&
1'
#448095000
0&
0'
#448125000
1)
#448135000
0)
1&
1'
#448145000
0&
0'
#448175000
1)
#448185000
0)
1&
1'
#448195000
0&
0'
#448225000
1)
#448235000
0)
1&
1'
#448245000
0&
0'
#448275000
1)
#448285000
0)
1&
1'
#448295000
0&
0'
#448325000
1)
#448335000
0)
1&
1'
#448345000
0&
0'
#448375000
1)
#448385000
0)
1&
1'
#448395000
0&
0'
#448425000
1)
#448435000
0)
1&
1'
#448445000
0&
0'
#448475000
1)
#448485000
0)
0"
1'
#448505000
1&
1"
#448515000
0&
0'
#448545000
1)
#448555000
0)
1&
1'
#448565000
0&
0'
#448595000
1)
#448605000
0)
1&
1'
#448615000
0&
0'
#448645000
1)
#448655000
0)
1&
1'
#448665000
0&
0'
#448695000
1)
#448705000
0)
1&
1'
#448715000
0&
0'
#448745000
1)
#448755000
0)
1&
1'
#448765000
0&
0'
#448795000
1)
#448805000
0)
1&
1'
#448815000
0&
0'
#448845000
1)
#448855000
0)
1&
1'
#448865000
0&
0'
#448895000
1)
#448905000
0)
1&
1'
#448915000
0&
0'
#448945000
1)
#448955000
0)
1&
1'
#448965000
0&
0'
#448995000
1)
#449005000
0)
1&
1'
#449015000
0&
0'
#449045000
1)
#449055000
0)
1&
1'
#449065000
0&
0'
#449095000
1)
#449105000
0)
1&
1'
#449115000
0&
0'
#449145000
1)
#449155000
0)
1&
1'
#449165000
0&
0'
#449195000
1)
#449205000
0)
1&
1'
#449215000
0&
0'
#449245000
1)
#449255000
0)
1&
1'
#449265000
0&
0'
#449295000
1)
#449305000
0)
1&
1'
#449315000
0&
0'
#449345000
1)
#449355000
0)
1&
1'
#449365000
0&
0'
#449395000
1)
#449405000
0)
1&
1'
#449415000
0&
0'
#449445000
1)
#449455000
0)
1&
1'
#449465000
0&
0'
#449495000
1)
#449505000
0)
1&
1'
#449515000
0&
0'
#449545000
1)
#449555000
0)
1&
1'
#449565000
0&
0'
#449595000
1)
#449605000
0)
1&
1'
#449615000
0&
0'
#449645000
1)
#449655000
0)
1&
1'
#449665000
0&
0'
#449695000
1)
#449705000
0)
1&
1'
#449715000
0&
0'
#449745000
1)
#449755000
0)
1&
1'
#449765000
0&
0'
#449795000
1)
#449805000
0)
1&
1'
#449815000
0&
0'
#449845000
1)
#449855000
0)
1&
1'
#449865000
0&
0'
#449895000
1)
#449905000
0)
1&
1'
#449915000
0&
0'
#449945000
1)
#449955000
0)
1&
1'
#449965000
0&
0'
#449995000
1)
#450005000
0)
1&
1'
#450015000
0&
0'
#450045000
1)
#450055000
0)
1&
1'
#450065000
0&
0'
#450095000
1)
#450105000
0)
1&
1'
#450115000
0&
0'
#450145000
1)
#450155000
0)
1&
1'
#450165000
0&
0'
#450195000
1)
#450205000
0)
1&
1'
#450215000
0&
0'
#450245000
1)
#450255000
0)
1&
1'
#450265000
0&
0'
#450295000
1)
#450305000
0)
1&
1'
#450315000
0&
0'
#450345000
1)
#450355000
0)
1&
1'
#450365000
0&
0'
#450395000
1)
#450405000
0)
1&
1'
#450415000
0&
0'
#450445000
1)
#450455000
0)
1&
1'
#450465000
0&
0'
#450495000
1)
#450505000
0)
1&
1'
#450515000
0&
0'
#450545000
1)
#450555000
0)
1&
1'
#450565000
0&
0'
#450595000
1)
#450605000
0)
1&
1'
#450615000
0&
0'
#450645000
1)
#450655000
0)
1&
1'
#450665000
0&
0'
#450695000
1)
#450705000
0)
1&
1'
#450715000
0&
0'
#450745000
1)
#450755000
0)
1&
1'
#450765000
0&
0'
#450795000
1)
#450805000
0)
1&
1'
#450815000
0&
0'
#450845000
1)
#450855000
0)
1&
1'
#450865000
0&
0'
#450895000
1)
#450905000
0)
1&
1'
#450915000
0&
0'
#450945000
1)
#450955000
0)
1&
1'
#450965000
0&
0'
#450995000
1)
#451005000
0)
1&
1'
#451015000
0&
0'
#451045000
1)
#451055000
0)
1&
1'
#451065000
0&
0'
#451095000
1)
#451105000
0)
1&
1'
#451115000
0&
0'
#451145000
1)
#451155000
0)
1&
1'
#451165000
0&
0'
#451195000
1)
#451205000
0)
1&
1'
#451215000
0&
0'
#451245000
1)
#451255000
0)
1&
1'
#451265000
0&
0'
#451295000
1)
#451305000
0)
1&
1'
#451315000
0&
0'
#451345000
1)
#451355000
0)
1&
1'
#451365000
0&
0'
#451395000
1)
#451405000
0)
1&
1'
#451415000
0&
0'
#451445000
1)
#451455000
0)
1&
1'
#451465000
0&
0'
#451495000
1)
#451505000
0)
1&
1'
#451515000
0&
0'
#451545000
1)
#451555000
0)
1&
1'
#451565000
0&
0'
#451595000
1)
#451605000
0)
1&
1'
#451615000
0&
0'
#451645000
1)
#451655000
0)
1&
1'
#451665000
0&
0'
#451695000
1)
#451705000
0)
1&
1'
#451715000
0&
0'
#451745000
1)
#451755000
0)
1&
1'
#451765000
0&
0'
#451795000
1)
#451805000
0)
1&
1'
#451815000
0&
0'
#451845000
1)
#451855000
0)
1&
1'
#451865000
0&
0'
#451895000
1)
#451905000
0)
1&
1'
#451915000
0&
0'
#451945000
1)
#451955000
0)
1&
1'
#451965000
0&
0'
#451995000
1)
#452005000
0)
1&
1'
#452015000
0&
0'
#452045000
1)
#452055000
0)
1&
1'
#452065000
0&
0'
#452095000
1)
#452105000
0)
1&
1'
#452115000
0&
0'
#452145000
1)
#452155000
0)
1&
1'
#452165000
0&
0'
#452195000
1)
#452205000
0)
1&
1'
#452215000
0&
0'
#452245000
1)
#452255000
0)
1&
1'
#452265000
0&
0'
#452295000
1)
#452305000
0)
1&
1'
#452315000
0&
0'
#452345000
1)
#452355000
0)
1&
1'
#452365000
0&
0'
#452395000
1)
#452405000
0)
1&
1'
#452415000
0&
0'
#452445000
1)
#452455000
0)
1&
1'
#452465000
0&
0'
#452495000
1)
#452505000
0)
1&
1'
#452515000
0&
0'
#452545000
1)
#452555000
0)
1&
1'
#452565000
0&
0'
#452595000
1)
#452605000
0)
1&
1'
#452615000
0&
0'
#452645000
1)
#452655000
0)
1&
1'
#452665000
0&
0'
#452695000
1)
#452705000
0)
1&
1'
#452715000
0&
0'
#452745000
1)
#452755000
0)
1&
1'
#452765000
0&
0'
#452795000
1)
#452805000
0)
1&
1'
#452815000
0&
0'
#452845000
1)
#452855000
0)
1&
1'
#452865000
0&
0'
#452895000
1)
#452905000
0)
1&
1'
#452915000
0&
0'
#452945000
1)
#452955000
0)
1&
1'
#452965000
0&
0'
#452995000
1)
#453005000
0)
1&
1'
#453015000
0&
0'
#453045000
1)
#453055000
0)
1&
1'
#453065000
0&
0'
#453095000
1)
#453105000
0)
1&
1'
#453115000
0&
0'
#453145000
1)
#453155000
0)
1&
1'
#453165000
0&
0'
#453195000
1)
#453205000
0)
1&
1'
#453215000
0&
0'
#453245000
1)
#453255000
0)
1&
1'
#453265000
0&
0'
#453295000
1)
#453305000
0)
1&
1'
#453315000
0&
0'
#453345000
1)
#453355000
0)
1&
1'
#453365000
0&
0'
#453395000
1)
#453405000
0)
1&
1'
#453415000
0&
0'
#453445000
1)
#453455000
0)
1&
1'
#453465000
0&
0'
#453495000
1)
#453505000
0)
1&
1'
#453515000
0&
0'
#453545000
1)
#453555000
0)
1&
1'
#453565000
0&
0'
#453595000
1)
#453605000
0)
1&
1'
#453615000
0&
0'
#453645000
1)
#453655000
0)
1&
1'
#453665000
0&
0'
#453695000
1)
#453705000
0)
1&
1'
#453715000
0&
0'
#453745000
1)
#453755000
0)
1&
1'
#453765000
0&
0'
#453795000
1)
#453805000
0)
1&
1'
#453815000
0&
0'
#453845000
1)
#453855000
0)
1&
1'
#453865000
0&
0'
#453895000
1)
#453905000
0)
1&
1'
#453915000
0&
0'
#453945000
1)
#453955000
0)
1&
1'
#453965000
0&
0'
#453995000
1)
#454005000
0)
1&
1'
#454015000
0&
0'
#454045000
1)
#454055000
0)
1&
1'
#454065000
0&
0'
#454095000
1)
#454105000
0)
1&
1'
#454115000
0&
0'
#454145000
1)
#454155000
0)
1&
1'
#454165000
0&
0'
#454195000
1)
#454205000
0)
1&
1'
#454215000
0&
0'
#454245000
1)
#454255000
0)
1&
1'
#454265000
0&
0'
#454295000
1)
#454305000
0)
1&
1'
#454315000
0&
0'
#454345000
1)
#454355000
0)
1&
1'
#454365000
0&
0'
#454395000
1)
#454405000
0)
1&
1'
#454415000
0&
0'
#454445000
1)
#454455000
0)
1&
1'
#454465000
0&
0'
#454495000
1)
#454505000
0)
1&
1'
#454515000
0&
0'
#454545000
1)
#454555000
0)
1&
1'
#454565000
0&
0'
#454595000
1)
#454605000
0)
1&
1'
#454615000
0&
0'
#454645000
1)
#454655000
0)
1&
1'
#454665000
0&
0'
#454695000
1)
#454705000
0)
1&
1'
#454715000
0&
0'
#454745000
1)
#454755000
0)
1&
1'
#454765000
0&
0'
#454795000
1)
#454805000
0)
1&
1'
#454815000
0&
0'
#454845000
1)
#454855000
0)
1&
1'
#454865000
0&
0'
#454895000
1)
#454905000
0)
1&
1'
#454915000
0&
0'
#454945000
1)
#454955000
0)
1&
1'
#454965000
0&
0'
#454995000
1)
#455005000
0)
0"
1'
#455025000
b0 ,
b0 +
1#
#455125000
1$
#455135000
0$
#455215000
1$
#455225000
0$
#455305000
1$
#455315000
0$
#455395000
1$
#455405000
0$
#455485000
1$
#455495000
0$
#455575000
1$
#455585000
0$
#455665000
1$
#455675000
0$
#455755000
1$
#455765000
0$
#455845000
1$
#455855000
0$
#455935000
1$
#455945000
0$
#456025000
1$
#456035000
0$
#456115000
1$
#456125000
0$
#456205000
1$
#456215000
0$
#456235000
1%
#456245000
b100 ,
#456345000
1$
#456355000
0$
#456395000
0%
#456435000
1$
#456445000
0$
#456525000
1$
#456535000
0$
#456615000
1$
#456625000
0$
#456705000
1$
#456715000
0$
#456795000
1$
#456805000
0$
#456885000
1$
#456895000
0$
#456975000
1$
#456985000
0$
#457065000
1$
#457075000
0$
#457155000
1$
#457165000
0$
#457245000
1$
#457255000
0$
#457335000
1$
#457345000
0$
#457425000
1$
#457435000
0$
#457455000
1%
#457465000
b1000 ,
#457565000
1$
#457575000
0$
#457615000
0%
#457655000
1$
#457665000
0$
#457745000
1$
#457755000
0$
#457835000
1$
#457845000
0$
#457925000
1$
#457935000
0$
#458015000
1$
#458025000
0$
#458105000
1$
#458115000
0$
#458195000
1$
#458205000
0$
#458285000
1$
#458295000
0$
#458375000
1$
#458385000
0$
#458465000
1$
#458475000
0$
#458555000
1$
#458565000
0$
#458645000
1$
#458655000
0$
#458675000
1%
#458695000
0#
#458835000
0%
#458855000
1"
#458875000
1(
1&
#458885000
0(
0&
0'
#458915000
1)
#458925000
0)
1'
#458945000
1(
1&
#458955000
0(
0&
0'
#458985000
1)
#458995000
0)
1'
#459015000
1(
1&
#459025000
0(
0&
0'
#459055000
1)
#459065000
0)
1'
#459085000
1(
1&
#459095000
0(
0&
0'
#459125000
1)
#459135000
0)
1'
#459155000
1(
1&
#459165000
0(
0&
0'
#459195000
1)
#459205000
0)
1'
#459225000
1(
1&
#459235000
0(
0&
0'
#459265000
1)
#459275000
0)
1'
#459295000
1(
1&
#459305000
0(
0&
0'
#459335000
1)
#459345000
0)
1'
#459365000
1(
1&
#459375000
0(
0&
0'
#459405000
1)
#459415000
0)
1'
#459435000
1(
1&
#459445000
0(
0&
0'
#459475000
1)
#459485000
0)
1'
#459505000
1(
1&
#459515000
0(
0&
0'
#459545000
1)
#459555000
0)
1'
#459575000
1(
1&
#459585000
0(
0&
0'
#459615000
1)
#459625000
0)
1'
#459645000
1(
1&
#459655000
0(
0&
0'
#459685000
1)
#459695000
0)
1'
#459715000
1(
1&
#459725000
0(
0&
0'
#459755000
1)
#459765000
0)
1'
#459785000
1(
1&
#459795000
0(
0&
0'
#459825000
1)
#459835000
0)
1'
#459855000
1(
1&
#459865000
0(
0&
0'
#459895000
1)
#459905000
0)
1'
#459925000
1(
1&
#459935000
0(
0&
0'
#459965000
1)
#459975000
0)
1'
#459995000
1(
1&
#460005000
0(
0&
0'
#460035000
1)
#460045000
0)
1'
#460065000
1(
1&
#460075000
0(
0&
0'
#460105000
1)
#460115000
0)
1'
#460135000
1(
1&
#460145000
0(
0&
0'
#460175000
1)
#460185000
0)
1'
#460205000
1(
1&
#460215000
0(
0&
0'
#460245000
1)
#460255000
0)
1'
#460275000
1(
1&
#460285000
0(
0&
0'
#460315000
1)
#460325000
0)
1'
#460345000
1(
1&
#460355000
0(
0&
0'
#460385000
1)
#460395000
0)
1'
#460415000
1(
1&
#460425000
0(
0&
0'
#460455000
1)
#460465000
0)
1'
#460485000
1(
1&
#460495000
0(
0&
0'
#460525000
1)
#460535000
0)
1'
#460555000
1(
1&
#460565000
0(
0&
0'
#460595000
1)
#460605000
0)
1'
#460625000
1(
1&
#460635000
0(
0&
0'
#460665000
1)
#460675000
0)
1'
#460695000
1(
1&
#460705000
0(
0&
0'
#460735000
1)
#460745000
0)
1'
#460765000
1(
1&
#460775000
0(
0&
0'
#460805000
1)
#460815000
0)
1'
#460835000
1(
1&
#460845000
0(
0&
0'
#460875000
1)
#460885000
0)
1'
#460905000
1(
1&
#460915000
0(
0&
0'
#460945000
1)
#460955000
0)
1'
#460975000
1(
1&
#460985000
0(
0&
0'
#461015000
1)
#461025000
0)
1'
#461045000
1(
1&
#461055000
0(
0&
0'
#461085000
1)
#461095000
0)
1'
#461115000
1(
1&
#461125000
0(
0&
0'
#461155000
1)
#461165000
0)
1'
#461185000
1(
1&
#461195000
0(
0&
0'
#461225000
1)
#461235000
0)
1'
#461255000
1(
1&
#461265000
0(
0&
0'
#461295000
1)
#461305000
0)
1'
#461325000
1(
1&
#461335000
0(
0&
0'
#461365000
1)
#461375000
0)
1'
#461395000
1(
1&
#461405000
0(
0&
0'
#461435000
1)
#461445000
0)
1'
#461465000
1(
1&
#461475000
0(
0&
0'
#461505000
1)
#461515000
0)
1'
#461535000
1(
1&
#461545000
0(
0&
0'
#461575000
1)
#461585000
0)
1'
#461605000
1(
1&
#461615000
0(
0&
0'
#461645000
1)
#461655000
0)
0"
1'
#461665000
0!
#461675000
1*
#461885000
0*
#461890000
0'
#462165000
1!
#462175000
1&
1"
#462185000
1'
#462195000
0&
0'
#462235000
1)
#462245000
0)
1&
#462255000
1'
#462265000
0&
0'
#462305000
1)
#462315000
0)
1&
#462325000
1'
#462335000
0&
0'
#462375000
1)
#462385000
0)
1&
#462395000
1'
#462405000
0&
0'
#462445000
1)
#462455000
0)
1&
#462465000
1'
#462475000
0&
0'
#462515000
1)
#462525000
0)
1&
#462535000
1'
#462545000
0&
0'
#462585000
1)
#462595000
0)
1&
#462605000
1'
#462615000
0&
0'
#462655000
1)
#462665000
0)
1&
#462675000
1'
#462685000
0&
0'
#462725000
1)
#462735000
0)
1&
#462745000
1'
#462755000
0&
0'
#462795000
1)
#462805000
0)
1&
#462815000
1'
#462825000
0&
0'
#462865000
1)
#462875000
0)
1&
#462885000
1'
#462895000
0&
0'
#462935000
1)
#462945000
0)
1&
#462955000
1'
#462965000
0&
0'
#463005000
1)
#463015000
0)
1&
#463025000
1'
#463035000
0&
0'
#463075000
1)
#463085000
0)
1&
#463095000
1'
#463105000
0&
0'
#463145000
1)
#463155000
0)
1&
#463165000
1'
#463175000
0&
0'
#463215000
1)
#463225000
0)
1&
#463235000
1'
#463245000
0&
0'
#463285000
1)
#463295000
0)
1&
#463305000
1'
#463315000
0&
0'
#463355000
1)
#463365000
0)
1&
#463375000
1'
#463385000
0&
0'
#463425000
1)
#463435000
0)
1&
#463445000
1'
#463455000
0&
0'
#463495000
1)
#463505000
0)
1&
#463515000
1'
#463525000
0&
0'
#463565000
1)
#463575000
0)
1&
#463585000
1'
#463595000
0&
0'
#463635000
1)
#463645000
0)
1&
#463655000
1'
#463665000
0&
0'
#463705000
1)
#463715000
0)
1&
#463725000
1'
#463735000
0&
0'
#463775000
1)
#463785000
0)
1&
#463795000
1'
#463805000
0&
0'
#463845000
1)
#463855000
0)
1&
#463865000
1'
#463875000
0&
0'
#463915000
1)
#463925000
0)
1&
#463935000
1'
#463945000
0&
0'
#463985000
1)
#463995000
0)
1&
#464005000
1'
#464015000
0&
0'
#464055000
1)
#464065000
0)
1&
#464075000
1'
#464085000
0&
0'
#464125000
1)
#464135000
0)
1&
#464145000
1'
#464155000
0&
0'
#464195000
1)
#464205000
0)
1&
#464215000
1'
#464225000
0&
0'
#464265000
1)
#464275000
0)
1&
#464285000
1'
#464295000
0&
0'
#464335000
1)
#464345000
0)
1&
#464355000
1'
#464365000
0&
0'
#464405000
1)
#464415000
0)
1&
#464425000
1'
#464435000
0&
0'
#464475000
1)
#464485000
0)
1&
#464495000
1'
#464505000
0&
0'
#464545000
1)
#464555000
0)
1&
#464565000
1'
#464575000
0&
0'
#464615000
1)
#464625000
0)
1&
#464635000
1'
#464645000
0&
0'
#464685000
1)
#464695000
0)
1&
#464705000
1'
#464715000
0&
0'
#464755000
1)
#464765000
0)
1&
#464775000
1'
#464785000
0&
0'
#464825000
1)
#464835000
0)
1&
#464845000
1'
#464855000
0&
0'
#464895000
1)
#464905000
0)
1&
#464915000
1'
#464925000
0&
0'
#464965000
1)
#464975000
0)
1&
#464985000
1'
#464995000
0&
0'
#465035000
1)
#465045000
0)
1&
#465055000
1'
#465065000
0&
0'
#465105000
1)
#465115000
0)
1&
#465125000
1'
#465135000
0&
0'
#465175000
1)
#465185000
0)
1&
#465195000
1'
#465205000
0&
0'
#465245000
1)
#465255000
0)
1&
#465265000
1'
#465275000
0&
0'
#465315000
1)
#465325000
0)
1&
#465335000
1'
#465345000
0&
0'
#465385000
1)
#465395000
0)
1&
#465405000
1'
#465415000
0&
0'
#465455000
1)
#465465000
0)
1&
#465475000
1'
#465485000
0&
0'
#465525000
1)
#465535000
0)
1&
#465545000
1'
#465555000
0&
0'
#465595000
1)
#465605000
0)
1&
#465615000
1'
#465625000
0&
0'
#465665000
1)
#465675000
0)
1&
#465685000
1'
#465695000
0&
0'
#465735000
1)
#465745000
0)
1&
#465755000
1'
#465765000
0&
0'
#465805000
1)
#465815000
0)
1&
#465825000
1'
#465835000
0&
0'
#465875000
1)
#465885000
0)
1&
#465895000
1'
#465905000
0&
0'
#465945000
1)
#465955000
0)
1&
#465965000
1'
#465975000
0&
0'
#466015000
1)
#466025000
0)
1&
#466035000
1'
#466045000
0&
0'
#466085000
1)
#466095000
0)
1&
#466105000
1'
#466115000
0&
0'
#466155000
1)
#466165000
0)
1&
#466175000
1'
#466185000
0&
0'
#466225000
1)
#466235000
0)
1&
#466245000
1'
#466255000
0&
0'
#466295000
1)
#466305000
0)
1&
#466315000
1'
#466325000
0&
0'
#466365000
1)
#466375000
0)
1&
#466385000
1'
#466395000
0&
0'
#466435000
1)
#466445000
0)
1&
#466455000
1'
#466465000
0&
0'
#466505000
1)
#466515000
0)
1&
#466525000
1'
#466535000
0&
0'
#466575000
1)
#466585000
0)
1&
#466595000
1'
#466605000
0&
0'
#466645000
1)
#466655000
0)
1&
#466665000
1'
#466675000
0&
0'
#466715000
1)
#466725000
0)
1&
#466735000
1'
#466745000
0&
0'
#466785000
1)
#466795000
0)
1&
#466805000
1'
#466815000
0&
0'
#466855000
1)
#466865000
0)
1&
#466875000
1'
#466885000
0&
0'
#466925000
1)
#466935000
0)
1&
#466945000
1'
#466955000
0&
0'
#466995000
1)
#467005000
0)
1&
#467015000
1'
#467025000
0&
0'
#467065000
1)
#467075000
0)
1&
#467085000
1'
#467095000
0&
0'
#467135000
1)
#467145000
0)
1&
#467155000
1'
#467165000
0&
0'
#467205000
1)
#467215000
0)
1&
#467225000
1'
#467235000
0&
0'
#467275000
1)
#467285000
0)
1&
#467295000
1'
#467305000
0&
0'
#467345000
1)
#467355000
0)
1&
#467365000
1'
#467375000
0&
0'
#467415000
1)
#467425000
0)
1&
#467435000
1'
#467445000
0&
0'
#467485000
1)
#467495000
0)
1&
#467505000
1'
#467515000
0&
0'
#467555000
1)
#467565000
0)
1&
#467575000
1'
#467585000
0&
0'
#467625000
1)
#467635000
0)
1&
#467645000
1'
#467655000
0&
0'
#467695000
1)
#467705000
0)
1&
#467715000
1'
#467725000
0&
0'
#467765000
1)
#467775000
0)
1&
#467785000
1'
#467795000
0&
0'
#467835000
1)
#467845000
0)
1&
#467855000
1'
#467865000
0&
0'
#467905000
1)
#467915000
0)
1&
#467925000
1'
#467935000
0&
0'
#467975000
1)
#467985000
0)
1&
#467995000
1'
#468005000
0&
0'
#468045000
1)
#468055000
0)
1&
#468065000
1'
#468075000
0&
0'
#468115000
1)
#468125000
0)
1&
#468135000
1'
#468145000
0&
0'
#468185000
1)
#468195000
0)
1&
#468205000
1'
#468215000
0&
0'
#468255000
1)
#468265000
0)
1&
#468275000
1'
#468285000
0&
0'
#468325000
1)
#468335000
0)
1&
#468345000
1'
#468355000
0&
0'
#468395000
1)
#468405000
0)
1&
#468415000
1'
#468425000
0&
0'
#468465000
1)
#468475000
0)
1&
#468485000
1'
#468495000
0&
0'
#468535000
1)
#468545000
0)
1&
#468555000
1'
#468565000
0&
0'
#468605000
1)
#468615000
0)
1&
#468625000
1'
#468635000
0&
0'
#468675000
1)
#468685000
0)
1&
#468695000
1'
#468705000
0&
0'
#468745000
1)
#468755000
0)
1&
#468765000
1'
#468775000
0&
0'
#468815000
1)
#468825000
0)
1&
#468835000
1'
#468845000
0&
0'
#468885000
1)
#468895000
0)
0"
#468915000
1&
1"
#468925000
1'
#468935000
0&
0'
#468975000
1)
#468985000
0)
1&
#468995000
1'
#469005000
0&
0'
#469045000
1)
#469055000
0)
1&
#469065000
1'
#469075000
0&
0'
#469115000
1)
#469125000
0)
1&
#469135000
1'
#469145000
0&
0'
#469185000
1)
#469195000
0)
1&
#469205000
1'
#469215000
0&
0'
#469255000
1)
#469265000
0)
1&
#469275000
1'
#469285000
0&
0'
#469325000
1)
#469335000
0)
1&
#469345000
1'
#469355000
0&
0'
#469395000
1)
#469405000
0)
1&
#469415000
1'
#469425000
0&
0'
#469465000
1)
#469475000
0)
1&
#469485000
1'
#469495000
0&
0'
#469535000
1)
#469545000
0)
1&
#469555000
1'
#469565000
0&
0'
#469605000
1)
#469615000
0)
1&
#469625000
1'
#469635000
0&
0'
#469675000
1)
#469685000
0)
1&
#469695000
1'
#469705000
0&
0'
#469745000
1)
#469755000
0)
1&
#469765000
1'
#469775000
0&
0'
#469815000
1)
#469825000
0)
1&
#469835000
1'
#469845000
0&
0'
#469885000
1)
#469895000
0)
1&
#469905000
1'
#469915000
0&
0'
#469955000
1)
#469965000
0)
1&
#469975000
1'
#469985000
0&
0'
#470025000
1)
#470035000
0)
1&
#470045000
1'
#470055000
0&
0'
#470095000
1)
#470105000
0)
1&
#470115000
1'
#470125000
0&
0'
#470165000
1)
#470175000
0)
1&
#470185000
1'
#470195000
0&
0'
#470235000
1)
#470245000
0)
1&
#470255000
1'
#470265000
0&
0'
#470305000
1)
#470315000
0)
1&
#470325000
1'
#470335000
0&
0'
#470375000
1)
#470385000
0)
1&
#470395000
1'
#470405000
0&
0'
#470445000
1)
#470455000
0)
1&
#470465000
1'
#470475000
0&
0'
#470515000
1)
#470525000
0)
1&
#470535000
1'
#470545000
0&
0'
#470585000
1)
#470595000
0)
1&
#470605000
1'
#470615000
0&
0'
#470655000
1)
#470665000
0)
1&
#470675000
1'
#470685000
0&
0'
#470725000
1)
#470735000
0)
1&
#470745000
1'
#470755000
0&
0'
#470795000
1)
#470805000
0)
1&
#470815000
1'
#470825000
0&
0'
#470865000
1)
#470875000
0)
1&
#470885000
1'
#470895000
0&
0'
#470935000
1)
#470945000
0)
1&
#470955000
1'
#470965000
0&
0'
#471005000
1)
#471015000
0)
1&
#471025000
1'
#471035000
0&
0'
#471075000
1)
#471085000
0)
1&
#471095000
1'
#471105000
0&
0'
#471145000
1)
#471155000
0)
1&
#471165000
1'
#471175000
0&
0'
#471215000
1)
#471225000
0)
1&
#471235000
1'
#471245000
0&
0'
#471285000
1)
#471295000
0)
1&
#471305000
1'
#471315000
0&
0'
#471355000
1)
#471365000
0)
1&
#471375000
1'
#471385000
0&
0'
#471425000
1)
#471435000
0)
1&
#471445000
1'
#471455000
0&
0'
#471495000
1)
#471505000
0)
1&
#471515000
1'
#471525000
0&
0'
#471565000
1)
#471575000
0)
1&
#471585000
1'
#471595000
0&
0'
#471635000
1)
#471645000
0)
1&
#471655000
1'
#471665000
0&
0'
#471705000
1)
#471715000
0)
1&
#471725000
1'
#471735000
0&
0'
#471775000
1)
#471785000
0)
1&
#471795000
1'
#471805000
0&
0'
#471845000
1)
#471855000
0)
1&
#471865000
1'
#471875000
0&
0'
#471915000
1)
#471925000
0)
1&
#471935000
1'
#471945000
0&
0'
#471985000
1)
#471995000
0)
1&
#472005000
1'
#472015000
0&
0'
#472055000
1)
#472065000
0)
1&
#472075000
1'
#472085000
0&
0'
#472125000
1)
#472135000
0)
1&
#472145000
1'
#472155000
0&
0'
#472195000
1)
#472205000
0)
1&
#472215000
1'
#472225000
0&
0'
#472265000
1)
#472275000
0)
0"
#472295000
b0 ,
1#
#472395000
1$
#472405000
0$
#472485000
1$
#472495000
0$
#472575000
1$
#472585000
0$
#472665000
1$
#472675000
0$
#472755000
1$
#472765000
0$
#472845000
1$
#472855000
0$
#472935000
1$
#472945000
0$
#473025000
1$
#473035000
0$
#473055000
1%
#473065000
b100 ,
#473165000
1$
#473175000
0$
#473215000
0%
#473255000
1$
#473265000
0$
#473345000
1$
#473355000
0$
#473435000
1$
#473445000
0$
#473525000
1$
#473535000
0$
#473615000
1$
#473625000
0$
#473705000
1$
#473715000
0$
#473795000
1$
#473805000
0$
#473825000
1%
#473835000
b0 ,
b100 +
#473935000
1$
#473945000
0$
#473985000
0%
#474025000
1$
#474035000
0$
#474115000
1$
#474125000
0$
#474205000
1$
#474215000
0$
#474295000
1$
#474305000
0$
#474385000
1$
#474395000
0$
#474475000
1$
#474485000
0$
#474565000
1$
#474575000
0$
#474595000
1%
#474605000
b100 ,
#474705000
1$
#474715000
0$
#474755000
0%
#474795000
1$
#474805000
0$
#474885000
1$
#474895000
0$
#474975000
1$
#474985000
0$
#475065000
1$
#475075000
0$
#475155000
1$
#475165000
0$
#475245000
1$
#475255000
0$
#475335000
1$
#475345000
0$
#475365000
1%
#475375000
b0 ,
b1000 +
#475475000
1$
#475485000
0$
#475525000
0%
#475565000
1$
#475575000
0$
#475655000
1$
#475665000
0$
#475745000
1$
#475755000
0$
#475835000
1$
#475845000
0$
#475925000
1$
#475935000
0$
#476015000
1$
#476025000
0$
#476105000
1$
#476115000
0$
#476135000
1%
#476145000
b100 ,
#476245000
1$
#476255000
0$
#476295000
0%
#476335000
1$
#476345000
0$
#476425000
1$
#476435000
0$
#476515000
1$
#476525000
0$
#476605000
1$
#476615000
0$
#476695000
1$
#476705000
0$
#476785000
1$
#476795000
0$
#476875000
1$
#476885000
0$
#476905000
1%
#476925000
0#
#477065000
0%
#477085000
1"
#477105000
1(
1&
#477115000
1'
#477125000
0(
0&
0'
#477165000
1)
#477175000
0)
#477195000
1(
1&
#477205000
1'
#477215000
0(
0&
0'
#477255000
1)
#477265000
0)
#477285000
1(
1&
#477295000
1'
#477305000
0(
0&
0'
#477345000
1)
#477355000
0)
#477375000
1(
1&
#477385000
1'
#477395000
0(
0&
0'
#477435000
1)
#477445000
0)
#477465000
1(
1&
#477475000
1'
#477485000
0(
0&
0'
#477525000
1)
#477535000
0)
#477555000
1(
1&
#477565000
1'
#477575000
0(
0&
0'
#477615000
1)
#477625000
0)
#477645000
1(
1&
#477655000
1'
#477665000
0(
0&
0'
#477705000
1)
#477715000
0)
#477735000
1(
1&
#477745000
1'
#477755000
0(
0&
0'
#477795000
1)
#477805000
0)
#477825000
1(
1&
#477835000
1'
#477845000
0(
0&
0'
#477885000
1)
#477895000
0)
#477915000
1(
1&
#477925000
1'
#477935000
0(
0&
0'
#477975000
1)
#477985000
0)
#478005000
1(
1&
#478015000
1'
#478025000
0(
0&
0'
#478065000
1)
#478075000
0)
#478095000
1(
1&
#478105000
1'
#478115000
0(
0&
0'
#478155000
1)
#478165000
0)
#478185000
1(
1&
#478195000
1'
#478205000
0(
0&
0'
#478245000
1)
#478255000
0)
#478275000
1(
1&
#478285000
1'
#478295000
0(
0&
0'
#478335000
1)
#478345000
0)
#478365000
1(
1&
#478375000
1'
#478385000
0(
0&
0'
#478425000
1)
#478435000
0)
#478455000
1(
1&
#478465000
1'
#478475000
0(
0&
0'
#478515000
1)
#478525000
0)
#478545000
1(
1&
#478555000
1'
#478565000
0(
0&
0'
#478605000
1)
#478615000
0)
#478635000
1(
1&
#478645000
1'
#478655000
0(
0&
0'
#478695000
1)
#478705000
0)
#478725000
1(
1&
#478735000
1'
#478745000
0(
0&
0'
#478785000
1)
#478795000
0)
#478815000
1(
1&
#478825000
1'
#478835000
0(
0&
0'
#478875000
1)
#478885000
0)
#478905000
1(
1&
#478915000
1'
#478925000
0(
0&
0'
#478965000
1)
#478975000
0)
#478995000
1(
1&
#479005000
1'
#479015000
0(
0&
0'
#479055000
1)
#479065000
0)
#479085000
1(
1&
#479095000
1'
#479105000
0(
0&
0'
#479145000
1)
#479155000
0)
#479175000
1(
1&
#479185000
1'
#479195000
0(
0&
0'
#479235000
1)
#479245000
0)
#479265000
1(
1&
#479275000
1'
#479285000
0(
0&
0'
#479325000
1)
#479335000
0)
#479355000
1(
1&
#479365000
1'
#479375000
0(
0&
0'
#479415000
1)
#479425000
0)
#479445000
1(
1&
#479455000
1'
#479465000
0(
0&
0'
#479505000
1)
#479515000
0)
#479535000
1(
1&
#479545000
1'
#479555000
0(
0&
0'
#479595000
1)
#479605000
0)
#479625000
1(
1&
#479635000
1'
#479645000
0(
0&
0'
#479685000
1)
#479695000
0)
#479715000
1(
1&
#479725000
1'
#479735000
0(
0&
0'
#479775000
1)
#479785000
0)
#479805000
1(
1&
#479815000
1'
#479825000
0(
0&
0'
#479865000
1)
#479875000
0)
#479895000
1(
1&
#479905000
1'
#479915000
0(
0&
0'
#479955000
1)
#479965000
0)
#479985000
1(
1&
#479995000
1'
#480005000
0(
0&
0'
#480045000
1)
#480055000
0)
#480075000
1(
1&
#480085000
1'
#480095000
0(
0&
0'
#480135000
1)
#480145000
0)
#480165000
1(
1&
#480175000
1'
#480185000
0(
0&
0'
#480225000
1)
#480235000
0)
#480255000
1(
1&
#480265000
1'
#480275000
0(
0&
0'
#480315000
1)
#480325000
0)
#480345000
1(
1&
#480355000
1'
#480365000
0(
0&
0'
#480405000
1)
#480415000
0)
#480435000
1(
1&
#480445000
1'
#480455000
0(
0&
0'
#480495000
1)
#480505000
0)
#480525000
1(
1&
#480535000
1'
#480545000
0(
0&
0'
#480585000
1)
#480595000
0)
#480615000
1(
1&
#480625000
1'
#480635000
0(
0&
0'
#480675000
1)
#480685000
0)
#480705000
1(
1&
#480715000
1'
#480725000
0(
0&
0'
#480765000
1)
#480775000
0)
#480795000
1(
1&
#480805000
1'
#480815000
0(
0&
0'
#480855000
1)
#480865000
0)
#480885000
1(
1&
#480895000
1'
#480905000
0(
0&
0'
#480945000
1)
#480955000
0)
#480975000
1(
1&
#480985000
1'
#480995000
0(
0&
0'
#481035000
1)
#481045000
0)
#481065000
1(
1&
#481075000
1'
#481085000
0(
0&
0'
#481125000
1)
#481135000
0)
#481155000
1(
1&
#481165000
1'
#481175000
0(
0&
0'
#481215000
1)
#481225000
0)
#481245000
1(
1&
#481255000
1'
#481265000
0(
0&
0'
#481305000
1)
#481315000
0)
#481335000
1(
1&
#481345000
1'
#481355000
0(
0&
0'
#481395000
1)
#481405000
0)
#481425000
1(
1&
#481435000
1'
#481445000
0(
0&
0'
#481485000
1)
#481495000
0)
#481515000
1(
1&
#481525000
1'
#481535000
0(
0&
0'
#481575000
1)
#481585000
0)
#481605000
1(
1&
#481615000
1'
#481625000
0(
0&
0'
#481665000
1)
#481675000
0)
#481695000
1(
1&
#481705000
1'
#481715000
0(
0&
0'
#481755000
1)
#481765000
0)
#481785000
1(
1&
#481795000
1'
#481805000
0(
0&
0'
#481845000
1)
#481855000
0)
#481875000
1(
1&
#481885000
1'
#481895000
0(
0&
0'
#481935000
1)
#481945000
0)
#481965000
1(
1&
#481975000
1'
#481985000
0(
0&
0'
#482025000
1)
#482035000
0)
#482055000
1(
1&
#482065000
1'
#482075000
0(
0&
0'
#482115000
1)
#482125000
0)
#482145000
1(
1&
#482155000
1'
#482165000
0(
0&
0'
#482205000
1)
#482215000
0)
#482235000
1(
1&
#482245000
1'
#482255000
0(
0&
0'
#482295000
1)
#482305000
0)
#482325000
1(
1&
#482335000
1'
#482345000
0(
0&
0'
#482385000
1)
#482395000
0)
#482415000
1(
1&
#482425000
1'
#482435000
0(
0&
0'
#482475000
1)
#482485000
0)
#482505000
1(
1&
#482515000
1'
#482525000
0(
0&
0'
#482565000
1)
#482575000
0)
#482595000
1(
1&
#482605000
1'
#482615000
0(
0&
0'
#482655000
1)
#482665000
0)
#482685000
1(
1&
#482695000
1'
#482705000
0(
0&
0'
#482745000
1)
#482755000
0)
#482775000
1(
1&
#482785000
1'
#482795000
0(
0&
0'
#482835000
1)
#482845000
0)
#482865000
1(
1&
#482875000
1'
#482885000
0(
0&
0'
#482925000
1)
#482935000
0)
#482955000
1(
1&
#482965000
1'
#482975000
0(
0&
0'
#483015000
1)
#483025000
0)
#483045000
1(
1&
#483055000
1'
#483065000
0(
0&
0'
#483105000
1)
#483115000
0)
#483135000
1(
1&
#483145000
1'
#483155000
0(
0&
0'
#483195000
1)
#483205000
0)
#483225000
1(
1&
#483235000
1'
#483245000
0(
0&
0'
#483285000
1)
#483295000
0)
#483315000
1(
1&
#483325000
1'
#483335000
0(
0&
0'
#483375000
1)
#483385000
0)
#483405000
1(
1&
#483415000
1'
#483425000
0(
0&
0'
#483465000
1)
#483475000
0)
#483495000
1(
1&
#483505000
1'
#483515000
0(
0&
0'
#483555000
1)
#483565000
0)
0"
#483575000
0!
#483585000
1*
#483795000
0*
#483800000
1'
#484075000
1!
#484085000
1&
1"
#484095000
0&
0'
#484145000
1)
#484155000
0)
1&
1'
#484165000
0&
0'
#484215000
1)
#484225000
0)
1&
1'
#484235000
0&
0'
#484285000
1)
#484295000
0)
1&
1'
#484305000
0&
0'
#484355000
1)
#484365000
0)
0"
1'
#484385000
1&
1"
#484395000
0&
0'
#484445000
1)
#484455000
0)
1&
1'
#484465000
0&
0'
#484515000
1)
#484525000
0)
1&
1'
#484535000
0&
0'
#484585000
1)
#484595000
0)
1&
1'
#484605000
0&
0'
#484655000
1)
#484665000
0)
1&
1'
#484675000
0&
0'
#484725000
1)
#484735000
0)
1&
1'
#484745000
0&
0'
#484795000
1)
#484805000
0)
1&
1'
#484815000
0&
0'
#484865000
1)
#484875000
0)
1&
1'
#484885000
0&
0'
#484935000
1)
#484945000
0)
1&
1'
#484955000
0&
0'
#485005000
1)
#485015000
0)
1&
1'
#485025000
0&
0'
#485075000
1)
#485085000
0)
1&
1'
#485095000
0&
0'
#485145000
1)
#485155000
0)
1&
1'
#485165000
0&
0'
#485215000
1)
#485225000
0)
1&
1'
#485235000
0&
0'
#485285000
1)
#485295000
0)
1&
1'
#485305000
0&
0'
#485355000
1)
#485365000
0)
1&
1'
#485375000
0&
0'
#485425000
1)
#485435000
0)
1&
1'
#485445000
0&
0'
#485495000
1)
#485505000
0)
1&
1'
#485515000
0&
0'
#485565000
1)
#485575000
0)
1&
1'
#485585000
0&
0'
#485635000
1)
#485645000
0)
1&
1'
#485655000
0&
0'
#485705000
1)
#485715000
0)
1&
1'
#485725000
0&
0'
#485775000
1)
#485785000
0)
1&
1'
#485795000
0&
0'
#485845000
1)
#485855000
0)
1&
1'
#485865000
0&
0'
#485915000
1)
#485925000
0)
0"
1'
#485945000
b0 ,
b0 +
1#
#486045000
1$
#486055000
0$
#486135000
1$
#486145000
0$
#486165000
1%
#486175000
b100 ,
#486275000
1$
#486285000
0$
#486325000
0%
#486365000
1$
#486375000
0$
#486395000
1%
#486405000
b1000 ,
#486505000
1$
#486515000
0$
#486555000
0%
#486595000
1$
#486605000
0$
#486625000
1%
#486645000
0#
#486785000
0%
#486805000
1"
#486825000
1(
1&
#486835000
0(
0&
0'
#486885000
1)
#486895000
0)
1'
#486915000
1(
1&
#486925000
0(
0&
0'
#486975000
1)
#486985000
0)
1'
#487005000
1(
1&
#487015000
0(
0&
0'
#487065000
1)
#487075000
0)
1'
#487095000
1(
1&
#487105000
0(
0&
0'
#487155000
1)
#487165000
0)
1'
#487185000
1(
1&
#487195000
0(
0&
0'
#487245000
1)
#487255000
0)
1'
#487275000
1(
1&
#487285000
0(
0&
0'
#487335000
1)
#487345000
0)
1'
#487365000
1(
1&
#487375000
0(
0&
0'
#487425000
1)
#487435000
0)
1'
#487455000
1(
1&
#487465000
0(
0&
0'
#487515000
1)
#487525000
0)
1'
#487545000
1(
1&
#487555000
0(
0&
0'
#487605000
1)
#487615000
0)
1'
#487635000
1(
1&
#487645000
0(
0&
0'
#487695000
1)
#487705000
0)
1'
#487725000
1(
1&
#487735000
0(
0&
0'
#487785000
1)
#487795000
0)
1'
#487815000
1(
1&
#487825000
0(
0&
0'
#487875000
1)
#487885000
0)
1'
#487905000
1(
1&
#487915000
0(
0&
0'
#487965000
1)
#487975000
0)
1'
#487995000
1(
1&
#488005000
0(
0&
0'
#488055000
1)
#488065000
0)
1'
#488085000
1(
1&
#488095000
0(
0&
0'
#488145000
1)
#488155000
0)
1'
#488175000
1(
1&
#488185000
0(
0&
0'
#488235000
1)
#488245000
0)
1'
#488265000
1(
1&
#488275000
0(
0&
0'
#488325000
1)
#488335000
0)
1'
#488355000
1(
1&
#488365000
0(
0&
0'
#488415000
1)
#488425000
0)
1'
#488445000
1(
1&
#488455000
0(
0&
0'
#488505000
1)
#488515000
0)
1'
#488535000
1(
1&
#488545000
0(
0&
0'
#488595000
1)
#488605000
0)
1'
#488625000
1(
1&
#488635000
0(
0&
0'
#488685000
1)
#488695000
0)
1'
#488715000
1(
1&
#488725000
0(
0&
0'
#488775000
1)
#488785000
0)
0"
1'
#488795000
0!
#488805000
1*
#489015000
0*
#489295000
1!
#489305000
1&
1"
#489315000
0&
0'
#489325000
1)
#489335000
0)
0"
1'
#489355000
1&
1"
#489365000
0&
0'
#489375000
1)
#489385000
0)
1&
1'
#489395000
0&
0'
#489405000
1)
#489415000
0)
1&
1'
#489425000
0&
0'
#489435000
1)
#489445000
0)
1&
1'
#489455000
0&
0'
#489465000
1)
#489475000
0)
1&
1'
#489485000
0&
0'
#489495000
1)
#489505000
0)
1&
1'
#489515000
0&
0'
#489525000
1)
#489535000
0)
0"
1'
#489555000
b0 ,
1#
#489655000
1$
#489665000
0$
#489685000
1%
#489695000
b100 ,
#489795000
1$
#489805000
0$
#489845000
0%
#489855000
1%
#489875000
0#
#490015000
0%
#490035000
1"
#490055000
1(
1&
#490065000
0(
0&
0'
#490075000
1)
#490085000
0)
1'
#490105000
1(
1&
#490115000
0(
0&
0'
#490125000
1)
#490135000
0)
1'
#490155000
1(
1&
#490165000
0(
0&
0'
#490175000
1)
#490185000
0)
1'
#490205000
1(
1&
#490215000
0(
0&
0'
#490225000
1)
#490235000
0)
1'
#490255000
1(
1&
#490265000
0(
0&
0'
#490275000
1)
#490285000
0)
1'
#490305000
1(
1&
#490315000
0(
0&
0'
#490325000
1)
#490335000
0)
0"
1'
#490345000
0!
#490355000
1*
#490565000
0*
#490845000
1!
#490855000
1&
1"
#490865000
0&
0'
#490885000
1)
#490895000
0)
1&
1'
#490905000
0&
0'
#490925000
1)
#490935000
0)
1&
1'
#490945000
0&
0'
#490965000
1)
#490975000
0)
1&
1'
#490985000
0&
0'
#491005000
1)
#491015000
0)
1&
1'
#491025000
0&
0'
#491045000
1)
#491055000
0)
1&
1'
#491065000
0&
0'
#491085000
1)
#491095000
0)
1&
1'
#491105000
0&
0'
#491125000
1)
#491135000
0)
1&
1'
#491145000
0&
0'
#491165000
1)
#491175000
0)
1&
1'
#491185000
0&
0'
#491205000
1)
#491215000
0)
1&
1'
#491225000
0&
0'
#491245000
1)
#491255000
0)
1&
1'
#491265000
0&
0'
#491285000
1)
#491295000
0)
1&
1'
#491305000
0&
0'
#491325000
1)
#491335000
0)
1&
1'
#491345000
0&
0'
#491365000
1)
#491375000
0)
1&
1'
#491385000
0&
0'
#491405000
1)
#491415000
0)
1&
1'
#491425000
0&
0'
#491445000
1)
#491455000
0)
1&
1'
#491465000
0&
0'
#491485000
1)
#491495000
0)
1&
1'
#491505000
0&
0'
#491525000
1)
#491535000
0)
1&
1'
#491545000
0&
0'
#491565000
1)
#491575000
0)
1&
1'
#491585000
0&
0'
#491605000
1)
#491615000
0)
1&
1'
#491625000
0&
0'
#491645000
1)
#491655000
0)
1&
1'
#491665000
0&
0'
#491685000
1)
#491695000
0)
1&
1'
#491705000
0&
0'
#491725000
1)
#491735000
0)
1&
1'
#491745000
0&
0'
#491765000
1)
#491775000
0)
1&
1'
#491785000
0&
0'
#491805000
1)
#491815000
0)
1&
1'
#491825000
0&
0'
#491845000
1)
#491855000
0)
1&
1'
#491865000
0&
0'
#491885000
1)
#491895000
0)
1&
1'
#491905000
0&
0'
#491925000
1)
#491935000
0)
1&
1'
#491945000
0&
0'
#491965000
1)
#491975000
0)
1&
1'
#491985000
0&
0'
#492005000
1)
#492015000
0)
1&
1'
#492025000
0&
0'
#492045000
1)
#492055000
0)
1&
1'
#492065000
0&
0'
#492085000
1)
#492095000
0)
1&
1'
#492105000
0&
0'
#492125000
1)
#492135000
0)
1&
1'
#492145000
0&
0'
#492165000
1)
#492175000
0)
1&
1'
#492185000
0&
0'
#492205000
1)
#492215000
0)
1&
1'
#492225000
0&
0'
#492245000
1)
#492255000
0)
1&
1'
#492265000
0&
0'
#492285000
1)
#492295000
0)
1&
1'
#492305000
0&
0'
#492325000
1)
#492335000
0)
1&
1'
#492345000
0&
0'
#492365000
1)
#492375000
0)
1&
1'
#492385000
0&
0'
#492405000
1)
#492415000
0)
1&
1'
#492425000
0&
0'
#492445000
1)
#492455000
0)
1&
1'
#492465000
0&
0'
#492485000
1)
#492495000
0)
1&
1'
#492505000
0&
0'
#492525000
1)
#492535000
0)
1&
1'
#492545000
0&
0'
#492565000
1)
#492575000
0)
1&
1'
#492585000
0&
0'
#492605000
1)
#492615000
0)
1&
1'
#492625000
0&
0'
#492645000
1)
#492655000
0)
1&
1'
#492665000
0&
0'
#492685000
1)
#492695000
0)
1&
1'
#492705000
0&
0'
#492725000
1)
#492735000
0)
1&
1'
#492745000
0&
0'
#492765000
1)
#492775000
0)
1&
1'
#492785000
0&
0'
#492805000
1)
#492815000
0)
1&
1'
#492825000
0&
0'
#492845000
1)
#492855000
0)
1&
1'
#492865000
0&
0'
#492885000
1)
#492895000
0)
1&
1'
#492905000
0&
0'
#492925000
1)
#492935000
0)
1&
1'
#492945000
0&
0'
#492965000
1)
#492975000
0)
1&
1'
#492985000
0&
0'
#493005000
1)
#493015000
0)
1&
1'
#493025000
0&
0'
#493045000
1)
#493055000
0)
1&
1'
#493065000
0&
0'
#493085000
1)
#493095000
0)
1&
1'
#493105000
0&
0'
#493125000
1)
#493135000
0)
1&
1'
#493145000
0&
0'
#493165000
1)
#493175000
0)
1&
1'
#493185000
0&
0'
#493205000
1)
#493215000
0)
1&
1'
#493225000
0&
0'
#493245000
1)
#493255000
0)
1&
1'
#493265000
0&
0'
#493285000
1)
#493295000
0)
1&
1'
#493305000
0&
0'
#493325000
1)
#493335000
0)
1&
1'
#493345000
0&
0'
#493365000
1)
#493375000
0)
1&
1'
#493385000
0&
0'
#493405000
1)
#493415000
0)
1&
1'
#493425000
0&
0'
#493445000
1)
#493455000
0)
1&
1'
#493465000
0&
0'
#493485000
1)
#493495000
0)
1&
1'
#493505000
0&
0'
#493525000
1)
#493535000
0)
1&
1'
#493545000
0&
0'
#493565000
1)
#493575000
0)
1&
1'
#493585000
0&
0'
#493605000
1)
#493615000
0)
1&
1'
#493625000
0&
0'
#493645000
1)
#493655000
0)
1&
1'
#493665000
0&
0'
#493685000
1)
#493695000
0)
1&
1'
#493705000
0&
0'
#493725000
1)
#493735000
0)
1&
1'
#493745000
0&
0'
#493765000
1)
#493775000
0)
1&
1'
#493785000
0&
0'
#493805000
1)
#493815000
0)
1&
1'
#493825000
0&
0'
#493845000
1)
#493855000
0)
1&
1'
#493865000
0&
0'
#493885000
1)
#493895000
0)
1&
1'
#493905000
0&
0'
#493925000
1)
#493935000
0)
1&
1'
#493945000
0&
0'
#493965000
1)
#493975000
0)
1&
1'
#493985000
0&
0'
#494005000
1)
#494015000
0)
1&
1'
#494025000
0&
0'
#494045000
1)
#494055000
0)
1&
1'
#494065000
0&
0'
#494085000
1)
#494095000
0)
1&
1'
#494105000
0&
0'
#494125000
1)
#494135000
0)
1&
1'
#494145000
0&
0'
#494165000
1)
#494175000
0)
1&
1'
#494185000
0&
0'
#494205000
1)
#494215000
0)
1&
1'
#494225000
0&
0'
#494245000
1)
#494255000
0)
1&
1'
#494265000
0&
0'
#494285000
1)
#494295000
0)
1&
1'
#494305000
0&
0'
#494325000
1)
#494335000
0)
1&
1'
#494345000
0&
0'
#494365000
1)
#494375000
0)
1&
1'
#494385000
0&
0'
#494405000
1)
#494415000
0)
1&
1'
#494425000
0&
0'
#494445000
1)
#494455000
0)
1&
1'
#494465000
0&
0'
#494485000
1)
#494495000
0)
1&
1'
#494505000
0&
0'
#494525000
1)
#494535000
0)
1&
1'
#494545000
0&
0'
#494565000
1)
#494575000
0)
1&
1'
#494585000
0&
0'
#494605000
1)
#494615000
0)
1&
1'
#494625000
0&
0'
#494645000
1)
#494655000
0)
1&
1'
#494665000
0&
0'
#494685000
1)
#494695000
0)
1&
1'
#494705000
0&
0'
#494725000
1)
#494735000
0)
1&
1'
#494745000
0&
0'
#494765000
1)
#494775000
0)
1&
1'
#494785000
0&
0'
#494805000
1)
#494815000
0)
1&
1'
#494825000
0&
0'
#494845000
1)
#494855000
0)
1&
1'
#494865000
0&
0'
#494885000
1)
#494895000
0)
1&
1'
#494905000
0&
0'
#494925000
1)
#494935000
0)
1&
1'
#494945000
0&
0'
#494965000
1)
#494975000
0)
1&
1'
#494985000
0&
0'
#495005000
1)
#495015000
0)
1&
1'
#495025000
0&
0'
#495045000
1)
#495055000
0)
1&
1'
#495065000
0&
0'
#495085000
1)
#495095000
0)
1&
1'
#495105000
0&
0'
#495125000
1)
#495135000
0)
1&
1'
#495145000
0&
0'
#495165000
1)
#495175000
0)
1&
1'
#495185000
0&
0'
#495205000
1)
#495215000
0)
1&
1'
#495225000
0&
0'
#495245000
1)
#495255000
0)
1&
1'
#495265000
0&
0'
#495285000
1)
#495295000
0)
1&
1'
#495305000
0&
0'
#495325000
1)
#495335000
0)
1&
1'
#495345000
0&
0'
#495365000
1)
#495375000
0)
1&
1'
#495385000
0&
0'
#495405000
1)
#495415000
0)
1&
1'
#495425000
0&
0'
#495445000
1)
#495455000
0)
1&
1'
#495465000
0&
0'
#495485000
1)
#495495000
0)
1&
1'
#495505000
0&
0'
#495525000
1)
#495535000
0)
1&
1'
#495545000
0&
0'
#495565000
1)
#495575000
0)
1&
1'
#495585000
0&
0'
#495605000
1)
#495615000
0)
1&
1'
#495625000
0&
0'
#495645000
1)
#495655000
0)
1&
1'
#495665000
0&
0'
#495685000
1)
#495695000
0)
1&
1'
#495705000
0&
0'
#495725000
1)
#495735000
0)
1&
1'
#495745000
0&
0'
#495765000
1)
#495775000
0)
1&
1'
#495785000
0&
0'
#495805000
1)
#495815000
0)
1&
1'
#495825000
0&
0'
#495845000
1)
#495855000
0)
1&
1'
#495865000
0&
0'
#495885000
1)
#495895000
0)
0"
1'
#495915000
1&
1"
#495925000
0&
0'
#495945000
1)
#495955000
0)
1&
1'
#495965000
0&
0'
#495985000
1)
#495995000
0)
1&
1'
#496005000
0&
0'
#496025000
1)
#496035000
0)
1&
1'
#496045000
0&
0'
#496065000
1)
#496075000
0)
1&
1'
#496085000
0&
0'
#496105000
1)
#496115000
0)
1&
1'
#496125000
0&
0'
#496145000
1)
#496155000
0)
1&
1'
#496165000
0&
0'
#496185000
1)
#496195000
0)
1&
1'
#496205000
0&
0'
#496225000
1)
#496235000
0)
1&
1'
#496245000
0&
0'
#496265000
1)
#496275000
0)
1&
1'
#496285000
0&
0'
#496305000
1)
#496315000
0)
1&
1'
#496325000
0&
0'
#496345000
1)
#496355000
0)
1&
1'
#496365000
0&
0'
#496385000
1)
#496395000
0)
1&
1'
#496405000
0&
0'
#496425000
1)
#496435000
0)
1&
1'
#496445000
0&
0'
#496465000
1)
#496475000
0)
1&
1'
#496485000
0&
0'
#496505000
1)
#496515000
0)
1&
1'
#496525000
0&
0'
#496545000
1)
#496555000
0)
1&
1'
#496565000
0&
0'
#496585000
1)
#496595000
0)
1&
1'
#496605000
0&
0'
#496625000
1)
#496635000
0)
1&
1'
#496645000
0&
0'
#496665000
1)
#496675000
0)
1&
1'
#496685000
0&
0'
#496705000
1)
#496715000
0)
1&
1'
#496725000
0&
0'
#496745000
1)
#496755000
0)
1&
1'
#496765000
0&
0'
#496785000
1)
#496795000
0)
1&
1'
#496805000
0&
0'
#496825000
1)
#496835000
0)
1&
1'
#496845000
0&
0'
#496865000
1)
#496875000
0)
1&
1'
#496885000
0&
0'
#496905000
1)
#496915000
0)
1&
1'
#496925000
0&
0'
#496945000
1)
#496955000
0)
1&
1'
#496965000
0&
0'
#496985000
1)
#496995000
0)
1&
1'
#497005000
0&
0'
#497025000
1)
#497035000
0)
1&
1'
#497045000
0&
0'
#497065000
1)
#497075000
0)
1&
1'
#497085000
0&
0'
#497105000
1)
#497115000
0)
1&
1'
#497125000
0&
0'
#497145000
1)
#497155000
0)
1&
1'
#497165000
0&
0'
#497185000
1)
#497195000
0)
1&
1'
#497205000
0&
0'
#497225000
1)
#497235000
0)
1&
1'
#497245000
0&
0'
#497265000
1)
#497275000
0)
1&
1'
#497285000
0&
0'
#497305000
1)
#497315000
0)
1&
1'
#497325000
0&
0'
#497345000
1)
#497355000
0)
1&
1'
#497365000
0&
0'
#497385000
1)
#497395000
0)
1&
1'
#497405000
0&
0'
#497425000
1)
#497435000
0)
1&
1'
#497445000
0&
0'
#497465000
1)
#497475000
0)
1&
1'
#497485000
0&
0'
#497505000
1)
#497515000
0)
1&
1'
#497525000
0&
0'
#497545000
1)
#497555000
0)
1&
1'
#497565000
0&
0'
#497585000
1)
#497595000
0)
1&
1'
#497605000
0&
0'
#497625000
1)
#497635000
0)
1&
1'
#497645000
0&
0'
#497665000
1)
#497675000
0)
1&
1'
#497685000
0&
0'
#497705000
1)
#497715000
0)
1&
1'
#497725000
0&
0'
#497745000
1)
#497755000
0)
1&
1'
#497765000
0&
0'
#497785000
1)
#497795000
0)
1&
1'
#497805000
0&
0'
#497825000
1)
#497835000
0)
1&
1'
#497845000
0&
0'
#497865000
1)
#497875000
0)
1&
1'
#497885000
0&
0'
#497905000
1)
#497915000
0)
1&
1'
#497925000
0&
0'
#497945000
1)
#497955000
0)
1&
1'
#497965000
0&
0'
#497985000
1)
#497995000
0)
1&
1'
#498005000
0&
0'
#498025000
1)
#498035000
0)
1&
1'
#498045000
0&
0'
#498065000
1)
#498075000
0)
1&
1'
#498085000
0&
0'
#498105000
1)
#498115000
0)
1&
1'
#498125000
0&
0'
#498145000
1)
#498155000
0)
1&
1'
#498165000
0&
0'
#498185000
1)
#498195000
0)
1&
1'
#498205000
0&
0'
#498225000
1)
#498235000
0)
1&
1'
#498245000
0&
0'
#498265000
1)
#498275000
0)
1&
1'
#498285000
0&
0'
#498305000
1)
#498315000
0)
1&
1'
#498325000
0&
0'
#498345000
1)
#498355000
0)
1&
1'
#498365000
0&
0'
#498385000
1)
#498395000
0)
1&
1'
#498405000
0&
0'
#498425000
1)
#498435000
0)
1&
1'
#498445000
0&
0'
#498465000
1)
#498475000
0)
1&
1'
#498485000
0&
0'
#498505000
1)
#498515000
0)
1&
1'
#498525000
0&
0'
#498545000
1)
#498555000
0)
1&
1'
#498565000
0&
0'
#498585000
1)
#498595000
0)
1&
1'
#498605000
0&
0'
#498625000
1)
#498635000
0)
1&
1'
#498645000
0&
0'
#498665000
1)
#498675000
0)
1&
1'
#498685000
0&
0'
#498705000
1)
#498715000
0)
1&
1'
#498725000
0&
0'
#498745000
1)
#498755000
0)
1&
1'
#498765000
0&
0'
#498785000
1)
#498795000
0)
0"
1'
#498815000
b0 ,
1#
#498915000
1$
#498925000
0$
#499005000
1$
#499015000
0$
#499095000
1$
#499105000
0$
#499185000
1$
#499195000
0$
#499275000
1$
#499285000
0$
#499365000
1$
#499375000
0$
#499455000
1$
#499465000
0$
#499545000
1$
#499555000
0$
#499635000
1$
#499645000
0$
#499665000
1%
#499675000
b100 ,
#499775000
1$
#499785000
0$
#499825000
0%
#499865000
1$
#499875000
0$
#499955000
1$
#499965000
0$
#500045000
1$
#500055000
0$
#500135000
1$
#500145000
0$
#500225000
1$
#500235000
0$
#500315000
1$
#500325000
0$
#500405000
1$
#500415000
0$
#500495000
1$
#500505000
0$
#500525000
1%
#500535000
b0 ,
b100 +
#500635000
1$
#500645000
0$
#500685000
0%
#500725000
1$
#500735000
0$
#500815000
1$
#500825000
0$
#500905000
1$
#500915000
0$
#500995000
1$
#501005000
0$
#501085000
1$
#501095000
0$
#501175000
1$
#501185000
0$
#501265000
1$
#501275000
0$
#501355000
1$
#501365000
0$
#501385000
1%
#501395000
b100 ,
#501495000
1$
#501505000
0$
#501545000
0%
#501585000
1$
#501595000
0$
#501675000
1$
#501685000
0$
#501765000
1$
#501775000
0$
#501855000
1$
#501865000
0$
#501945000
1$
#501955000
0$
#502035000
1$
#502045000
0$
#502125000
1$
#502135000
0$
#502215000
1$
#502225000
0$
#502245000
1%
#502255000
b0 ,
b1000 +
#502355000
1$
#502365000
0$
#502405000
0%
#502445000
1$
#502455000
0$
#502535000
1$
#502545000
0$
#502625000
1$
#502635000
0$
#502715000
1$
#502725000
0$
#502805000
1$
#502815000
0$
#502895000
1$
#502905000
0$
#502985000
1$
#502995000
0$
#503075000
1$
#503085000
0$
#503105000
1%
#503115000
b100 ,
#503215000
1$
#503225000
0$
#503265000
0%
#503305000
1$
#503315000
0$
#503395000
1$
#503405000
0$
#503485000
1$
#503495000
0$
#503575000
1$
#503585000
0$
#503665000
1$
#503675000
0$
#503755000
1$
#503765000
0$
#503845000
1$
#503855000
0$
#503935000
1$
#503945000
0$
#503965000
1%
#503975000
b0 ,
b1100 +
#504075000
1$
#504085000
0$
#504125000
0%
#504165000
1$
#504175000
0$
#504255000
1$
#504265000
0$
#504345000
1$
#504355000
0$
#504435000
1$
#504445000
0$
#504525000
1$
#504535000
0$
#504615000
1$
#504625000
0$
#504705000
1$
#504715000
0$
#504795000
1$
#504805000
0$
#504825000
1%
#504835000
b100 ,
#504935000
1$
#504945000
0$
#504985000
0%
#505025000
1$
#505035000
0$
#505115000
1$
#505125000
0$
#505205000
1$
#505215000
0$
#505295000
1$
#505305000
0$
#505385000
1$
#505395000
0$
#505475000
1$
#505485000
0$
#505565000
1$
#505575000
0$
#505655000
1$
#505665000
0$
#505685000
1%
#505705000
0#
#505845000
0%
#505865000
1"
#505885000
1(
1&
#505895000
0(
0&
0'
#505915000
1)
#505925000
0)
1'
#505945000
1(
1&
#505955000
0(
0&
0'
#505975000
1)
#505985000
0)
1'
#506005000
1(
1&
#506015000
0(
0&
0'
#506035000
1)
#506045000
0)
1'
#506065000
1(
1&
#506075000
0(
0&
0'
#506095000
1)
#506105000
0)
1'
#506125000
1(
1&
#506135000
0(
0&
0'
#506155000
1)
#506165000
0)
1'
#506185000
1(
1&
#506195000
0(
0&
0'
#506215000
1)
#506225000
0)
1'
#506245000
1(
1&
#506255000
0(
0&
0'
#506275000
1)
#506285000
0)
1'
#506305000
1(
1&
#506315000
0(
0&
0'
#506335000
1)
#506345000
0)
1'
#506365000
1(
1&
#506375000
0(
0&
0'
#506395000
1)
#506405000
0)
1'
#506425000
1(
1&
#506435000
0(
0&
0'
#506455000
1)
#506465000
0)
1'
#506485000
1(
1&
#506495000
0(
0&
0'
#506515000
1)
#506525000
0)
1'
#506545000
1(
1&
#506555000
0(
0&
0'
#506575000
1)
#506585000
0)
1'
#506605000
1(
1&
#506615000
0(
0&
0'
#506635000
1)
#506645000
0)
1'
#506665000
1(
1&
#506675000
0(
0&
0'
#506695000
1)
#506705000
0)
1'
#506725000
1(
1&
#506735000
0(
0&
0'
#506755000
1)
#506765000
0)
1'
#506785000
1(
1&
#506795000
0(
0&
0'
#506815000
1)
#506825000
0)
1'
#506845000
1(
1&
#506855000
0(
0&
0'
#506875000
1)
#506885000
0)
1'
#506905000
1(
1&
#506915000
0(
0&
0'
#506935000
1)
#506945000
0)
1'
#506965000
1(
1&
#506975000
0(
0&
0'
#506995000
1)
#507005000
0)
1'
#507025000
1(
1&
#507035000
0(
0&
0'
#507055000
1)
#507065000
0)
1'
#507085000
1(
1&
#507095000
0(
0&
0'
#507115000
1)
#507125000
0)
1'
#507145000
1(
1&
#507155000
0(
0&
0'
#507175000
1)
#507185000
0)
1'
#507205000
1(
1&
#507215000
0(
0&
0'
#507235000
1)
#507245000
0)
1'
#507265000
1(
1&
#507275000
0(
0&
0'
#507295000
1)
#507305000
0)
1'
#507325000
1(
1&
#507335000
0(
0&
0'
#507355000
1)
#507365000
0)
1'
#507385000
1(
1&
#507395000
0(
0&
0'
#507415000
1)
#507425000
0)
1'
#507445000
1(
1&
#507455000
0(
0&
0'
#507475000
1)
#507485000
0)
1'
#507505000
1(
1&
#507515000
0(
0&
0'
#507535000
1)
#507545000
0)
1'
#507565000
1(
1&
#507575000
0(
0&
0'
#507595000
1)
#507605000
0)
1'
#507625000
1(
1&
#507635000
0(
0&
0'
#507655000
1)
#507665000
0)
1'
#507685000
1(
1&
#507695000
0(
0&
0'
#507715000
1)
#507725000
0)
1'
#507745000
1(
1&
#507755000
0(
0&
0'
#507775000
1)
#507785000
0)
1'
#507805000
1(
1&
#507815000
0(
0&
0'
#507835000
1)
#507845000
0)
1'
#507865000
1(
1&
#507875000
0(
0&
0'
#507895000
1)
#507905000
0)
1'
#507925000
1(
1&
#507935000
0(
0&
0'
#507955000
1)
#507965000
0)
1'
#507985000
1(
1&
#507995000
0(
0&
0'
#508015000
1)
#508025000
0)
1'
#508045000
1(
1&
#508055000
0(
0&
0'
#508075000
1)
#508085000
0)
1'
#508105000
1(
1&
#508115000
0(
0&
0'
#508135000
1)
#508145000
0)
1'
#508165000
1(
1&
#508175000
0(
0&
0'
#508195000
1)
#508205000
0)
1'
#508225000
1(
1&
#508235000
0(
0&
0'
#508255000
1)
#508265000
0)
1'
#508285000
1(
1&
#508295000
0(
0&
0'
#508315000
1)
#508325000
0)
1'
#508345000
1(
1&
#508355000
0(
0&
0'
#508375000
1)
#508385000
0)
1'
#508405000
1(
1&
#508415000
0(
0&
0'
#508435000
1)
#508445000
0)
1'
#508465000
1(
1&
#508475000
0(
0&
0'
#508495000
1)
#508505000
0)
1'
#508525000
1(
1&
#508535000
0(
0&
0'
#508555000
1)
#508565000
0)
1'
#508585000
1(
1&
#508595000
0(
0&
0'
#508615000
1)
#508625000
0)
1'
#508645000
1(
1&
#508655000
0(
0&
0'
#508675000
1)
#508685000
0)
1'
#508705000
1(
1&
#508715000
0(
0&
0'
#508735000
1)
#508745000
0)
1'
#508765000
1(
1&
#508775000
0(
0&
0'
#508795000
1)
#508805000
0)
1'
#508825000
1(
1&
#508835000
0(
0&
0'
#508855000
1)
#508865000
0)
1'
#508885000
1(
1&
#508895000
0(
0&
0'
#508915000
1)
#508925000
0)
1'
#508945000
1(
1&
#508955000
0(
0&
0'
#508975000
1)
#508985000
0)
1'
#509005000
1(
1&
#509015000
0(
0&
0'
#509035000
1)
#509045000
0)
1'
#509065000
1(
1&
#509075000
0(
0&
0'
#509095000
1)
#509105000
0)
1'
#509125000
1(
1&
#509135000
0(
0&
0'
#509155000
1)
#509165000
0)
1'
#509185000
1(
1&
#509195000
0(
0&
0'
#509215000
1)
#509225000
0)
1'
#509245000
1(
1&
#509255000
0(
0&
0'
#509275000
1)
#509285000
0)
1'
#509305000
1(
1&
#509315000
0(
0&
0'
#509335000
1)
#509345000
0)
1'
#509365000
1(
1&
#509375000
0(
0&
0'
#509395000
1)
#509405000
0)
1'
#509425000
1(
1&
#509435000
0(
0&
0'
#509455000
1)
#509465000
0)
1'
#509485000
1(
1&
#509495000
0(
0&
0'
#509515000
1)
#509525000
0)
1'
#509545000
1(
1&
#509555000
0(
0&
0'
#509575000
1)
#509585000
0)
1'
#509605000
1(
1&
#509615000
0(
0&
0'
#509635000
1)
#509645000
0)
1'
#509665000
1(
1&
#509675000
0(
0&
0'
#509695000
1)
#509705000
0)
1'
#509725000
1(
1&
#509735000
0(
0&
0'
#509755000
1)
#509765000
0)
1'
#509785000
1(
1&
#509795000
0(
0&
0'
#509815000
1)
#509825000
0)
1'
#509845000
1(
1&
#509855000
0(
0&
0'
#509875000
1)
#509885000
0)
1'
#509905000
1(
1&
#509915000
0(
0&
0'
#509935000
1)
#509945000
0)
1'
#509965000
1(
1&
#509975000
0(
0&
0'
#509995000
1)
#510005000
0)
1'
#510025000
1(
1&
#510035000
0(
0&
0'
#510055000
1)
#510065000
0)
1'
#510085000
1(
1&
#510095000
0(
0&
0'
#510115000
1)
#510125000
0)
1'
#510145000
1(
1&
#510155000
0(
0&
0'
#510175000
1)
#510185000
0)
1'
#510205000
1(
1&
#510215000
0(
0&
0'
#510235000
1)
#510245000
0)
1'
#510265000
1(
1&
#510275000
0(
0&
0'
#510295000
1)
#510305000
0)
1'
#510325000
1(
1&
#510335000
0(
0&
0'
#510355000
1)
#510365000
0)
1'
#510385000
1(
1&
#510395000
0(
0&
0'
#510415000
1)
#510425000
0)
1'
#510445000
1(
1&
#510455000
0(
0&
0'
#510475000
1)
#510485000
0)
1'
#510505000
1(
1&
#510515000
0(
0&
0'
#510535000
1)
#510545000
0)
1'
#510565000
1(
1&
#510575000
0(
0&
0'
#510595000
1)
#510605000
0)
1'
#510625000
1(
1&
#510635000
0(
0&
0'
#510655000
1)
#510665000
0)
1'
#510685000
1(
1&
#510695000
0(
0&
0'
#510715000
1)
#510725000
0)
1'
#510745000
1(
1&
#510755000
0(
0&
0'
#510775000
1)
#510785000
0)
1'
#510805000
1(
1&
#510815000
0(
0&
0'
#510835000
1)
#510845000
0)
1'
#510865000
1(
1&
#510875000
0(
0&
0'
#510895000
1)
#510905000
0)
1'
#510925000
1(
1&
#510935000
0(
0&
0'
#510955000
1)
#510965000
0)
1'
#510985000
1(
1&
#510995000
0(
0&
0'
#511015000
1)
#511025000
0)
1'
#511045000
1(
1&
#511055000
0(
0&
0'
#511075000
1)
#511085000
0)
1'
#511105000
1(
1&
#511115000
0(
0&
0'
#511135000
1)
#511145000
0)
1'
#511165000
1(
1&
#511175000
0(
0&
0'
#511195000
1)
#511205000
0)
1'
#511225000
1(
1&
#511235000
0(
0&
0'
#511255000
1)
#511265000
0)
1'
#511285000
1(
1&
#511295000
0(
0&
0'
#511315000
1)
#511325000
0)
1'
#511345000
1(
1&
#511355000
0(
0&
0'
#511375000
1)
#511385000
0)
1'
#511405000
1(
1&
#511415000
0(
0&
0'
#511435000
1)
#511445000
0)
1'
#511465000
1(
1&
#511475000
0(
0&
0'
#511495000
1)
#511505000
0)
1'
#511525000
1(
1&
#511535000
0(
0&
0'
#511555000
1)
#511565000
0)
1'
#511585000
1(
1&
#511595000
0(
0&
0'
#511615000
1)
#511625000
0)
1'
#511645000
1(
1&
#511655000
0(
0&
0'
#511675000
1)
#511685000
0)
1'
#511705000
1(
1&
#511715000
0(
0&
0'
#511735000
1)
#511745000
0)
1'
#511765000
1(
1&
#511775000
0(
0&
0'
#511795000
1)
#511805000
0)
1'
#511825000
1(
1&
#511835000
0(
0&
0'
#511855000
1)
#511865000
0)
1'
#511885000
1(
1&
#511895000
0(
0&
0'
#511915000
1)
#511925000
0)
1'
#511945000
1(
1&
#511955000
0(
0&
0'
#511975000
1)
#511985000
0)
1'
#512005000
1(
1&
#512015000
0(
0&
0'
#512035000
1)
#512045000
0)
1'
#512065000
1(
1&
#512075000
0(
0&
0'
#512095000
1)
#512105000
0)
1'
#512125000
1(
1&
#512135000
0(
0&
0'
#512155000
1)
#512165000
0)
1'
#512185000
1(
1&
#512195000
0(
0&
0'
#512215000
1)
#512225000
0)
1'
#512245000
1(
1&
#512255000
0(
0&
0'
#512275000
1)
#512285000
0)
1'
#512305000
1(
1&
#512315000
0(
0&
0'
#512335000
1)
#512345000
0)
1'
#512365000
1(
1&
#512375000
0(
0&
0'
#512395000
1)
#512405000
0)
1'
#512425000
1(
1&
#512435000
0(
0&
0'
#512455000
1)
#512465000
0)
1'
#512485000
1(
1&
#512495000
0(
0&
0'
#512515000
1)
#512525000
0)
1'
#512545000
1(
1&
#512555000
0(
0&
0'
#512575000
1)
#512585000
0)
0"
1'
#512595000
0!
#512605000
1*
#512815000
0*
#513095000
1!
#513105000
1&
1"
#513115000
0&
0'
#513145000
1)
#513155000
0)
1&
1'
#513165000
0&
0'
#513195000
1)
#513205000
0)
1&
1'
#513215000
0&
0'
#513245000
1)
#513255000
0)
1&
1'
#513265000
0&
0'
#513295000
1)
#513305000
0)
1&
1'
#513315000
0&
0'
#513345000
1)
#513355000
0)
1&
1'
#513365000
0&
0'
#513395000
1)
#513405000
0)
1&
1'
#513415000
0&
0'
#513445000
1)
#513455000
0)
1&
1'
#513465000
0&
0'
#513495000
1)
#513505000
0)
1&
1'
#513515000
0&
0'
#513545000
1)
#513555000
0)
1&
1'
#513565000
0&
0'
#513595000
1)
#513605000
0)
1&
1'
#513615000
0&
0'
#513645000
1)
#513655000
0)
1&
1'
#513665000
0&
0'
#513695000
1)
#513705000
0)
1&
1'
#513715000
0&
0'
#513745000
1)
#513755000
0)
1&
1'
#513765000
0&
0'
#513795000
1)
#513805000
0)
1&
1'
#513815000
0&
0'
#513845000
1)
#513855000
0)
1&
1'
#513865000
0&
0'
#513895000
1)
#513905000
0)
1&
1'
#513915000
0&
0'
#513945000
1)
#513955000
0)
1&
1'
#513965000
0&
0'
#513995000
1)
#514005000
0)
1&
1'
#514015000
0&
0'
#514045000
1)
#514055000
0)
1&
1'
#514065000
0&
0'
#514095000
1)
#514105000
0)
1&
1'
#514115000
0&
0'
#514145000
1)
#514155000
0)
1&
1'
#514165000
0&
0'
#514195000
1)
#514205000
0)
1&
1'
#514215000
0&
0'
#514245000
1)
#514255000
0)
1&
1'
#514265000
0&
0'
#514295000
1)
#514305000
0)
1&
1'
#514315000
0&
0'
#514345000
1)
#514355000
0)
1&
1'
#514365000
0&
0'
#514395000
1)
#514405000
0)
1&
1'
#514415000
0&
0'
#514445000
1)
#514455000
0)
1&
1'
#514465000
0&
0'
#514495000
1)
#514505000
0)
1&
1'
#514515000
0&
0'
#514545000
1)
#514555000
0)
1&
1'
#514565000
0&
0'
#514595000
1)
#514605000
0)
1&
1'
#514615000
0&
0'
#514645000
1)
#514655000
0)
1&
1'
#514665000
0&
0'
#514695000
1)
#514705000
0)
1&
1'
#514715000
0&
0'
#514745000
1)
#514755000
0)
1&
1'
#514765000
0&
0'
#514795000
1)
#514805000
0)
1&
1'
#514815000
0&
0'
#514845000
1)
#514855000
0)
1&
1'
#514865000
0&
0'
#514895000
1)
#514905000
0)
1&
1'
#514915000
0&
0'
#514945000
1)
#514955000
0)
1&
1'
#514965000
0&
0'
#514995000
1)
#515005000
0)
1&
1'
#515015000
0&
0'
#515045000
1)
#515055000
0)
1&
1'
#515065000
0&
0'
#515095000
1)
#515105000
0)
1&
1'
#515115000
0&
0'
#515145000
1)
#515155000
0)
1&
1'
#515165000
0&
0'
#515195000
1)
#515205000
0)
1&
1'
#515215000
0&
0'
#515245000
1)
#515255000
0)
1&
1'
#515265000
0&
0'
#515295000
1)
#515305000
0)
1&
1'
#515315000
0&
0'
#515345000
1)
#515355000
0)
1&
1'
#515365000
0&
0'
#515395000
1)
#515405000
0)
1&
1'
#515415000
0&
0'
#515445000
1)
#515455000
0)
1&
1'
#515465000
0&
0'
#515495000
1)
#515505000
0)
1&
1'
#515515000
0&
0'
#515545000
1)
#515555000
0)
1&
1'
#515565000
0&
0'
#515595000
1)
#515605000
0)
1&
1'
#515615000
0&
0'
#515645000
1)
#515655000
0)
1&
1'
#515665000
0&
0'
#515695000
1)
#515705000
0)
1&
1'
#515715000
0&
0'
#515745000
1)
#515755000
0)
1&
1'
#515765000
0&
0'
#515795000
1)
#515805000
0)
1&
1'
#515815000
0&
0'
#515845000
1)
#515855000
0)
1&
1'
#515865000
0&
0'
#515895000
1)
#515905000
0)
1&
1'
#515915000
0&
0'
#515945000
1)
#515955000
0)
1&
1'
#515965000
0&
0'
#515995000
1)
#516005000
0)
1&
1'
#516015000
0&
0'
#516045000
1)
#516055000
0)
1&
1'
#516065000
0&
0'
#516095000
1)
#516105000
0)
1&
1'
#516115000
0&
0'
#516145000
1)
#516155000
0)
1&
1'
#516165000
0&
0'
#516195000
1)
#516205000
0)
1&
1'
#516215000
0&
0'
#516245000
1)
#516255000
0)
1&
1'
#516265000
0&
0'
#516295000
1)
#516305000
0)
1&
1'
#516315000
0&
0'
#516345000
1)
#516355000
0)
1&
1'
#516365000
0&
0'
#516395000
1)
#516405000
0)
1&
1'
#516415000
0&
0'
#516445000
1)
#516455000
0)
1&
1'
#516465000
0&
0'
#516495000
1)
#516505000
0)
1&
1'
#516515000
0&
0'
#516545000
1)
#516555000
0)
1&
1'
#516565000
0&
0'
#516595000
1)
#516605000
0)
1&
1'
#516615000
0&
0'
#516645000
1)
#516655000
0)
1&
1'
#516665000
0&
0'
#516695000
1)
#516705000
0)
1&
1'
#516715000
0&
0'
#516745000
1)
#516755000
0)
1&
1'
#516765000
0&
0'
#516795000
1)
#516805000
0)
1&
1'
#516815000
0&
0'
#516845000
1)
#516855000
0)
1&
1'
#516865000
0&
0'
#516895000
1)
#516905000
0)
1&
1'
#516915000
0&
0'
#516945000
1)
#516955000
0)
1&
1'
#516965000
0&
0'
#516995000
1)
#517005000
0)
1&
1'
#517015000
0&
0'
#517045000
1)
#517055000
0)
1&
1'
#517065000
0&
0'
#517095000
1)
#517105000
0)
1&
1'
#517115000
0&
0'
#517145000
1)
#517155000
0)
1&
1'
#517165000
0&
0'
#517195000
1)
#517205000
0)
1&
1'
#517215000
0&
0'
#517245000
1)
#517255000
0)
1&
1'
#517265000
0&
0'
#517295000
1)
#517305000
0)
1&
1'
#517315000
0&
0'
#517345000
1)
#517355000
0)
1&
1'
#517365000
0&
0'
#517395000
1)
#517405000
0)
1&
1'
#517415000
0&
0'
#517445000
1)
#517455000
0)
1&
1'
#517465000
0&
0'
#517495000
1)
#517505000
0)
1&
1'
#517515000
0&
0'
#517545000
1)
#517555000
0)
1&
1'
#517565000
0&
0'
#517595000
1)
#517605000
0)
1&
1'
#517615000
0&
0'
#517645000
1)
#517655000
0)
1&
1'
#517665000
0&
0'
#517695000
1)
#517705000
0)
1&
1'
#517715000
0&
0'
#517745000
1)
#517755000
0)
1&
1'
#517765000
0&
0'
#517795000
1)
#517805000
0)
1&
1'
#517815000
0&
0'
#517845000
1)
#517855000
0)
1&
1'
#517865000
0&
0'
#517895000
1)
#517905000
0)
1&
1'
#517915000
0&
0'
#517945000
1)
#517955000
0)
1&
1'
#517965000
0&
0'
#517995000
1)
#518005000
0)
1&
1'
#518015000
0&
0'
#518045000
1)
#518055000
0)
1&
1'
#518065000
0&
0'
#518095000
1)
#518105000
0)
1&
1'
#518115000
0&
0'
#518145000
1)
#518155000
0)
1&
1'
#518165000
0&
0'
#518195000
1)
#518205000
0)
1&
1'
#518215000
0&
0'
#518245000
1)
#518255000
0)
1&
1'
#518265000
0&
0'
#518295000
1)
#518305000
0)
1&
1'
#518315000
0&
0'
#518345000
1)
#518355000
0)
1&
1'
#518365000
0&
0'
#518395000
1)
#518405000
0)
1&
1'
#518415000
0&
0'
#518445000
1)
#518455000
0)
1&
1'
#518465000
0&
0'
#518495000
1)
#518505000
0)
1&
1'
#518515000
0&
0'
#518545000
1)
#518555000
0)
1&
1'
#518565000
0&
0'
#518595000
1)
#518605000
0)
1&
1'
#518615000
0&
0'
#518645000
1)
#518655000
0)
1&
1'
#518665000
0&
0'
#518695000
1)
#518705000
0)
1&
1'
#518715000
0&
0'
#518745000
1)
#518755000
0)
1&
1'
#518765000
0&
0'
#518795000
1)
#518805000
0)
1&
1'
#518815000
0&
0'
#518845000
1)
#518855000
0)
1&
1'
#518865000
0&
0'
#518895000
1)
#518905000
0)
1&
1'
#518915000
0&
0'
#518945000
1)
#518955000
0)
1&
1'
#518965000
0&
0'
#518995000
1)
#519005000
0)
1&
1'
#519015000
0&
0'
#519045000
1)
#519055000
0)
1&
1'
#519065000
0&
0'
#519095000
1)
#519105000
0)
1&
1'
#519115000
0&
0'
#519145000
1)
#519155000
0)
1&
1'
#519165000
0&
0'
#519195000
1)
#519205000
0)
1&
1'
#519215000
0&
0'
#519245000
1)
#519255000
0)
1&
1'
#519265000
0&
0'
#519295000
1)
#519305000
0)
1&
1'
#519315000
0&
0'
#519345000
1)
#519355000
0)
1&
1'
#519365000
0&
0'
#519395000
1)
#519405000
0)
1&
1'
#519415000
0&
0'
#519445000
1)
#519455000
0)
1&
1'
#519465000
0&
0'
#519495000
1)
#519505000
0)
1&
1'
#519515000
0&
0'
#519545000
1)
#519555000
0)
1&
1'
#519565000
0&
0'
#519595000
1)
#519605000
0)
1&
1'
#519615000
0&
0'
#519645000
1)
#519655000
0)
1&
1'
#519665000
0&
0'
#519695000
1)
#519705000
0)
1&
1'
#519715000
0&
0'
#519745000
1)
#519755000
0)
1&
1'
#519765000
0&
0'
#519795000
1)
#519805000
0)
1&
1'
#519815000
0&
0'
#519845000
1)
#519855000
0)
1&
1'
#519865000
0&
0'
#519895000
1)
#519905000
0)
1&
1'
#519915000
0&
0'
#519945000
1)
#519955000
0)
1&
1'
#519965000
0&
0'
#519995000
1)
#520005000
0)
1&
1'
#520015000
0&
0'
#520045000
1)
#520055000
0)
1&
1'
#520065000
0&
0'
#520095000
1)
#520105000
0)
1&
1'
#520115000
0&
0'
#520145000
1)
#520155000
0)
1&
1'
#520165000
0&
0'
#520195000
1)
#520205000
0)
1&
1'
#520215000
0&
0'
#520245000
1)
#520255000
0)
1&
1'
#520265000
0&
0'
#520295000
1)
#520305000
0)
1&
1'
#520315000
0&
0'
#520345000
1)
#520355000
0)
1&
1'
#520365000
0&
0'
#520395000
1)
#520405000
0)
1&
1'
#520415000
0&
0'
#520445000
1)
#520455000
0)
1&
1'
#520465000
0&
0'
#520495000
1)
#520505000
0)
1&
1'
#520515000
0&
0'
#520545000
1)
#520555000
0)
1&
1'
#520565000
0&
0'
#520595000
1)
#520605000
0)
1&
1'
#520615000
0&
0'
#520645000
1)
#520655000
0)
1&
1'
#520665000
0&
0'
#520695000
1)
#520705000
0)
1&
1'
#520715000
0&
0'
#520745000
1)
#520755000
0)
1&
1'
#520765000
0&
0'
#520795000
1)
#520805000
0)
0"
1'
#520825000
1&
1"
#520835000
0&
0'
#520865000
1)
#520875000
0)
1&
1'
#520885000
0&
0'
#520915000
1)
#520925000
0)
1&
1'
#520935000
0&
0'
#520965000
1)
#520975000
0)
1&
1'
#520985000
0&
0'
#521015000
1)
#521025000
0)
1&
1'
#521035000
0&
0'
#521065000
1)
#521075000
0)
1&
1'
#521085000
0&
0'
#521115000
1)
#521125000
0)
1&
1'
#521135000
0&
0'
#521165000
1)
#521175000
0)
1&
1'
#521185000
0&
0'
#521215000
1)
#521225000
0)
1&
1'
#521235000
0&
0'
#521265000
1)
#521275000
0)
1&
1'
#521285000
0&
0'
#521315000
1)
#521325000
0)
1&
1'
#521335000
0&
0'
#521365000
1)
#521375000
0)
1&
1'
#521385000
0&
0'
#521415000
1)
#521425000
0)
1&
1'
#521435000
0&
0'
#521465000
1)
#521475000
0)
1&
1'
#521485000
0&
0'
#521515000
1)
#521525000
0)
1&
1'
#521535000
0&
0'
#521565000
1)
#521575000
0)
1&
1'
#521585000
0&
0'
#521615000
1)
#521625000
0)
1&
1'
#521635000
0&
0'
#521665000
1)
#521675000
0)
1&
1'
#521685000
0&
0'
#521715000
1)
#521725000
0)
1&
1'
#521735000
0&
0'
#521765000
1)
#521775000
0)
1&
1'
#521785000
0&
0'
#521815000
1)
#521825000
0)
1&
1'
#521835000
0&
0'
#521865000
1)
#521875000
0)
1&
1'
#521885000
0&
0'
#521915000
1)
#521925000
0)
1&
1'
#521935000
0&
0'
#521965000
1)
#521975000
0)
1&
1'
#521985000
0&
0'
#522015000
1)
#522025000
0)
1&
1'
#522035000
0&
0'
#522065000
1)
#522075000
0)
1&
1'
#522085000
0&
0'
#522115000
1)
#522125000
0)
1&
1'
#522135000
0&
0'
#522165000
1)
#522175000
0)
1&
1'
#522185000
0&
0'
#522215000
1)
#522225000
0)
1&
1'
#522235000
0&
0'
#522265000
1)
#522275000
0)
1&
1'
#522285000
0&
0'
#522315000
1)
#522325000
0)
1&
1'
#522335000
0&
0'
#522365000
1)
#522375000
0)
1&
1'
#522385000
0&
0'
#522415000
1)
#522425000
0)
1&
1'
#522435000
0&
0'
#522465000
1)
#522475000
0)
1&
1'
#522485000
0&
0'
#522515000
1)
#522525000
0)
1&
1'
#522535000
0&
0'
#522565000
1)
#522575000
0)
1&
1'
#522585000
0&
0'
#522615000
1)
#522625000
0)
1&
1'
#522635000
0&
0'
#522665000
1)
#522675000
0)
1&
1'
#522685000
0&
0'
#522715000
1)
#522725000
0)
1&
1'
#522735000
0&
0'
#522765000
1)
#522775000
0)
1&
1'
#522785000
0&
0'
#522815000
1)
#522825000
0)
1&
1'
#522835000
0&
0'
#522865000
1)
#522875000
0)
1&
1'
#522885000
0&
0'
#522915000
1)
#522925000
0)
1&
1'
#522935000
0&
0'
#522965000
1)
#522975000
0)
1&
1'
#522985000
0&
0'
#523015000
1)
#523025000
0)
1&
1'
#523035000
0&
0'
#523065000
1)
#523075000
0)
1&
1'
#523085000
0&
0'
#523115000
1)
#523125000
0)
1&
1'
#523135000
0&
0'
#523165000
1)
#523175000
0)
1&
1'
#523185000
0&
0'
#523215000
1)
#523225000
0)
1&
1'
#523235000
0&
0'
#523265000
1)
#523275000
0)
1&
1'
#523285000
0&
0'
#523315000
1)
#523325000
0)
1&
1'
#523335000
0&
0'
#523365000
1)
#523375000
0)
1&
1'
#523385000
0&
0'
#523415000
1)
#523425000
0)
1&
1'
#523435000
0&
0'
#523465000
1)
#523475000
0)
1&
1'
#523485000
0&
0'
#523515000
1)
#523525000
0)
1&
1'
#523535000
0&
0'
#523565000
1)
#523575000
0)
1&
1'
#523585000
0&
0'
#523615000
1)
#523625000
0)
1&
1'
#523635000
0&
0'
#523665000
1)
#523675000
0)
1&
1'
#523685000
0&
0'
#523715000
1)
#523725000
0)
1&
1'
#523735000
0&
0'
#523765000
1)
#523775000
0)
1&
1'
#523785000
0&
0'
#523815000
1)
#523825000
0)
1&
1'
#523835000
0&
0'
#523865000
1)
#523875000
0)
1&
1'
#523885000
0&
0'
#523915000
1)
#523925000
0)
1&
1'
#523935000
0&
0'
#523965000
1)
#523975000
0)
1&
1'
#523985000
0&
0'
#524015000
1)
#524025000
0)
1&
1'
#524035000
0&
0'
#524065000
1)
#524075000
0)
1&
1'
#524085000
0&
0'
#524115000
1)
#524125000
0)
1&
1'
#524135000
0&
0'
#524165000
1)
#524175000
0)
1&
1'
#524185000
0&
0'
#524215000
1)
#524225000
0)
1&
1'
#524235000
0&
0'
#524265000
1)
#524275000
0)
1&
1'
#524285000
0&
0'
#524315000
1)
#524325000
0)
1&
1'
#524335000
0&
0'
#524365000
1)
#524375000
0)
1&
1'
#524385000
0&
0'
#524415000
1)
#524425000
0)
1&
1'
#524435000
0&
0'
#524465000
1)
#524475000
0)
1&
1'
#524485000
0&
0'
#524515000
1)
#524525000
0)
1&
1'
#524535000
0&
0'
#524565000
1)
#524575000
0)
1&
1'
#524585000
0&
0'
#524615000
1)
#524625000
0)
1&
1'
#524635000
0&
0'
#524665000
1)
#524675000
0)
1&
1'
#524685000
0&
0'
#524715000
1)
#524725000
0)
1&
1'
#524735000
0&
0'
#524765000
1)
#524775000
0)
1&
1'
#524785000
0&
0'
#524815000
1)
#524825000
0)
1&
1'
#524835000
0&
0'
#524865000
1)
#524875000
0)
1&
1'
#524885000
0&
0'
#524915000
1)
#524925000
0)
1&
1'
#524935000
0&
0'
#524965000
1)
#524975000
0)
1&
1'
#524985000
0&
0'
#525015000
1)
#525025000
0)
1&
1'
#525035000
0&
0'
#525065000
1)
#525075000
0)
1&
1'
#525085000
0&
0'
#525115000
1)
#525125000
0)
1&
1'
#525135000
0&
0'
#525165000
1)
#525175000
0)
1&
1'
#525185000
0&
0'
#525215000
1)
#525225000
0)
1&
1'
#525235000
0&
0'
#525265000
1)
#525275000
0)
1&
1'
#525285000
0&
0'
#525315000
1)
#525325000
0)
1&
1'
#525335000
0&
0'
#525365000
1)
#525375000
0)
1&
1'
#525385000
0&
0'
#525415000
1)
#525425000
0)
1&
1'
#525435000
0&
0'
#525465000
1)
#525475000
0)
1&
1'
#525485000
0&
0'
#525515000
1)
#525525000
0)
1&
1'
#525535000
0&
0'
#525565000
1)
#525575000
0)
1&
1'
#525585000
0&
0'
#525615000
1)
#525625000
0)
1&
1'
#525635000
0&
0'
#525665000
1)
#525675000
0)
1&
1'
#525685000
0&
0'
#525715000
1)
#525725000
0)
1&
1'
#525735000
0&
0'
#525765000
1)
#525775000
0)
1&
1'
#525785000
0&
0'
#525815000
1)
#525825000
0)
1&
1'
#525835000
0&
0'
#525865000
1)
#525875000
0)
1&
1'
#525885000
0&
0'
#525915000
1)
#525925000
0)
1&
1'
#525935000
0&
0'
#525965000
1)
#525975000
0)
1&
1'
#525985000
0&
0'
#526015000
1)
#526025000
0)
1&
1'
#526035000
0&
0'
#526065000
1)
#526075000
0)
1&
1'
#526085000
0&
0'
#526115000
1)
#526125000
0)
1&
1'
#526135000
0&
0'
#526165000
1)
#526175000
0)
1&
1'
#526185000
0&
0'
#526215000
1)
#526225000
0)
1&
1'
#526235000
0&
0'
#526265000
1)
#526275000
0)
1&
1'
#526285000
0&
0'
#526315000
1)
#526325000
0)
0"
1'
#526345000
b0 ,
b0 +
1#
#526445000
1$
#526455000
0$
#526535000
1$
#526545000
0$
#526625000
1$
#526635000
0$
#526715000
1$
#526725000
0$
#526805000
1$
#526815000
0$
#526895000
1$
#526905000
0$
#526985000
1$
#526995000
0$
#527075000
1$
#527085000
0$
#527165000
1$
#527175000
0$
#527255000
1$
#527265000
0$
#527345000
1$
#527355000
0$
#527375000
1%
#527385000
b100 ,
#527485000
1$
#527495000
0$
#527535000
0%
#527575000
1$
#527585000
0$
#527665000
1$
#527675000
0$
#527755000
1$
#527765000
0$
#527845000
1$
#527855000
0$
#527935000
1$
#527945000
0$
#528025000
1$
#528035000
0$
#528115000
1$
#528125000
0$
#528205000
1$
#528215000
0$
#528295000
1$
#528305000
0$
#528385000
1$
#528395000
0$
#528415000
1%
#528425000
b1000 ,
#528525000
1$
#528535000
0$
#528575000
0%
#528615000
1$
#528625000
0$
#528705000
1$
#528715000
0$
#528795000
1$
#528805000
0$
#528885000
1$
#528895000
0$
#528975000
1$
#528985000
0$
#529065000
1$
#529075000
0$
#529155000
1$
#529165000
0$
#529245000
1$
#529255000
0$
#529335000
1$
#529345000
0$
#529425000
1$
#529435000
0$
#529455000
1%
#529465000
b0 ,
b100 +
#529565000
1$
#529575000
0$
#529615000
0%
#529655000
1$
#529665000
0$
#529745000
1$
#529755000
0$
#529835000
1$
#529845000
0$
#529925000
1$
#529935000
0$
#530015000
1$
#530025000
0$
#530105000
1$
#530115000
0$
#530195000
1$
#530205000
0$
#530285000
1$
#530295000
0$
#530375000
1$
#530385000
0$
#530465000
1$
#530475000
0$
#530495000
1%
#530505000
b100 ,
#530605000
1$
#530615000
0$
#530655000
0%
#530695000
1$
#530705000
0$
#530785000
1$
#530795000
0$
#530875000
1$
#530885000
0$
#530965000
1$
#530975000
0$
#531055000
1$
#531065000
0$
#531145000
1$
#531155000
0$
#531235000
1$
#531245000
0$
#531325000
1$
#531335000
0$
#531415000
1$
#531425000
0$
#531505000
1$
#531515000
0$
#531535000
1%
#531545000
b1000 ,
#531645000
1$
#531655000
0$
#531695000
0%
#531735000
1$
#531745000
0$
#531825000
1$
#531835000
0$
#531915000
1$
#531925000
0$
#532005000
1$
#532015000
0$
#532095000
1$
#532105000
0$
#532185000
1$
#532195000
0$
#532275000
1$
#532285000
0$
#532365000
1$
#532375000
0$
#532455000
1$
#532465000
0$
#532545000
1$
#532555000
0$
#532575000
1%
#532585000
b0 ,
b1000 +
#532685000
1$
#532695000
0$
#532735000
0%
#532775000
1$
#532785000
0$
#532865000
1$
#532875000
0$
#532955000
1$
#532965000
0$
#533045000
1$
#533055000
0$
#533135000
1$
#533145000
0$
#533225000
1$
#533235000
0$
#533315000
1$
#533325000
0$
#533405000
1$
#533415000
0$
#533495000
1$
#533505000
0$
#533585000
1$
#533595000
0$
#533615000
1%
#533625000
b100 ,
#533725000
1$
#533735000
0$
#533775000
0%
#533815000
1$
#533825000
0$
#533905000
1$
#533915000
0$
#533995000
1$
#534005000
0$
#534085000
1$
#534095000
0$
#534175000
1$
#534185000
0$
#534265000
1$
#534275000
0$
#534355000
1$
#534365000
0$
#534445000
1$
#534455000
0$
#534535000
1$
#534545000
0$
#534625000
1$
#534635000
0$
#534655000
1%
#534665000
b1000 ,
#534765000
1$
#534775000
0$
#534815000
0%
#534855000
1$
#534865000
0$
#534945000
1$
#534955000
0$
#535035000
1$
#535045000
0$
#535125000
1$
#535135000
0$
#535215000
1$
#535225000
0$
#535305000
1$
#535315000
0$
#535395000
1$
#535405000
0$
#535485000
1$
#535495000
0$
#535575000
1$
#535585000
0$
#535665000
1$
#535675000
0$
#535695000
1%
#535705000
b0 ,
b1100 +
#535805000
1$
#535815000
0$
#535855000
0%
#535895000
1$
#535905000
0$
#535985000
1$
#535995000
0$
#536075000
1$
#536085000
0$
#536165000
1$
#536175000
0$
#536255000
1$
#536265000
0$
#536345000
1$
#536355000
0$
#536435000
1$
#536445000
0$
#536525000
1$
#536535000
0$
#536615000
1$
#536625000
0$
#536705000
1$
#536715000
0$
#536735000
1%
#536745000
b100 ,
#536845000
1$
#536855000
0$
#536895000
0%
#536935000
1$
#536945000
0$
#537025000
1$
#537035000
0$
#537115000
1$
#537125000
0$
#537205000
1$
#537215000
0$
#537295000
1$
#537305000
0$
#537385000
1$
#537395000
0$
#537475000
1$
#537485000
0$
#537565000
1$
#537575000
0$
#537655000
1$
#537665000
0$
#537745000
1$
#537755000
0$
#537775000
1%
#537785000
b1000 ,
#537885000
1$
#537895000
0$
#537935000
0%
#537975000
1$
#537985000
0$
#538065000
1$
#538075000
0$
#538155000
1$
#538165000
0$
#538245000
1$
#538255000
0$
#538335000
1$
#538345000
0$
#538425000
1$
#538435000
0$
#538515000
1$
#538525000
0$
#538605000
1$
#538615000
0$
#538695000
1$
#538705000
0$
#538785000
1$
#538795000
0$
#538815000
1%
#538835000
0#
#538975000
0%
#538995000
1"
#539015000
1(
1&
#539025000
0(
0&
0'
#539055000
1)
#539065000
0)
1'
#539085000
1(
1&
#539095000
0(
0&
0'
#539125000
1)
#539135000
0)
1'
#539155000
1(
1&
#539165000
0(
0&
0'
#539195000
1)
#539205000
0)
1'
#539225000
1(
1&
#539235000
0(
0&
0'
#539265000
1)
#539275000
0)
1'
#539295000
1(
1&
#539305000
0(
0&
0'
#539335000
1)
#539345000
0)
1'
#539365000
1(
1&
#539375000
0(
0&
0'
#539405000
1)
#539415000
0)
1'
#539435000
1(
1&
#539445000
0(
0&
0'
#539475000
1)
#539485000
0)
1'
#539505000
1(
1&
#539515000
0(
0&
0'
#539545000
1)
#539555000
0)
1'
#539575000
1(
1&
#539585000
0(
0&
0'
#539615000
1)
#539625000
0)
1'
#539645000
1(
1&
#539655000
0(
0&
0'
#539685000
1)
#539695000
0)
1'
#539715000
1(
1&
#539725000
0(
0&
0'
#539755000
1)
#539765000
0)
1'
#539785000
1(
1&
#539795000
0(
0&
0'
#539825000
1)
#539835000
0)
1'
#539855000
1(
1&
#539865000
0(
0&
0'
#539895000
1)
#539905000
0)
1'
#539925000
1(
1&
#539935000
0(
0&
0'
#539965000
1)
#539975000
0)
1'
#539995000
1(
1&
#540005000
0(
0&
0'
#540035000
1)
#540045000
0)
1'
#540065000
1(
1&
#540075000
0(
0&
0'
#540105000
1)
#540115000
0)
1'
#540135000
1(
1&
#540145000
0(
0&
0'
#540175000
1)
#540185000
0)
1'
#540205000
1(
1&
#540215000
0(
0&
0'
#540245000
1)
#540255000
0)
1'
#540275000
1(
1&
#540285000
0(
0&
0'
#540315000
1)
#540325000
0)
1'
#540345000
1(
1&
#540355000
0(
0&
0'
#540385000
1)
#540395000
0)
1'
#540415000
1(
1&
#540425000
0(
0&
0'
#540455000
1)
#540465000
0)
1'
#540485000
1(
1&
#540495000
0(
0&
0'
#540525000
1)
#540535000
0)
1'
#540555000
1(
1&
#540565000
0(
0&
0'
#540595000
1)
#540605000
0)
1'
#540625000
1(
1&
#540635000
0(
0&
0'
#540665000
1)
#540675000
0)
1'
#540695000
1(
1&
#540705000
0(
0&
0'
#540735000
1)
#540745000
0)
1'
#540765000
1(
1&
#540775000
0(
0&
0'
#540805000
1)
#540815000
0)
1'
#540835000
1(
1&
#540845000
0(
0&
0'
#540875000
1)
#540885000
0)
1'
#540905000
1(
1&
#540915000
0(
0&
0'
#540945000
1)
#540955000
0)
1'
#540975000
1(
1&
#540985000
0(
0&
0'
#541015000
1)
#541025000
0)
1'
#541045000
1(
1&
#541055000
0(
0&
0'
#541085000
1)
#541095000
0)
1'
#541115000
1(
1&
#541125000
0(
0&
0'
#541155000
1)
#541165000
0)
1'
#541185000
1(
1&
#541195000
0(
0&
0'
#541225000
1)
#541235000
0)
1'
#541255000
1(
1&
#541265000
0(
0&
0'
#541295000
1)
#541305000
0)
1'
#541325000
1(
1&
#541335000
0(
0&
0'
#541365000
1)
#541375000
0)
1'
#541395000
1(
1&
#541405000
0(
0&
0'
#541435000
1)
#541445000
0)
1'
#541465000
1(
1&
#541475000
0(
0&
0'
#541505000
1)
#541515000
0)
1'
#541535000
1(
1&
#541545000
0(
0&
0'
#541575000
1)
#541585000
0)
1'
#541605000
1(
1&
#541615000
0(
0&
0'
#541645000
1)
#541655000
0)
1'
#541675000
1(
1&
#541685000
0(
0&
0'
#541715000
1)
#541725000
0)
1'
#541745000
1(
1&
#541755000
0(
0&
0'
#541785000
1)
#541795000
0)
1'
#541815000
1(
1&
#541825000
0(
0&
0'
#541855000
1)
#541865000
0)
1'
#541885000
1(
1&
#541895000
0(
0&
0'
#541925000
1)
#541935000
0)
1'
#541955000
1(
1&
#541965000
0(
0&
0'
#541995000
1)
#542005000
0)
1'
#542025000
1(
1&
#542035000
0(
0&
0'
#542065000
1)
#542075000
0)
1'
#542095000
1(
1&
#542105000
0(
0&
0'
#542135000
1)
#542145000
0)
1'
#542165000
1(
1&
#542175000
0(
0&
0'
#542205000
1)
#542215000
0)
1'
#542235000
1(
1&
#542245000
0(
0&
0'
#542275000
1)
#542285000
0)
1'
#542305000
1(
1&
#542315000
0(
0&
0'
#542345000
1)
#542355000
0)
1'
#542375000
1(
1&
#542385000
0(
0&
0'
#542415000
1)
#542425000
0)
1'
#542445000
1(
1&
#542455000
0(
0&
0'
#542485000
1)
#542495000
0)
1'
#542515000
1(
1&
#542525000
0(
0&
0'
#542555000
1)
#542565000
0)
1'
#542585000
1(
1&
#542595000
0(
0&
0'
#542625000
1)
#542635000
0)
1'
#542655000
1(
1&
#542665000
0(
0&
0'
#542695000
1)
#542705000
0)
1'
#542725000
1(
1&
#542735000
0(
0&
0'
#542765000
1)
#542775000
0)
1'
#542795000
1(
1&
#542805000
0(
0&
0'
#542835000
1)
#542845000
0)
1'
#542865000
1(
1&
#542875000
0(
0&
0'
#542905000
1)
#542915000
0)
1'
#542935000
1(
1&
#542945000
0(
0&
0'
#542975000
1)
#542985000
0)
1'
#543005000
1(
1&
#543015000
0(
0&
0'
#543045000
1)
#543055000
0)
1'
#543075000
1(
1&
#543085000
0(
0&
0'
#543115000
1)
#543125000
0)
1'
#543145000
1(
1&
#543155000
0(
0&
0'
#543185000
1)
#543195000
0)
1'
#543215000
1(
1&
#543225000
0(
0&
0'
#543255000
1)
#543265000
0)
1'
#543285000
1(
1&
#543295000
0(
0&
0'
#543325000
1)
#543335000
0)
1'
#543355000
1(
1&
#543365000
0(
0&
0'
#543395000
1)
#543405000
0)
1'
#543425000
1(
1&
#543435000
0(
0&
0'
#543465000
1)
#543475000
0)
1'
#543495000
1(
1&
#543505000
0(
0&
0'
#543535000
1)
#543545000
0)
1'
#543565000
1(
1&
#543575000
0(
0&
0'
#543605000
1)
#543615000
0)
1'
#543635000
1(
1&
#543645000
0(
0&
0'
#543675000
1)
#543685000
0)
1'
#543705000
1(
1&
#543715000
0(
0&
0'
#543745000
1)
#543755000
0)
1'
#543775000
1(
1&
#543785000
0(
0&
0'
#543815000
1)
#543825000
0)
1'
#543845000
1(
1&
#543855000
0(
0&
0'
#543885000
1)
#543895000
0)
1'
#543915000
1(
1&
#543925000
0(
0&
0'
#543955000
1)
#543965000
0)
1'
#543985000
1(
1&
#543995000
0(
0&
0'
#544025000
1)
#544035000
0)
1'
#544055000
1(
1&
#544065000
0(
0&
0'
#544095000
1)
#544105000
0)
1'
#544125000
1(
1&
#544135000
0(
0&
0'
#544165000
1)
#544175000
0)
1'
#544195000
1(
1&
#544205000
0(
0&
0'
#544235000
1)
#544245000
0)
1'
#544265000
1(
1&
#544275000
0(
0&
0'
#544305000
1)
#544315000
0)
1'
#544335000
1(
1&
#544345000
0(
0&
0'
#544375000
1)
#544385000
0)
1'
#544405000
1(
1&
#544415000
0(
0&
0'
#544445000
1)
#544455000
0)
1'
#544475000
1(
1&
#544485000
0(
0&
0'
#544515000
1)
#544525000
0)
1'
#544545000
1(
1&
#544555000
0(
0&
0'
#544585000
1)
#544595000
0)
1'
#544615000
1(
1&
#544625000
0(
0&
0'
#544655000
1)
#544665000
0)
1'
#544685000
1(
1&
#544695000
0(
0&
0'
#544725000
1)
#544735000
0)
1'
#544755000
1(
1&
#544765000
0(
0&
0'
#544795000
1)
#544805000
0)
1'
#544825000
1(
1&
#544835000
0(
0&
0'
#544865000
1)
#544875000
0)
1'
#544895000
1(
1&
#544905000
0(
0&
0'
#544935000
1)
#544945000
0)
1'
#544965000
1(
1&
#544975000
0(
0&
0'
#545005000
1)
#545015000
0)
1'
#545035000
1(
1&
#545045000
0(
0&
0'
#545075000
1)
#545085000
0)
1'
#545105000
1(
1&
#545115000
0(
0&
0'
#545145000
1)
#545155000
0)
1'
#545175000
1(
1&
#545185000
0(
0&
0'
#545215000
1)
#545225000
0)
1'
#545245000
1(
1&
#545255000
0(
0&
0'
#545285000
1)
#545295000
0)
1'
#545315000
1(
1&
#545325000
0(
0&
0'
#545355000
1)
#545365000
0)
1'
#545385000
1(
1&
#545395000
0(
0&
0'
#545425000
1)
#545435000
0)
1'
#545455000
1(
1&
#545465000
0(
0&
0'
#545495000
1)
#545505000
0)
1'
#545525000
1(
1&
#545535000
0(
0&
0'
#545565000
1)
#545575000
0)
1'
#545595000
1(
1&
#545605000
0(
0&
0'
#545635000
1)
#545645000
0)
1'
#545665000
1(
1&
#545675000
0(
0&
0'
#545705000
1)
#545715000
0)
1'
#545735000
1(
1&
#545745000
0(
0&
0'
#545775000
1)
#545785000
0)
1'
#545805000
1(
1&
#545815000
0(
0&
0'
#545845000
1)
#545855000
0)
1'
#545875000
1(
1&
#545885000
0(
0&
0'
#545915000
1)
#545925000
0)
1'
#545945000
1(
1&
#545955000
0(
0&
0'
#545985000
1)
#545995000
0)
1'
#546015000
1(
1&
#546025000
0(
0&
0'
#546055000
1)
#546065000
0)
1'
#546085000
1(
1&
#546095000
0(
0&
0'
#546125000
1)
#546135000
0)
1'
#546155000
1(
1&
#546165000
0(
0&
0'
#546195000
1)
#546205000
0)
1'
#546225000
1(
1&
#546235000
0(
0&
0'
#546265000
1)
#546275000
0)
1'
#546295000
1(
1&
#546305000
0(
0&
0'
#546335000
1)
#546345000
0)
1'
#546365000
1(
1&
#546375000
0(
0&
0'
#546405000
1)
#546415000
0)
1'
#546435000
1(
1&
#546445000
0(
0&
0'
#546475000
1)
#546485000
0)
1'
#546505000
1(
1&
#546515000
0(
0&
0'
#546545000
1)
#546555000
0)
1'
#546575000
1(
1&
#546585000
0(
0&
0'
#546615000
1)
#546625000
0)
1'
#546645000
1(
1&
#546655000
0(
0&
0'
#546685000
1)
#546695000
0)
1'
#546715000
1(
1&
#546725000
0(
0&
0'
#546755000
1)
#546765000
0)
1'
#546785000
1(
1&
#546795000
0(
0&
0'
#546825000
1)
#546835000
0)
1'
#546855000
1(
1&
#546865000
0(
0&
0'
#546895000
1)
#546905000
0)
1'
#546925000
1(
1&
#546935000
0(
0&
0'
#546965000
1)
#546975000
0)
1'
#546995000
1(
1&
#547005000
0(
0&
0'
#547035000
1)
#547045000
0)
1'
#547065000
1(
1&
#547075000
0(
0&
0'
#547105000
1)
#547115000
0)
1'
#547135000
1(
1&
#547145000
0(
0&
0'
#547175000
1)
#547185000
0)
1'
#547205000
1(
1&
#547215000
0(
0&
0'
#547245000
1)
#547255000
0)
1'
#547275000
1(
1&
#547285000
0(
0&
0'
#547315000
1)
#547325000
0)
1'
#547345000
1(
1&
#547355000
0(
0&
0'
#547385000
1)
#547395000
0)
1'
#547415000
1(
1&
#547425000
0(
0&
0'
#547455000
1)
#547465000
0)
1'
#547485000
1(
1&
#547495000
0(
0&
0'
#547525000
1)
#547535000
0)
1'
#547555000
1(
1&
#547565000
0(
0&
0'
#547595000
1)
#547605000
0)
1'
#547625000
1(
1&
#547635000
0(
0&
0'
#547665000
1)
#547675000
0)
1'
#547695000
1(
1&
#547705000
0(
0&
0'
#547735000
1)
#547745000
0)
1'
#547765000
1(
1&
#547775000
0(
0&
0'
#547805000
1)
#547815000
0)
1'
#547835000
1(
1&
#547845000
0(
0&
0'
#547875000
1)
#547885000
0)
1'
#547905000
1(
1&
#547915000
0(
0&
0'
#547945000
1)
#547955000
0)
1'
#547975000
1(
1&
#547985000
0(
0&
0'
#548015000
1)
#548025000
0)
1'
#548045000
1(
1&
#548055000
0(
0&
0'
#548085000
1)
#548095000
0)
1'
#548115000
1(
1&
#548125000
0(
0&
0'
#548155000
1)
#548165000
0)
1'
#548185000
1(
1&
#548195000
0(
0&
0'
#548225000
1)
#548235000
0)
1'
#548255000
1(
1&
#548265000
0(
0&
0'
#548295000
1)
#548305000
0)
1'
#548325000
1(
1&
#548335000
0(
0&
0'
#548365000
1)
#548375000
0)
1'
#548395000
1(
1&
#548405000
0(
0&
0'
#548435000
1)
#548445000
0)
1'
#548465000
1(
1&
#548475000
0(
0&
0'
#548505000
1)
#548515000
0)
1'
#548535000
1(
1&
#548545000
0(
0&
0'
#548575000
1)
#548585000
0)
1'
#548605000
1(
1&
#548615000
0(
0&
0'
#548645000
1)
#548655000
0)
1'
#548675000
1(
1&
#548685000
0(
0&
0'
#548715000
1)
#548725000
0)
1'
#548745000
1(
1&
#548755000
0(
0&
0'
#548785000
1)
#548795000
0)
0"
1'
#548805000
0!
#548815000
1*
#549025000
0*
#549030000
0'
#549305000
1!
#549315000
1&
1"
#549335000
1'
#549345000
0&
0'
#549385000
1)
#549395000
0)
1&
#549415000
1'
#549425000
0&
0'
#549465000
1)
#549475000
0)
1&
#549495000
1'
#549505000
0&
0'
#549545000
1)
#549555000
0)
1&
#549575000
1'
#549585000
0&
0'
#549625000
1)
#549635000
0)
1&
#549655000
1'
#549665000
0&
0'
#549705000
1)
#549715000
0)
1&
#549735000
1'
#549745000
0&
0'
#549785000
1)
#549795000
0)
1&
#549815000
1'
#549825000
0&
0'
#549865000
1)
#549875000
0)
1&
#549895000
1'
#549905000
0&
0'
#549945000
1)
#549955000
0)
1&
#549975000
1'
#549985000
0&
0'
#550025000
1)
#550035000
0)
1&
#550055000
1'
#550065000
0&
0'
#550105000
1)
#550115000
0)
1&
#550135000
1'
#550145000
0&
0'
#550185000
1)
#550195000
0)
1&
#550215000
1'
#550225000
0&
0'
#550265000
1)
#550275000
0)
1&
#550295000
1'
#550305000
0&
0'
#550345000
1)
#550355000
0)
1&
#550375000
1'
#550385000
0&
0'
#550425000
1)
#550435000
0)
1&
#550455000
1'
#550465000
0&
0'
#550505000
1)
#550515000
0)
1&
#550535000
1'
#550545000
0&
0'
#550585000
1)
#550595000
0)
1&
#550615000
1'
#550625000
0&
0'
#550665000
1)
#550675000
0)
1&
#550695000
1'
#550705000
0&
0'
#550745000
1)
#550755000
0)
1&
#550775000
1'
#550785000
0&
0'
#550825000
1)
#550835000
0)
1&
#550855000
1'
#550865000
0&
0'
#550905000
1)
#550915000
0)
1&
#550935000
1'
#550945000
0&
0'
#550985000
1)
#550995000
0)
1&
#551015000
1'
#551025000
0&
0'
#551065000
1)
#551075000
0)
1&
#551095000
1'
#551105000
0&
0'
#551145000
1)
#551155000
0)
1&
#551175000
1'
#551185000
0&
0'
#551225000
1)
#551235000
0)
1&
#551255000
1'
#551265000
0&
0'
#551305000
1)
#551315000
0)
1&
#551335000
1'
#551345000
0&
0'
#551385000
1)
#551395000
0)
1&
#551415000
1'
#551425000
0&
0'
#551465000
1)
#551475000
0)
1&
#551495000
1'
#551505000
0&
0'
#551545000
1)
#551555000
0)
1&
#551575000
1'
#551585000
0&
0'
#551625000
1)
#551635000
0)
1&
#551655000
1'
#551665000
0&
0'
#551705000
1)
#551715000
0)
1&
#551735000
1'
#551745000
0&
0'
#551785000
1)
#551795000
0)
1&
#551815000
1'
#551825000
0&
0'
#551865000
1)
#551875000
0)
1&
#551895000
1'
#551905000
0&
0'
#551945000
1)
#551955000
0)
1&
#551975000
1'
#551985000
0&
0'
#552025000
1)
#552035000
0)
1&
#552055000
1'
#552065000
0&
0'
#552105000
1)
#552115000
0)
1&
#552135000
1'
#552145000
0&
0'
#552185000
1)
#552195000
0)
1&
#552215000
1'
#552225000
0&
0'
#552265000
1)
#552275000
0)
1&
#552295000
1'
#552305000
0&
0'
#552345000
1)
#552355000
0)
1&
#552375000
1'
#552385000
0&
0'
#552425000
1)
#552435000
0)
1&
#552455000
1'
#552465000
0&
0'
#552505000
1)
#552515000
0)
1&
#552535000
1'
#552545000
0&
0'
#552585000
1)
#552595000
0)
1&
#552615000
1'
#552625000
0&
0'
#552665000
1)
#552675000
0)
1&
#552695000
1'
#552705000
0&
0'
#552745000
1)
#552755000
0)
1&
#552775000
1'
#552785000
0&
0'
#552825000
1)
#552835000
0)
1&
#552855000
1'
#552865000
0&
0'
#552905000
1)
#552915000
0)
1&
#552935000
1'
#552945000
0&
0'
#552985000
1)
#552995000
0)
1&
#553015000
1'
#553025000
0&
0'
#553065000
1)
#553075000
0)
1&
#553095000
1'
#553105000
0&
0'
#553145000
1)
#553155000
0)
1&
#553175000
1'
#553185000
0&
0'
#553225000
1)
#553235000
0)
1&
#553255000
1'
#553265000
0&
0'
#553305000
1)
#553315000
0)
1&
#553335000
1'
#553345000
0&
0'
#553385000
1)
#553395000
0)
1&
#553415000
1'
#553425000
0&
0'
#553465000
1)
#553475000
0)
1&
#553495000
1'
#553505000
0&
0'
#553545000
1)
#553555000
0)
1&
#553575000
1'
#553585000
0&
0'
#553625000
1)
#553635000
0)
1&
#553655000
1'
#553665000
0&
0'
#553705000
1)
#553715000
0)
1&
#553735000
1'
#553745000
0&
0'
#553785000
1)
#553795000
0)
1&
#553815000
1'
#553825000
0&
0'
#553865000
1)
#553875000
0)
1&
#553895000
1'
#553905000
0&
0'
#553945000
1)
#553955000
0)
1&
#553975000
1'
#553985000
0&
0'
#554025000
1)
#554035000
0)
1&
#554055000
1'
#554065000
0&
0'
#554105000
1)
#554115000
0)
1&
#554135000
1'
#554145000
0&
0'
#554185000
1)
#554195000
0)
1&
#554215000
1'
#554225000
0&
0'
#554265000
1)
#554275000
0)
1&
#554295000
1'
#554305000
0&
0'
#554345000
1)
#554355000
0)
1&
#554375000
1'
#554385000
0&
0'
#554425000
1)
#554435000
0)
1&
#554455000
1'
#554465000
0&
0'
#554505000
1)
#554515000
0)
1&
#554535000
1'
#554545000
0&
0'
#554585000
1)
#554595000
0)
1&
#554615000
1'
#554625000
0&
0'
#554665000
1)
#554675000
0)
1&
#554695000
1'
#554705000
0&
0'
#554745000
1)
#554755000
0)
1&
#554775000
1'
#554785000
0&
0'
#554825000
1)
#554835000
0)
1&
#554855000
1'
#554865000
0&
0'
#554905000
1)
#554915000
0)
1&
#554935000
1'
#554945000
0&
0'
#554985000
1)
#554995000
0)
1&
#555015000
1'
#555025000
0&
0'
#555065000
1)
#555075000
0)
1&
#555095000
1'
#555105000
0&
0'
#555145000
1)
#555155000
0)
1&
#555175000
1'
#555185000
0&
0'
#555225000
1)
#555235000
0)
1&
#555255000
1'
#555265000
0&
0'
#555305000
1)
#555315000
0)
1&
#555335000
1'
#555345000
0&
0'
#555385000
1)
#555395000
0)
1&
#555415000
1'
#555425000
0&
0'
#555465000
1)
#555475000
0)
1&
#555495000
1'
#555505000
0&
0'
#555545000
1)
#555555000
0)
1&
#555575000
1'
#555585000
0&
0'
#555625000
1)
#555635000
0)
1&
#555655000
1'
#555665000
0&
0'
#555705000
1)
#555715000
0)
1&
#555735000
1'
#555745000
0&
0'
#555785000
1)
#555795000
0)
1&
#555815000
1'
#555825000
0&
0'
#555865000
1)
#555875000
0)
1&
#555895000
1'
#555905000
0&
0'
#555945000
1)
#555955000
0)
1&
#555975000
1'
#555985000
0&
0'
#556025000
1)
#556035000
0)
1&
#556055000
1'
#556065000
0&
0'
#556105000
1)
#556115000
0)
1&
#556135000
1'
#556145000
0&
0'
#556185000
1)
#556195000
0)
1&
#556215000
1'
#556225000
0&
0'
#556265000
1)
#556275000
0)
1&
#556295000
1'
#556305000
0&
0'
#556345000
1)
#556355000
0)
0"
#556375000
1&
1"
#556395000
1'
#556405000
0&
0'
#556445000
1)
#556455000
0)
1&
#556475000
1'
#556485000
0&
0'
#556525000
1)
#556535000
0)
1&
#556555000
1'
#556565000
0&
0'
#556605000
1)
#556615000
0)
1&
#556635000
1'
#556645000
0&
0'
#556685000
1)
#556695000
0)
1&
#556715000
1'
#556725000
0&
0'
#556765000
1)
#556775000
0)
1&
#556795000
1'
#556805000
0&
0'
#556845000
1)
#556855000
0)
1&
#556875000
1'
#556885000
0&
0'
#556925000
1)
#556935000
0)
1&
#556955000
1'
#556965000
0&
0'
#557005000
1)
#557015000
0)
1&
#557035000
1'
#557045000
0&
0'
#557085000
1)
#557095000
0)
1&
#557115000
1'
#557125000
0&
0'
#557165000
1)
#557175000
0)
1&
#557195000
1'
#557205000
0&
0'
#557245000
1)
#557255000
0)
1&
#557275000
1'
#557285000
0&
0'
#557325000
1)
#557335000
0)
1&
#557355000
1'
#557365000
0&
0'
#557405000
1)
#557415000
0)
1&
#557435000
1'
#557445000
0&
0'
#557485000
1)
#557495000
0)
1&
#557515000
1'
#557525000
0&
0'
#557565000
1)
#557575000
0)
1&
#557595000
1'
#557605000
0&
0'
#557645000
1)
#557655000
0)
1&
#557675000
1'
#557685000
0&
0'
#557725000
1)
#557735000
0)
1&
#557755000
1'
#557765000
0&
0'
#557805000
1)
#557815000
0)
1&
#557835000
1'
#557845000
0&
0'
#557885000
1)
#557895000
0)
1&
#557915000
1'
#557925000
0&
0'
#557965000
1)
#557975000
0)
1&
#557995000
1'
#558005000
0&
0'
#558045000
1)
#558055000
0)
1&
#558075000
1'
#558085000
0&
0'
#558125000
1)
#558135000
0)
1&
#558155000
1'
#558165000
0&
0'
#558205000
1)
#558215000
0)
1&
#558235000
1'
#558245000
0&
0'
#558285000
1)
#558295000
0)
1&
#558315000
1'
#558325000
0&
0'
#558365000
1)
#558375000
0)
1&
#558395000
1'
#558405000
0&
0'
#558445000
1)
#558455000
0)
1&
#558475000
1'
#558485000
0&
0'
#558525000
1)
#558535000
0)
1&
#558555000
1'
#558565000
0&
0'
#558605000
1)
#558615000
0)
1&
#558635000
1'
#558645000
0&
0'
#558685000
1)
#558695000
0)
1&
#558715000
1'
#558725000
0&
0'
#558765000
1)
#558775000
0)
1&
#558795000
1'
#558805000
0&
0'
#558845000
1)
#558855000
0)
1&
#558875000
1'
#558885000
0&
0'
#558925000
1)
#558935000
0)
1&
#558955000
1'
#558965000
0&
0'
#559005000
1)
#559015000
0)
1&
#559035000
1'
#559045000
0&
0'
#559085000
1)
#559095000
0)
1&
#559115000
1'
#559125000
0&
0'
#559165000
1)
#559175000
0)
1&
#559195000
1'
#559205000
0&
0'
#559245000
1)
#559255000
0)
1&
#559275000
1'
#559285000
0&
0'
#559325000
1)
#559335000
0)
1&
#559355000
1'
#559365000
0&
0'
#559405000
1)
#559415000
0)
1&
#559435000
1'
#559445000
0&
0'
#559485000
1)
#559495000
0)
1&
#559515000
1'
#559525000
0&
0'
#559565000
1)
#559575000
0)
1&
#559595000
1'
#559605000
0&
0'
#559645000
1)
#559655000
0)
1&
#559675000
1'
#559685000
0&
0'
#559725000
1)
#559735000
0)
1&
#559755000
1'
#559765000
0&
0'
#559805000
1)
#559815000
0)
1&
#559835000
1'
#559845000
0&
0'
#559885000
1)
#559895000
0)
1&
#559915000
1'
#559925000
0&
0'
#559965000
1)
#559975000
0)
1&
#559995000
1'
#560005000
0&
0'
#560045000
1)
#560055000
0)
1&
#560075000
1'
#560085000
0&
0'
#560125000
1)
#560135000
0)
1&
#560155000
1'
#560165000
0&
0'
#560205000
1)
#560215000
0)
1&
#560235000
1'
#560245000
0&
0'
#560285000
1)
#560295000
0)
1&
#560315000
1'
#560325000
0&
0'
#560365000
1)
#560375000
0)
1&
#560395000
1'
#560405000
0&
0'
#560445000
1)
#560455000
0)
1&
#560475000
1'
#560485000
0&
0'
#560525000
1)
#560535000
0)
1&
#560555000
1'
#560565000
0&
0'
#560605000
1)
#560615000
0)
1&
#560635000
1'
#560645000
0&
0'
#560685000
1)
#560695000
0)
1&
#560715000
1'
#560725000
0&
0'
#560765000
1)
#560775000
0)
1&
#560795000
1'
#560805000
0&
0'
#560845000
1)
#560855000
0)
1&
#560875000
1'
#560885000
0&
0'
#560925000
1)
#560935000
0)
1&
#560955000
1'
#560965000
0&
0'
#561005000
1)
#561015000
0)
1&
#561035000
1'
#561045000
0&
0'
#561085000
1)
#561095000
0)
1&
#561115000
1'
#561125000
0&
0'
#561165000
1)
#561175000
0)
1&
#561195000
1'
#561205000
0&
0'
#561245000
1)
#561255000
0)
1&
#561275000
1'
#561285000
0&
0'
#561325000
1)
#561335000
0)
1&
#561355000
1'
#561365000
0&
0'
#561405000
1)
#561415000
0)
1&
#561435000
1'
#561445000
0&
0'
#561485000
1)
#561495000
0)
1&
#561515000
1'
#561525000
0&
0'
#561565000
1)
#561575000
0)
1&
#561595000
1'
#561605000
0&
0'
#561645000
1)
#561655000
0)
1&
#561675000
1'
#561685000
0&
0'
#561725000
1)
#561735000
0)
1&
#561755000
1'
#561765000
0&
0'
#561805000
1)
#561815000
0)
1&
#561835000
1'
#561845000
0&
0'
#561885000
1)
#561895000
0)
1&
#561915000
1'
#561925000
0&
0'
#561965000
1)
#561975000
0)
1&
#561995000
1'
#562005000
0&
0'
#562045000
1)
#562055000
0)
1&
#562075000
1'
#562085000
0&
0'
#562125000
1)
#562135000
0)
1&
#562155000
1'
#562165000
0&
0'
#562205000
1)
#562215000
0)
1&
#562235000
1'
#562245000
0&
0'
#562285000
1)
#562295000
0)
1&
#562315000
1'
#562325000
0&
0'
#562365000
1)
#562375000
0)
1&
#562395000
1'
#562405000
0&
0'
#562445000
1)
#562455000
0)
1&
#562475000
1'
#562485000
0&
0'
#562525000
1)
#562535000
0)
1&
#562555000
1'
#562565000
0&
0'
#562605000
1)
#562615000
0)
1&
#562635000
1'
#562645000
0&
0'
#562685000
1)
#562695000
0)
1&
#562715000
1'
#562725000
0&
0'
#562765000
1)
#562775000
0)
1&
#562795000
1'
#562805000
0&
0'
#562845000
1)
#562855000
0)
1&
#562875000
1'
#562885000
0&
0'
#562925000
1)
#562935000
0)
1&
#562955000
1'
#562965000
0&
0'
#563005000
1)
#563015000
0)
1&
#563035000
1'
#563045000
0&
0'
#563085000
1)
#563095000
0)
1&
#563115000
1'
#563125000
0&
0'
#563165000
1)
#563175000
0)
1&
#563195000
1'
#563205000
0&
0'
#563245000
1)
#563255000
0)
1&
#563275000
1'
#563285000
0&
0'
#563325000
1)
#563335000
0)
1&
#563355000
1'
#563365000
0&
0'
#563405000
1)
#563415000
0)
1&
#563435000
1'
#563445000
0&
0'
#563485000
1)
#563495000
0)
1&
#563515000
1'
#563525000
0&
0'
#563565000
1)
#563575000
0)
1&
#563595000
1'
#563605000
0&
0'
#563645000
1)
#563655000
0)
1&
#563675000
1'
#563685000
0&
0'
#563725000
1)
#563735000
0)
1&
#563755000
1'
#563765000
0&
0'
#563805000
1)
#563815000
0)
1&
#563835000
1'
#563845000
0&
0'
#563885000
1)
#563895000
0)
1&
#563915000
1'
#563925000
0&
0'
#563965000
1)
#563975000
0)
1&
#563995000
1'
#564005000
0&
0'
#564045000
1)
#564055000
0)
1&
#564075000
1'
#564085000
0&
0'
#564125000
1)
#564135000
0)
1&
#564155000
1'
#564165000
0&
0'
#564205000
1)
#564215000
0)
1&
#564235000
1'
#564245000
0&
0'
#564285000
1)
#564295000
0)
1&
#564315000
1'
#564325000
0&
0'
#564365000
1)
#564375000
0)
1&
#564395000
1'
#564405000
0&
0'
#564445000
1)
#564455000
0)
1&
#564475000
1'
#564485000
0&
0'
#564525000
1)
#564535000
0)
1&
#564555000
1'
#564565000
0&
0'
#564605000
1)
#564615000
0)
1&
#564635000
1'
#564645000
0&
0'
#564685000
1)
#564695000
0)
1&
#564715000
1'
#564725000
0&
0'
#564765000
1)
#564775000
0)
1&
#564795000
1'
#564805000
0&
0'
#564845000
1)
#564855000
0)
1&
#564875000
1'
#564885000
0&
0'
#564925000
1)
#564935000
0)
1&
#564955000
1'
#564965000
0&
0'
#565005000
1)
#565015000
0)
1&
#565035000
1'
#565045000
0&
0'
#565085000
1)
#565095000
0)
1&
#565115000
1'
#565125000
0&
0'
#565165000
1)
#565175000
0)
1&
#565195000
1'
#565205000
0&
0'
#565245000
1)
#565255000
0)
1&
#565275000
1'
#565285000
0&
0'
#565325000
1)
#565335000
0)
1&
#565355000
1'
#565365000
0&
0'
#565405000
1)
#565415000
0)
1&
#565435000
1'
#565445000
0&
0'
#565485000
1)
#565495000
0)
1&
#565515000
1'
#565525000
0&
0'
#565565000
1)
#565575000
0)
1&
#565595000
1'
#565605000
0&
0'
#565645000
1)
#565655000
0)
1&
#565675000
1'
#565685000
0&
0'
#565725000
1)
#565735000
0)
1&
#565755000
1'
#565765000
0&
0'
#565805000
1)
#565815000
0)
1&
#565835000
1'
#565845000
0&
0'
#565885000
1)
#565895000
0)
1&
#565915000
1'
#565925000
0&
0'
#565965000
1)
#565975000
0)
1&
#565995000
1'
#566005000
0&
0'
#566045000
1)
#566055000
0)
1&
#566075000
1'
#566085000
0&
0'
#566125000
1)
#566135000
0)
1&
#566155000
1'
#566165000
0&
0'
#566205000
1)
#566215000
0)
1&
#566235000
1'
#566245000
0&
0'
#566285000
1)
#566295000
0)
1&
#566315000
1'
#566325000
0&
0'
#566365000
1)
#566375000
0)
1&
#566395000
1'
#566405000
0&
0'
#566445000
1)
#566455000
0)
1&
#566475000
1'
#566485000
0&
0'
#566525000
1)
#566535000
0)
1&
#566555000
1'
#566565000
0&
0'
#566605000
1)
#566615000
0)
1&
#566635000
1'
#566645000
0&
0'
#566685000
1)
#566695000
0)
1&
#566715000
1'
#566725000
0&
0'
#566765000
1)
#566775000
0)
1&
#566795000
1'
#566805000
0&
0'
#566845000
1)
#566855000
0)
1&
#566875000
1'
#566885000
0&
0'
#566925000
1)
#566935000
0)
1&
#566955000
1'
#566965000
0&
0'
#567005000
1)
#567015000
0)
1&
#567035000
1'
#567045000
0&
0'
#567085000
1)
#567095000
0)
1&
#567115000
1'
#567125000
0&
0'
#567165000
1)
#567175000
0)
1&
#567195000
1'
#567205000
0&
0'
#567245000
1)
#567255000
0)
1&
#567275000
1'
#567285000
0&
0'
#567325000
1)
#567335000
0)
1&
#567355000
1'
#567365000
0&
0'
#567405000
1)
#567415000
0)
1&
#567435000
1'
#567445000
0&
0'
#567485000
1)
#567495000
0)
1&
#567515000
1'
#567525000
0&
0'
#567565000
1)
#567575000
0)
1&
#567595000
1'
#567605000
0&
0'
#567645000
1)
#567655000
0)
1&
#567675000
1'
#567685000
0&
0'
#567725000
1)
#567735000
0)
1&
#567755000
1'
#567765000
0&
0'
#567805000
1)
#567815000
0)
1&
#567835000
1'
#567845000
0&
0'
#567885000
1)
#567895000
0)
1&
#567915000
1'
#567925000
0&
0'
#567965000
1)
#567975000
0)
1&
#567995000
1'
#568005000
0&
0'
#568045000
1)
#568055000
0)
1&
#568075000
1'
#568085000
0&
0'
#568125000
1)
#568135000
0)
1&
#568155000
1'
#568165000
0&
0'
#568205000
1)
#568215000
0)
1&
#568235000
1'
#568245000
0&
0'
#568285000
1)
#568295000
0)
1&
#568315000
1'
#568325000
0&
0'
#568365000
1)
#568375000
0)
1&
#568395000
1'
#568405000
0&
0'
#568445000
1)
#568455000
0)
1&
#568475000
1'
#568485000
0&
0'
#568525000
1)
#568535000
0)
1&
#568555000
1'
#568565000
0&
0'
#568605000
1)
#568615000
0)
1&
#568635000
1'
#568645000
0&
0'
#568685000
1)
#568695000
0)
1&
#568715000
1'
#568725000
0&
0'
#568765000
1)
#568775000
0)
1&
#568795000
1'
#568805000
0&
0'
#568845000
1)
#568855000
0)
1&
#568875000
1'
#568885000
0&
0'
#568925000
1)
#568935000
0)
1&
#568955000
1'
#568965000
0&
0'
#569005000
1)
#569015000
0)
1&
#569035000
1'
#569045000
0&
0'
#569085000
1)
#569095000
0)
1&
#569115000
1'
#569125000
0&
0'
#569165000
1)
#569175000
0)
1&
#569195000
1'
#569205000
0&
0'
#569245000
1)
#569255000
0)
1&
#569275000
1'
#569285000
0&
0'
#569325000
1)
#569335000
0)
1&
#569355000
1'
#569365000
0&
0'
#569405000
1)
#569415000
0)
1&
#569435000
1'
#569445000
0&
0'
#569485000
1)
#569495000
0)
1&
#569515000
1'
#569525000
0&
0'
#569565000
1)
#569575000
0)
0"
#569595000
b0 ,
b0 +
1#
#569695000
1$
#569705000
0$
#569785000
1$
#569795000
0$
#569875000
1$
#569885000
0$
#569965000
1$
#569975000
0$
#570055000
1$
#570065000
0$
#570145000
1$
#570155000
0$
#570235000
1$
#570245000
0$
#570325000
1$
#570335000
0$
#570415000
1$
#570425000
0$
#570505000
1$
#570515000
0$
#570595000
1$
#570605000
0$
#570625000
1%
#570635000
b100 ,
#570735000
1$
#570745000
0$
#570785000
0%
#570825000
1$
#570835000
0$
#570915000
1$
#570925000
0$
#571005000
1$
#571015000
0$
#571095000
1$
#571105000
0$
#571185000
1$
#571195000
0$
#571275000
1$
#571285000
0$
#571365000
1$
#571375000
0$
#571455000
1$
#571465000
0$
#571545000
1$
#571555000
0$
#571635000
1$
#571645000
0$
#571665000
1%
#571675000
b1000 ,
#571775000
1$
#571785000
0$
#571825000
0%
#571865000
1$
#571875000
0$
#571955000
1$
#571965000
0$
#572045000
1$
#572055000
0$
#572135000
1$
#572145000
0$
#572225000
1$
#572235000
0$
#572315000
1$
#572325000
0$
#572405000
1$
#572415000
0$
#572495000
1$
#572505000
0$
#572585000
1$
#572595000
0$
#572675000
1$
#572685000
0$
#572705000
1%
#572715000
b1100 ,
#572815000
1$
#572825000
0$
#572865000
0%
#572905000
1$
#572915000
0$
#572995000
1$
#573005000
0$
#573085000
1$
#573095000
0$
#573175000
1$
#573185000
0$
#573265000
1$
#573275000
0$
#573355000
1$
#573365000
0$
#573445000
1$
#573455000
0$
#573535000
1$
#573545000
0$
#573625000
1$
#573635000
0$
#573715000
1$
#573725000
0$
#573745000
1%
#573755000
b0 ,
b100 +
#573855000
1$
#573865000
0$
#573905000
0%
#573945000
1$
#573955000
0$
#574035000
1$
#574045000
0$
#574125000
1$
#574135000
0$
#574215000
1$
#574225000
0$
#574305000
1$
#574315000
0$
#574395000
1$
#574405000
0$
#574485000
1$
#574495000
0$
#574575000
1$
#574585000
0$
#574665000
1$
#574675000
0$
#574755000
1$
#574765000
0$
#574785000
1%
#574795000
b100 ,
#574895000
1$
#574905000
0$
#574945000
0%
#574985000
1$
#574995000
0$
#575075000
1$
#575085000
0$
#575165000
1$
#575175000
0$
#575255000
1$
#575265000
0$
#575345000
1$
#575355000
0$
#575435000
1$
#575445000
0$
#575525000
1$
#575535000
0$
#575615000
1$
#575625000
0$
#575705000
1$
#575715000
0$
#575795000
1$
#575805000
0$
#575825000
1%
#575835000
b1000 ,
#575935000
1$
#575945000
0$
#575985000
0%
#576025000
1$
#576035000
0$
#576115000
1$
#576125000
0$
#576205000
1$
#576215000
0$
#576295000
1$
#576305000
0$
#576385000
1$
#576395000
0$
#576475000
1$
#576485000
0$
#576565000
1$
#576575000
0$
#576655000
1$
#576665000
0$
#576745000
1$
#576755000
0$
#576835000
1$
#576845000
0$
#576865000
1%
#576875000
b1100 ,
#576975000
1$
#576985000
0$
#577025000
0%
#577065000
1$
#577075000
0$
#577155000
1$
#577165000
0$
#577245000
1$
#577255000
0$
#577335000
1$
#577345000
0$
#577425000
1$
#577435000
0$
#577515000
1$
#577525000
0$
#577605000
1$
#577615000
0$
#577695000
1$
#577705000
0$
#577785000
1$
#577795000
0$
#577875000
1$
#577885000
0$
#577905000
1%
#577925000
0#
#578065000
0%
#578085000
1"
#578105000
1(
1&
#578125000
1'
#578135000
0(
0&
0'
#578175000
1)
#578185000
0)
#578205000
1(
1&
#578225000
1'
#578235000
0(
0&
0'
#578275000
1)
#578285000
0)
#578305000
1(
1&
#578325000
1'
#578335000
0(
0&
0'
#578375000
1)
#578385000
0)
#578405000
1(
1&
#578425000
1'
#578435000
0(
0&
0'
#578475000
1)
#578485000
0)
#578505000
1(
1&
#578525000
1'
#578535000
0(
0&
0'
#578575000
1)
#578585000
0)
#578605000
1(
1&
#578625000
1'
#578635000
0(
0&
0'
#578675000
1)
#578685000
0)
#578705000
1(
1&
#578725000
1'
#578735000
0(
0&
0'
#578775000
1)
#578785000
0)
#578805000
1(
1&
#578825000
1'
#578835000
0(
0&
0'
#578875000
1)
#578885000
0)
#578905000
1(
1&
#578925000
1'
#578935000
0(
0&
0'
#578975000
1)
#578985000
0)
#579005000
1(
1&
#579025000
1'
#579035000
0(
0&
0'
#579075000
1)
#579085000
0)
#579105000
1(
1&
#579125000
1'
#579135000
0(
0&
0'
#579175000
1)
#579185000
0)
#579205000
1(
1&
#579225000
1'
#579235000
0(
0&
0'
#579275000
1)
#579285000
0)
#579305000
1(
1&
#579325000
1'
#579335000
0(
0&
0'
#579375000
1)
#579385000
0)
#579405000
1(
1&
#579425000
1'
#579435000
0(
0&
0'
#579475000
1)
#579485000
0)
#579505000
1(
1&
#579525000
1'
#579535000
0(
0&
0'
#579575000
1)
#579585000
0)
#579605000
1(
1&
#579625000
1'
#579635000
0(
0&
0'
#579675000
1)
#579685000
0)
#579705000
1(
1&
#579725000
1'
#579735000
0(
0&
0'
#579775000
1)
#579785000
0)
#579805000
1(
1&
#579825000
1'
#579835000
0(
0&
0'
#579875000
1)
#579885000
0)
#579905000
1(
1&
#579925000
1'
#579935000
0(
0&
0'
#579975000
1)
#579985000
0)
#580005000
1(
1&
#580025000
1'
#580035000
0(
0&
0'
#580075000
1)
#580085000
0)
#580105000
1(
1&
#580125000
1'
#580135000
0(
0&
0'
#580175000
1)
#580185000
0)
#580205000
1(
1&
#580225000
1'
#580235000
0(
0&
0'
#580275000
1)
#580285000
0)
#580305000
1(
1&
#580325000
1'
#580335000
0(
0&
0'
#580375000
1)
#580385000
0)
#580405000
1(
1&
#580425000
1'
#580435000
0(
0&
0'
#580475000
1)
#580485000
0)
#580505000
1(
1&
#580525000
1'
#580535000
0(
0&
0'
#580575000
1)
#580585000
0)
#580605000
1(
1&
#580625000
1'
#580635000
0(
0&
0'
#580675000
1)
#580685000
0)
#580705000
1(
1&
#580725000
1'
#580735000
0(
0&
0'
#580775000
1)
#580785000
0)
#580805000
1(
1&
#580825000
1'
#580835000
0(
0&
0'
#580875000
1)
#580885000
0)
#580905000
1(
1&
#580925000
1'
#580935000
0(
0&
0'
#580975000
1)
#580985000
0)
#581005000
1(
1&
#581025000
1'
#581035000
0(
0&
0'
#581075000
1)
#581085000
0)
#581105000
1(
1&
#581125000
1'
#581135000
0(
0&
0'
#581175000
1)
#581185000
0)
#581205000
1(
1&
#581225000
1'
#581235000
0(
0&
0'
#581275000
1)
#581285000
0)
#581305000
1(
1&
#581325000
1'
#581335000
0(
0&
0'
#581375000
1)
#581385000
0)
#581405000
1(
1&
#581425000
1'
#581435000
0(
0&
0'
#581475000
1)
#581485000
0)
#581505000
1(
1&
#581525000
1'
#581535000
0(
0&
0'
#581575000
1)
#581585000
0)
#581605000
1(
1&
#581625000
1'
#581635000
0(
0&
0'
#581675000
1)
#581685000
0)
#581705000
1(
1&
#581725000
1'
#581735000
0(
0&
0'
#581775000
1)
#581785000
0)
#581805000
1(
1&
#581825000
1'
#581835000
0(
0&
0'
#581875000
1)
#581885000
0)
#581905000
1(
1&
#581925000
1'
#581935000
0(
0&
0'
#581975000
1)
#581985000
0)
#582005000
1(
1&
#582025000
1'
#582035000
0(
0&
0'
#582075000
1)
#582085000
0)
#582105000
1(
1&
#582125000
1'
#582135000
0(
0&
0'
#582175000
1)
#582185000
0)
#582205000
1(
1&
#582225000
1'
#582235000
0(
0&
0'
#582275000
1)
#582285000
0)
#582305000
1(
1&
#582325000
1'
#582335000
0(
0&
0'
#582375000
1)
#582385000
0)
#582405000
1(
1&
#582425000
1'
#582435000
0(
0&
0'
#582475000
1)
#582485000
0)
#582505000
1(
1&
#582525000
1'
#582535000
0(
0&
0'
#582575000
1)
#582585000
0)
#582605000
1(
1&
#582625000
1'
#582635000
0(
0&
0'
#582675000
1)
#582685000
0)
#582705000
1(
1&
#582725000
1'
#582735000
0(
0&
0'
#582775000
1)
#582785000
0)
#582805000
1(
1&
#582825000
1'
#582835000
0(
0&
0'
#582875000
1)
#582885000
0)
#582905000
1(
1&
#582925000
1'
#582935000
0(
0&
0'
#582975000
1)
#582985000
0)
#583005000
1(
1&
#583025000
1'
#583035000
0(
0&
0'
#583075000
1)
#583085000
0)
#583105000
1(
1&
#583125000
1'
#583135000
0(
0&
0'
#583175000
1)
#583185000
0)
#583205000
1(
1&
#583225000
1'
#583235000
0(
0&
0'
#583275000
1)
#583285000
0)
#583305000
1(
1&
#583325000
1'
#583335000
0(
0&
0'
#583375000
1)
#583385000
0)
#583405000
1(
1&
#583425000
1'
#583435000
0(
0&
0'
#583475000
1)
#583485000
0)
#583505000
1(
1&
#583525000
1'
#583535000
0(
0&
0'
#583575000
1)
#583585000
0)
#583605000
1(
1&
#583625000
1'
#583635000
0(
0&
0'
#583675000
1)
#583685000
0)
#583705000
1(
1&
#583725000
1'
#583735000
0(
0&
0'
#583775000
1)
#583785000
0)
#583805000
1(
1&
#583825000
1'
#583835000
0(
0&
0'
#583875000
1)
#583885000
0)
#583905000
1(
1&
#583925000
1'
#583935000
0(
0&
0'
#583975000
1)
#583985000
0)
#584005000
1(
1&
#584025000
1'
#584035000
0(
0&
0'
#584075000
1)
#584085000
0)
#584105000
1(
1&
#584125000
1'
#584135000
0(
0&
0'
#584175000
1)
#584185000
0)
#584205000
1(
1&
#584225000
1'
#584235000
0(
0&
0'
#584275000
1)
#584285000
0)
#584305000
1(
1&
#584325000
1'
#584335000
0(
0&
0'
#584375000
1)
#584385000
0)
#584405000
1(
1&
#584425000
1'
#584435000
0(
0&
0'
#584475000
1)
#584485000
0)
#584505000
1(
1&
#584525000
1'
#584535000
0(
0&
0'
#584575000
1)
#584585000
0)
#584605000
1(
1&
#584625000
1'
#584635000
0(
0&
0'
#584675000
1)
#584685000
0)
#584705000
1(
1&
#584725000
1'
#584735000
0(
0&
0'
#584775000
1)
#584785000
0)
#584805000
1(
1&
#584825000
1'
#584835000
0(
0&
0'
#584875000
1)
#584885000
0)
#584905000
1(
1&
#584925000
1'
#584935000
0(
0&
0'
#584975000
1)
#584985000
0)
#585005000
1(
1&
#585025000
1'
#585035000
0(
0&
0'
#585075000
1)
#585085000
0)
#585105000
1(
1&
#585125000
1'
#585135000
0(
0&
0'
#585175000
1)
#585185000
0)
#585205000
1(
1&
#585225000
1'
#585235000
0(
0&
0'
#585275000
1)
#585285000
0)
#585305000
1(
1&
#585325000
1'
#585335000
0(
0&
0'
#585375000
1)
#585385000
0)
#585405000
1(
1&
#585425000
1'
#585435000
0(
0&
0'
#585475000
1)
#585485000
0)
#585505000
1(
1&
#585525000
1'
#585535000
0(
0&
0'
#585575000
1)
#585585000
0)
#585605000
1(
1&
#585625000
1'
#585635000
0(
0&
0'
#585675000
1)
#585685000
0)
#585705000
1(
1&
#585725000
1'
#585735000
0(
0&
0'
#585775000
1)
#585785000
0)
#585805000
1(
1&
#585825000
1'
#585835000
0(
0&
0'
#585875000
1)
#585885000
0)
#585905000
1(
1&
#585925000
1'
#585935000
0(
0&
0'
#585975000
1)
#585985000
0)
#586005000
1(
1&
#586025000
1'
#586035000
0(
0&
0'
#586075000
1)
#586085000
0)
#586105000
1(
1&
#586125000
1'
#586135000
0(
0&
0'
#586175000
1)
#586185000
0)
#586205000
1(
1&
#586225000
1'
#586235000
0(
0&
0'
#586275000
1)
#586285000
0)
#586305000
1(
1&
#586325000
1'
#586335000
0(
0&
0'
#586375000
1)
#586385000
0)
#586405000
1(
1&
#586425000
1'
#586435000
0(
0&
0'
#586475000
1)
#586485000
0)
#586505000
1(
1&
#586525000
1'
#586535000
0(
0&
0'
#586575000
1)
#586585000
0)
#586605000
1(
1&
#586625000
1'
#586635000
0(
0&
0'
#586675000
1)
#586685000
0)
#586705000
1(
1&
#586725000
1'
#586735000
0(
0&
0'
#586775000
1)
#586785000
0)
#586805000
1(
1&
#586825000
1'
#586835000
0(
0&
0'
#586875000
1)
#586885000
0)
#586905000
1(
1&
#586925000
1'
#586935000
0(
0&
0'
#586975000
1)
#586985000
0)
#587005000
1(
1&
#587025000
1'
#587035000
0(
0&
0'
#587075000
1)
#587085000
0)
#587105000
1(
1&
#587125000
1'
#587135000
0(
0&
0'
#587175000
1)
#587185000
0)
#587205000
1(
1&
#587225000
1'
#587235000
0(
0&
0'
#587275000
1)
#587285000
0)
#587305000
1(
1&
#587325000
1'
#587335000
0(
0&
0'
#587375000
1)
#587385000
0)
#587405000
1(
1&
#587425000
1'
#587435000
0(
0&
0'
#587475000
1)
#587485000
0)
#587505000
1(
1&
#587525000
1'
#587535000
0(
0&
0'
#587575000
1)
#587585000
0)
#587605000
1(
1&
#587625000
1'
#587635000
0(
0&
0'
#587675000
1)
#587685000
0)
#587705000
1(
1&
#587725000
1'
#587735000
0(
0&
0'
#587775000
1)
#587785000
0)
#587805000
1(
1&
#587825000
1'
#587835000
0(
0&
0'
#587875000
1)
#587885000
0)
#587905000
1(
1&
#587925000
1'
#587935000
0(
0&
0'
#587975000
1)
#587985000
0)
#588005000
1(
1&
#588025000
1'
#588035000
0(
0&
0'
#588075000
1)
#588085000
0)
#588105000
1(
1&
#588125000
1'
#588135000
0(
0&
0'
#588175000
1)
#588185000
0)
#588205000
1(
1&
#588225000
1'
#588235000
0(
0&
0'
#588275000
1)
#588285000
0)
#588305000
1(
1&
#588325000
1'
#588335000
0(
0&
0'
#588375000
1)
#588385000
0)
#588405000
1(
1&
#588425000
1'
#588435000
0(
0&
0'
#588475000
1)
#588485000
0)
#588505000
1(
1&
#588525000
1'
#588535000
0(
0&
0'
#588575000
1)
#588585000
0)
#588605000
1(
1&
#588625000
1'
#588635000
0(
0&
0'
#588675000
1)
#588685000
0)
#588705000
1(
1&
#588725000
1'
#588735000
0(
0&
0'
#588775000
1)
#588785000
0)
#588805000
1(
1&
#588825000
1'
#588835000
0(
0&
0'
#588875000
1)
#588885000
0)
#588905000
1(
1&
#588925000
1'
#588935000
0(
0&
0'
#588975000
1)
#588985000
0)
#589005000
1(
1&
#589025000
1'
#589035000
0(
0&
0'
#589075000
1)
#589085000
0)
#589105000
1(
1&
#589125000
1'
#589135000
0(
0&
0'
#589175000
1)
#589185000
0)
#589205000
1(
1&
#589225000
1'
#589235000
0(
0&
0'
#589275000
1)
#589285000
0)
#589305000
1(
1&
#589325000
1'
#589335000
0(
0&
0'
#589375000
1)
#589385000
0)
#589405000
1(
1&
#589425000
1'
#589435000
0(
0&
0'
#589475000
1)
#589485000
0)
#589505000
1(
1&
#589525000
1'
#589535000
0(
0&
0'
#589575000
1)
#589585000
0)
#589605000
1(
1&
#589625000
1'
#589635000
0(
0&
0'
#589675000
1)
#589685000
0)
#589705000
1(
1&
#589725000
1'
#589735000
0(
0&
0'
#589775000
1)
#589785000
0)
#589805000
1(
1&
#589825000
1'
#589835000
0(
0&
0'
#589875000
1)
#589885000
0)
#589905000
1(
1&
#589925000
1'
#589935000
0(
0&
0'
#589975000
1)
#589985000
0)
#590005000
1(
1&
#590025000
1'
#590035000
0(
0&
0'
#590075000
1)
#590085000
0)
0"
#590095000
0!
#590105000
1*
#590315000
0*
#590320000
1'
#590595000
1!
#590605000
1&
1"
#590615000
0&
0'
#590665000
1)
#590675000
0)
1&
1'
#590685000
0&
0'
#590735000
1)
#590745000
0)
1&
1'
#590755000
0&
0'
#590805000
1)
#590815000
0)
1&
1'
#590825000
0&
0'
#590875000
1)
#590885000
0)
1&
1'
#590895000
0&
0'
#590945000
1)
#590955000
0)
1&
1'
#590965000
0&
0'
#591015000
1)
#591025000
0)
1&
1'
#591035000
0&
0'
#591085000
1)
#591095000
0)
1&
1'
#591105000
0&
0'
#591155000
1)
#591165000
0)
1&
1'
#591175000
0&
0'
#591225000
1)
#591235000
0)
1&
1'
#591245000
0&
0'
#591295000
1)
#591305000
0)
1&
1'
#591315000
0&
0'
#591365000
1)
#591375000
0)
1&
1'
#591385000
0&
0'
#591435000
1)
#591445000
0)
1&
1'
#591455000
0&
0'
#591505000
1)
#591515000
0)
1&
1'
#591525000
0&
0'
#591575000
1)
#591585000
0)
1&
1'
#591595000
0&
0'
#591645000
1)
#591655000
0)
1&
1'
#591665000
0&
0'
#591715000
1)
#591725000
0)
1&
1'
#591735000
0&
0'
#591785000
1)
#591795000
0)
1&
1'
#591805000
0&
0'
#591855000
1)
#591865000
0)
1&
1'
#591875000
0&
0'
#591925000
1)
#591935000
0)
1&
1'
#591945000
0&
0'
#591995000
1)
#592005000
0)
1&
1'
#592015000
0&
0'
#592065000
1)
#592075000
0)
1&
1'
#592085000
0&
0'
#592135000
1)
#592145000
0)
1&
1'
#592155000
0&
0'
#592205000
1)
#592215000
0)
1&
1'
#592225000
0&
0'
#592275000
1)
#592285000
0)
1&
1'
#592295000
0&
0'
#592345000
1)
#592355000
0)
1&
1'
#592365000
0&
0'
#592415000
1)
#592425000
0)
1&
1'
#592435000
0&
0'
#592485000
1)
#592495000
0)
1&
1'
#592505000
0&
0'
#592555000
1)
#592565000
0)
1&
1'
#592575000
0&
0'
#592625000
1)
#592635000
0)
1&
1'
#592645000
0&
0'
#592695000
1)
#592705000
0)
1&
1'
#592715000
0&
0'
#592765000
1)
#592775000
0)
1&
1'
#592785000
0&
0'
#592835000
1)
#592845000
0)
1&
1'
#592855000
0&
0'
#592905000
1)
#592915000
0)
1&
1'
#592925000
0&
0'
#592975000
1)
#592985000
0)
1&
1'
#592995000
0&
0'
#593045000
1)
#593055000
0)
1&
1'
#593065000
0&
0'
#593115000
1)
#593125000
0)
1&
1'
#593135000
0&
0'
#593185000
1)
#593195000
0)
1&
1'
#593205000
0&
0'
#593255000
1)
#593265000
0)
1&
1'
#593275000
0&
0'
#593325000
1)
#593335000
0)
1&
1'
#593345000
0&
0'
#593395000
1)
#593405000
0)
1&
1'
#593415000
0&
0'
#593465000
1)
#593475000
0)
1&
1'
#593485000
0&
0'
#593535000
1)
#593545000
0)
1&
1'
#593555000
0&
0'
#593605000
1)
#593615000
0)
1&
1'
#593625000
0&
0'
#593675000
1)
#593685000
0)
1&
1'
#593695000
0&
0'
#593745000
1)
#593755000
0)
1&
1'
#593765000
0&
0'
#593815000
1)
#593825000
0)
1&
1'
#593835000
0&
0'
#593885000
1)
#593895000
0)
1&
1'
#593905000
0&
0'
#593955000
1)
#593965000
0)
1&
1'
#593975000
0&
0'
#594025000
1)
#594035000
0)
1&
1'
#594045000
0&
0'
#594095000
1)
#594105000
0)
1&
1'
#594115000
0&
0'
#594165000
1)
#594175000
0)
1&
1'
#594185000
0&
0'
#594235000
1)
#594245000
0)
1&
1'
#594255000
0&
0'
#594305000
1)
#594315000
0)
1&
1'
#594325000
0&
0'
#594375000
1)
#594385000
0)
1&
1'
#594395000
0&
0'
#594445000
1)
#594455000
0)
1&
1'
#594465000
0&
0'
#594515000
1)
#594525000
0)
1&
1'
#594535000
0&
0'
#594585000
1)
#594595000
0)
1&
1'
#594605000
0&
0'
#594655000
1)
#594665000
0)
1&
1'
#594675000
0&
0'
#594725000
1)
#594735000
0)
1&
1'
#594745000
0&
0'
#594795000
1)
#594805000
0)
1&
1'
#594815000
0&
0'
#594865000
1)
#594875000
0)
1&
1'
#594885000
0&
0'
#594935000
1)
#594945000
0)
1&
1'
#594955000
0&
0'
#595005000
1)
#595015000
0)
1&
1'
#595025000
0&
0'
#595075000
1)
#595085000
0)
1&
1'
#595095000
0&
0'
#595145000
1)
#595155000
0)
1&
1'
#595165000
0&
0'
#595215000
1)
#595225000
0)
1&
1'
#595235000
0&
0'
#595285000
1)
#595295000
0)
1&
1'
#595305000
0&
0'
#595355000
1)
#595365000
0)
1&
1'
#595375000
0&
0'
#595425000
1)
#595435000
0)
1&
1'
#595445000
0&
0'
#595495000
1)
#595505000
0)
1&
1'
#595515000
0&
0'
#595565000
1)
#595575000
0)
1&
1'
#595585000
0&
0'
#595635000
1)
#595645000
0)
1&
1'
#595655000
0&
0'
#595705000
1)
#595715000
0)
1&
1'
#595725000
0&
0'
#595775000
1)
#595785000
0)
1&
1'
#595795000
0&
0'
#595845000
1)
#595855000
0)
1&
1'
#595865000
0&
0'
#595915000
1)
#595925000
0)
1&
1'
#595935000
0&
0'
#595985000
1)
#595995000
0)
1&
1'
#596005000
0&
0'
#596055000
1)
#596065000
0)
1&
1'
#596075000
0&
0'
#596125000
1)
#596135000
0)
1&
1'
#596145000
0&
0'
#596195000
1)
#596205000
0)
1&
1'
#596215000
0&
0'
#596265000
1)
#596275000
0)
1&
1'
#596285000
0&
0'
#596335000
1)
#596345000
0)
1&
1'
#596355000
0&
0'
#596405000
1)
#596415000
0)
1&
1'
#596425000
0&
0'
#596475000
1)
#596485000
0)
1&
1'
#596495000
0&
0'
#596545000
1)
#596555000
0)
1&
1'
#596565000
0&
0'
#596615000
1)
#596625000
0)
1&
1'
#596635000
0&
0'
#596685000
1)
#596695000
0)
1&
1'
#596705000
0&
0'
#596755000
1)
#596765000
0)
1&
1'
#596775000
0&
0'
#596825000
1)
#596835000
0)
1&
1'
#596845000
0&
0'
#596895000
1)
#596905000
0)
1&
1'
#596915000
0&
0'
#596965000
1)
#596975000
0)
1&
1'
#596985000
0&
0'
#597035000
1)
#597045000
0)
1&
1'
#597055000
0&
0'
#597105000
1)
#597115000
0)
1&
1'
#597125000
0&
0'
#597175000
1)
#597185000
0)
1&
1'
#597195000
0&
0'
#597245000
1)
#597255000
0)
1&
1'
#597265000
0&
0'
#597315000
1)
#597325000
0)
1&
1'
#597335000
0&
0'
#597385000
1)
#597395000
0)
1&
1'
#597405000
0&
0'
#597455000
1)
#597465000
0)
1&
1'
#597475000
0&
0'
#597525000
1)
#597535000
0)
1&
1'
#597545000
0&
0'
#597595000
1)
#597605000
0)
1&
1'
#597615000
0&
0'
#597665000
1)
#597675000
0)
1&
1'
#597685000
0&
0'
#597735000
1)
#597745000
0)
1&
1'
#597755000
0&
0'
#597805000
1)
#597815000
0)
1&
1'
#597825000
0&
0'
#597875000
1)
#597885000
0)
1&
1'
#597895000
0&
0'
#597945000
1)
#597955000
0)
1&
1'
#597965000
0&
0'
#598015000
1)
#598025000
0)
1&
1'
#598035000
0&
0'
#598085000
1)
#598095000
0)
1&
1'
#598105000
0&
0'
#598155000
1)
#598165000
0)
1&
1'
#598175000
0&
0'
#598225000
1)
#598235000
0)
1&
1'
#598245000
0&
0'
#598295000
1)
#598305000
0)
1&
1'
#598315000
0&
0'
#598365000
1)
#598375000
0)
1&
1'
#598385000
0&
0'
#598435000
1)
#598445000
0)
0"
1'
#598465000
1&
1"
#598475000
0&
0'
#598525000
1)
#598535000
0)
1&
1'
#598545000
0&
0'
#598595000
1)
#598605000
0)
1&
1'
#598615000
0&
0'
#598665000
1)
#598675000
0)
1&
1'
#598685000
0&
0'
#598735000
1)
#598745000
0)
1&
1'
#598755000
0&
0'
#598805000
1)
#598815000
0)
1&
1'
#598825000
0&
0'
#598875000
1)
#598885000
0)
1&
1'
#598895000
0&
0'
#598945000
1)
#598955000
0)
1&
1'
#598965000
0&
0'
#599015000
1)
#599025000
0)
1&
1'
#599035000
0&
0'
#599085000
1)
#599095000
0)
1&
1'
#599105000
0&
0'
#599155000
1)
#599165000
0)
1&
1'
#599175000
0&
0'
#599225000
1)
#599235000
0)
1&
1'
#599245000
0&
0'
#599295000
1)
#599305000
0)
1&
1'
#599315000
0&
0'
#599365000
1)
#599375000
0)
1&
1'
#599385000
0&
0'
#599435000
1)
#599445000
0)
1&
1'
#599455000
0&
0'
#599505000
1)
#599515000
0)
1&
1'
#599525000
0&
0'
#599575000
1)
#599585000
0)
0"
1'
#599605000
b0 ,
b0 +
1#
#599705000
1$
#599715000
0$
#599795000
1$
#599805000
0$
#599885000
1$
#599895000
0$
#599975000
1$
#599985000
0$
#600065000
1$
#600075000
0$
#600155000
1$
#600165000
0$
#600245000
1$
#600255000
0$
#600335000
1$
#600345000
0$
#600365000
1%
#600375000
b100 +
#600475000
1$
#600485000
0$
#600525000
0%
#600565000
1$
#600575000
0$
#600655000
1$
#600665000
0$
#600745000
1$
#600755000
0$
#600835000
1$
#600845000
0$
#600925000
1$
#600935000
0$
#601015000
1$
#601025000
0$
#601105000
1$
#601115000
0$
#601135000
1%
#601145000
b1000 +
#601245000
1$
#601255000
0$
#601295000
0%
#601335000
1$
#601345000
0$
#601425000
1$
#601435000
0$
#601515000
1$
#601525000
0$
#601605000
1$
#601615000
0$
#601695000
1$
#601705000
0$
#601785000
1$
#601795000
0$
#601875000
1$
#601885000
0$
#601905000
1%
#601915000
b1100 +
#602015000
1$
#602025000
0$
#602065000
0%
#602105000
1$
#602115000
0$
#602195000
1$
#602205000
0$
#602285000
1$
#602295000
0$
#602375000
1$
#602385000
0$
#602465000
1$
#602475000
0$
#602555000
1$
#602565000
0$
#602645000
1$
#602655000
0$
#602675000
1%
#602695000
0#
#602835000
0%
#602855000
1"
#602875000
1(
1&
#602885000
0(
0&
0'
#602935000
1)
#602945000
0)
1'
#602965000
1(
1&
#602975000
0(
0&
0'
#603025000
1)
#603035000
0)
1'
#603055000
1(
1&
#603065000
0(
0&
0'
#603115000
1)
#603125000
0)
1'
#603145000
1(
1&
#603155000
0(
0&
0'
#603205000
1)
#603215000
0)
1'
#603235000
1(
1&
#603245000
0(
0&
0'
#603295000
1)
#603305000
0)
1'
#603325000
1(
1&
#603335000
0(
0&
0'
#603385000
1)
#603395000
0)
1'
#603415000
1(
1&
#603425000
0(
0&
0'
#603475000
1)
#603485000
0)
1'
#603505000
1(
1&
#603515000
0(
0&
0'
#603565000
1)
#603575000
0)
1'
#603595000
1(
1&
#603605000
0(
0&
0'
#603655000
1)
#603665000
0)
1'
#603685000
1(
1&
#603695000
0(
0&
0'
#603745000
1)
#603755000
0)
1'
#603775000
1(
1&
#603785000
0(
0&
0'
#603835000
1)
#603845000
0)
1'
#603865000
1(
1&
#603875000
0(
0&
0'
#603925000
1)
#603935000
0)
1'
#603955000
1(
1&
#603965000
0(
0&
0'
#604015000
1)
#604025000
0)
1'
#604045000
1(
1&
#604055000
0(
0&
0'
#604105000
1)
#604115000
0)
1'
#604135000
1(
1&
#604145000
0(
0&
0'
#604195000
1)
#604205000
0)
1'
#604225000
1(
1&
#604235000
0(
0&
0'
#604285000
1)
#604295000
0)
1'
#604315000
1(
1&
#604325000
0(
0&
0'
#604375000
1)
#604385000
0)
1'
#604405000
1(
1&
#604415000
0(
0&
0'
#604465000
1)
#604475000
0)
1'
#604495000
1(
1&
#604505000
0(
0&
0'
#604555000
1)
#604565000
0)
1'
#604585000
1(
1&
#604595000
0(
0&
0'
#604645000
1)
#604655000
0)
1'
#604675000
1(
1&
#604685000
0(
0&
0'
#604735000
1)
#604745000
0)
1'
#604765000
1(
1&
#604775000
0(
0&
0'
#604825000
1)
#604835000
0)
1'
#604855000
1(
1&
#604865000
0(
0&
0'
#604915000
1)
#604925000
0)
1'
#604945000
1(
1&
#604955000
0(
0&
0'
#605005000
1)
#605015000
0)
1'
#605035000
1(
1&
#605045000
0(
0&
0'
#605095000
1)
#605105000
0)
1'
#605125000
1(
1&
#605135000
0(
0&
0'
#605185000
1)
#605195000
0)
1'
#605215000
1(
1&
#605225000
0(
0&
0'
#605275000
1)
#605285000
0)
1'
#605305000
1(
1&
#605315000
0(
0&
0'
#605365000
1)
#605375000
0)
0"
1'
#605385000
0!
#605395000
1*
#605605000
0*
#605610000
0'
#605885000
1!
#605895000
1&
1"
#605905000
1'
#605915000
0&
0'
#605925000
1)
#605935000
0)
1&
#605945000
1'
#605955000
0&
0'
#605965000
1)
#605975000
0)
1&
#605985000
1'
#605995000
0&
0'
#606005000
1)
#606015000
0)
1&
#606025000
1'
#606035000
0&
0'
#606045000
1)
#606055000
0)
1&
#606065000
1'
#606075000
0&
0'
#606085000
1)
#606095000
0)
1&
#606105000
1'
#606115000
0&
0'
#606125000
1)
#606135000
0)
1&
#606145000
1'
#606155000
0&
0'
#606165000
1)
#606175000
0)
1&
#606185000
1'
#606195000
0&
0'
#606205000
1)
#606215000
0)
1&
#606225000
1'
#606235000
0&
0'
#606245000
1)
#606255000
0)
1&
#606265000
1'
#606275000
0&
0'
#606285000
1)
#606295000
0)
1&
#606305000
1'
#606315000
0&
0'
#606325000
1)
#606335000
0)
1&
#606345000
1'
#606355000
0&
0'
#606365000
1)
#606375000
0)
1&
#606385000
1'
#606395000
0&
0'
#606405000
1)
#606415000
0)
1&
#606425000
1'
#606435000
0&
0'
#606445000
1)
#606455000
0)
1&
#606465000
1'
#606475000
0&
0'
#606485000
1)
#606495000
0)
1&
#606505000
1'
#606515000
0&
0'
#606525000
1)
#606535000
0)
1&
#606545000
1'
#606555000
0&
0'
#606565000
1)
#606575000
0)
1&
#606585000
1'
#606595000
0&
0'
#606605000
1)
#606615000
0)
1&
#606625000
1'
#606635000
0&
0'
#606645000
1)
#606655000
0)
1&
#606665000
1'
#606675000
0&
0'
#606685000
1)
#606695000
0)
1&
#606705000
1'
#606715000
0&
0'
#606725000
1)
#606735000
0)
1&
#606745000
1'
#606755000
0&
0'
#606765000
1)
#606775000
0)
1&
#606785000
1'
#606795000
0&
0'
#606805000
1)
#606815000
0)
1&
#606825000
1'
#606835000
0&
0'
#606845000
1)
#606855000
0)
1&
#606865000
1'
#606875000
0&
0'
#606885000
1)
#606895000
0)
1&
#606905000
1'
#606915000
0&
0'
#606925000
1)
#606935000
0)
1&
#606945000
1'
#606955000
0&
0'
#606965000
1)
#606975000
0)
1&
#606985000
1'
#606995000
0&
0'
#607005000
1)
#607015000
0)
1&
#607025000
1'
#607035000
0&
0'
#607045000
1)
#607055000
0)
1&
#607065000
1'
#607075000
0&
0'
#607085000
1)
#607095000
0)
1&
#607105000
1'
#607115000
0&
0'
#607125000
1)
#607135000
0)
1&
#607145000
1'
#607155000
0&
0'
#607165000
1)
#607175000
0)
1&
#607185000
1'
#607195000
0&
0'
#607205000
1)
#607215000
0)
1&
#607225000
1'
#607235000
0&
0'
#607245000
1)
#607255000
0)
1&
#607265000
1'
#607275000
0&
0'
#607285000
1)
#607295000
0)
1&
#607305000
1'
#607315000
0&
0'
#607325000
1)
#607335000
0)
1&
#607345000
1'
#607355000
0&
0'
#607365000
1)
#607375000
0)
1&
#607385000
1'
#607395000
0&
0'
#607405000
1)
#607415000
0)
1&
#607425000
1'
#607435000
0&
0'
#607445000
1)
#607455000
0)
1&
#607465000
1'
#607475000
0&
0'
#607485000
1)
#607495000
0)
1&
#607505000
1'
#607515000
0&
0'
#607525000
1)
#607535000
0)
1&
#607545000
1'
#607555000
0&
0'
#607565000
1)
#607575000
0)
1&
#607585000
1'
#607595000
0&
0'
#607605000
1)
#607615000
0)
1&
#607625000
1'
#607635000
0&
0'
#607645000
1)
#607655000
0)
1&
#607665000
1'
#607675000
0&
0'
#607685000
1)
#607695000
0)
1&
#607705000
1'
#607715000
0&
0'
#607725000
1)
#607735000
0)
1&
#607745000
1'
#607755000
0&
0'
#607765000
1)
#607775000
0)
1&
#607785000
1'
#607795000
0&
0'
#607805000
1)
#607815000
0)
1&
#607825000
1'
#607835000
0&
0'
#607845000
1)
#607855000
0)
1&
#607865000
1'
#607875000
0&
0'
#607885000
1)
#607895000
0)
1&
#607905000
1'
#607915000
0&
0'
#607925000
1)
#607935000
0)
1&
#607945000
1'
#607955000
0&
0'
#607965000
1)
#607975000
0)
1&
#607985000
1'
#607995000
0&
0'
#608005000
1)
#608015000
0)
1&
#608025000
1'
#608035000
0&
0'
#608045000
1)
#608055000
0)
1&
#608065000
1'
#608075000
0&
0'
#608085000
1)
#608095000
0)
1&
#608105000
1'
#608115000
0&
0'
#608125000
1)
#608135000
0)
1&
#608145000
1'
#608155000
0&
0'
#608165000
1)
#608175000
0)
1&
#608185000
1'
#608195000
0&
0'
#608205000
1)
#608215000
0)
1&
#608225000
1'
#608235000
0&
0'
#608245000
1)
#608255000
0)
1&
#608265000
1'
#608275000
0&
0'
#608285000
1)
#608295000
0)
1&
#608305000
1'
#608315000
0&
0'
#608325000
1)
#608335000
0)
1&
#608345000
1'
#608355000
0&
0'
#608365000
1)
#608375000
0)
1&
#608385000
1'
#608395000
0&
0'
#608405000
1)
#608415000
0)
1&
#608425000
1'
#608435000
0&
0'
#608445000
1)
#608455000
0)
1&
#608465000
1'
#608475000
0&
0'
#608485000
1)
#608495000
0)
1&
#608505000
1'
#608515000
0&
0'
#608525000
1)
#608535000
0)
1&
#608545000
1'
#608555000
0&
0'
#608565000
1)
#608575000
0)
1&
#608585000
1'
#608595000
0&
0'
#608605000
1)
#608615000
0)
1&
#608625000
1'
#608635000
0&
0'
#608645000
1)
#608655000
0)
1&
#608665000
1'
#608675000
0&
0'
#608685000
1)
#608695000
0)
1&
#608705000
1'
#608715000
0&
0'
#608725000
1)
#608735000
0)
1&
#608745000
1'
#608755000
0&
0'
#608765000
1)
#608775000
0)
1&
#608785000
1'
#608795000
0&
0'
#608805000
1)
#608815000
0)
1&
#608825000
1'
#608835000
0&
0'
#608845000
1)
#608855000
0)
1&
#608865000
1'
#608875000
0&
0'
#608885000
1)
#608895000
0)
0"
#608915000
1&
1"
#608925000
1'
#608935000
0&
0'
#608945000
1)
#608955000
0)
1&
#608965000
1'
#608975000
0&
0'
#608985000
1)
#608995000
0)
1&
#609005000
1'
#609015000
0&
0'
#609025000
1)
#609035000
0)
1&
#609045000
1'
#609055000
0&
0'
#609065000
1)
#609075000
0)
1&
#609085000
1'
#609095000
0&
0'
#609105000
1)
#609115000
0)
1&
#609125000
1'
#609135000
0&
0'
#609145000
1)
#609155000
0)
1&
#609165000
1'
#609175000
0&
0'
#609185000
1)
#609195000
0)
1&
#609205000
1'
#609215000
0&
0'
#609225000
1)
#609235000
0)
1&
#609245000
1'
#609255000
0&
0'
#609265000
1)
#609275000
0)
1&
#609285000
1'
#609295000
0&
0'
#609305000
1)
#609315000
0)
1&
#609325000
1'
#609335000
0&
0'
#609345000
1)
#609355000
0)
1&
#609365000
1'
#609375000
0&
0'
#609385000
1)
#609395000
0)
1&
#609405000
1'
#609415000
0&
0'
#609425000
1)
#609435000
0)
1&
#609445000
1'
#609455000
0&
0'
#609465000
1)
#609475000
0)
1&
#609485000
1'
#609495000
0&
0'
#609505000
1)
#609515000
0)
1&
#609525000
1'
#609535000
0&
0'
#609545000
1)
#609555000
0)
1&
#609565000
1'
#609575000
0&
0'
#609585000
1)
#609595000
0)
1&
#609605000
1'
#609615000
0&
0'
#609625000
1)
#609635000
0)
1&
#609645000
1'
#609655000
0&
0'
#609665000
1)
#609675000
0)
1&
#609685000
1'
#609695000
0&
0'
#609705000
1)
#609715000
0)
1&
#609725000
1'
#609735000
0&
0'
#609745000
1)
#609755000
0)
1&
#609765000
1'
#609775000
0&
0'
#609785000
1)
#609795000
0)
1&
#609805000
1'
#609815000
0&
0'
#609825000
1)
#609835000
0)
1&
#609845000
1'
#609855000
0&
0'
#609865000
1)
#609875000
0)
1&
#609885000
1'
#609895000
0&
0'
#609905000
1)
#609915000
0)
1&
#609925000
1'
#609935000
0&
0'
#609945000
1)
#609955000
0)
1&
#609965000
1'
#609975000
0&
0'
#609985000
1)
#609995000
0)
1&
#610005000
1'
#610015000
0&
0'
#610025000
1)
#610035000
0)
1&
#610045000
1'
#610055000
0&
0'
#610065000
1)
#610075000
0)
1&
#610085000
1'
#610095000
0&
0'
#610105000
1)
#610115000
0)
1&
#610125000
1'
#610135000
0&
0'
#610145000
1)
#610155000
0)
1&
#610165000
1'
#610175000
0&
0'
#610185000
1)
#610195000
0)
1&
#610205000
1'
#610215000
0&
0'
#610225000
1)
#610235000
0)
1&
#610245000
1'
#610255000
0&
0'
#610265000
1)
#610275000
0)
1&
#610285000
1'
#610295000
0&
0'
#610305000
1)
#610315000
0)
1&
#610325000
1'
#610335000
0&
0'
#610345000
1)
#610355000
0)
1&
#610365000
1'
#610375000
0&
0'
#610385000
1)
#610395000
0)
1&
#610405000
1'
#610415000
0&
0'
#610425000
1)
#610435000
0)
1&
#610445000
1'
#610455000
0&
0'
#610465000
1)
#610475000
0)
1&
#610485000
1'
#610495000
0&
0'
#610505000
1)
#610515000
0)
1&
#610525000
1'
#610535000
0&
0'
#610545000
1)
#610555000
0)
1&
#610565000
1'
#610575000
0&
0'
#610585000
1)
#610595000
0)
1&
#610605000
1'
#610615000
0&
0'
#610625000
1)
#610635000
0)
1&
#610645000
1'
#610655000
0&
0'
#610665000
1)
#610675000
0)
1&
#610685000
1'
#610695000
0&
0'
#610705000
1)
#610715000
0)
1&
#610725000
1'
#610735000
0&
0'
#610745000
1)
#610755000
0)
1&
#610765000
1'
#610775000
0&
0'
#610785000
1)
#610795000
0)
1&
#610805000
1'
#610815000
0&
0'
#610825000
1)
#610835000
0)
1&
#610845000
1'
#610855000
0&
0'
#610865000
1)
#610875000
0)
1&
#610885000
1'
#610895000
0&
0'
#610905000
1)
#610915000
0)
1&
#610925000
1'
#610935000
0&
0'
#610945000
1)
#610955000
0)
1&
#610965000
1'
#610975000
0&
0'
#610985000
1)
#610995000
0)
1&
#611005000
1'
#611015000
0&
0'
#611025000
1)
#611035000
0)
1&
#611045000
1'
#611055000
0&
0'
#611065000
1)
#611075000
0)
1&
#611085000
1'
#611095000
0&
0'
#611105000
1)
#611115000
0)
1&
#611125000
1'
#611135000
0&
0'
#611145000
1)
#611155000
0)
1&
#611165000
1'
#611175000
0&
0'
#611185000
1)
#611195000
0)
1&
#611205000
1'
#611215000
0&
0'
#611225000
1)
#611235000
0)
1&
#611245000
1'
#611255000
0&
0'
#611265000
1)
#611275000
0)
1&
#611285000
1'
#611295000
0&
0'
#611305000
1)
#611315000
0)
1&
#611325000
1'
#611335000
0&
0'
#611345000
1)
#611355000
0)
1&
#611365000
1'
#611375000
0&
0'
#611385000
1)
#611395000
0)
1&
#611405000
1'
#611415000
0&
0'
#611425000
1)
#611435000
0)
1&
#611445000
1'
#611455000
0&
0'
#611465000
1)
#611475000
0)
1&
#611485000
1'
#611495000
0&
0'
#611505000
1)
#611515000
0)
1&
#611525000
1'
#611535000
0&
0'
#611545000
1)
#611555000
0)
1&
#611565000
1'
#611575000
0&
0'
#611585000
1)
#611595000
0)
1&
#611605000
1'
#611615000
0&
0'
#611625000
1)
#611635000
0)
1&
#611645000
1'
#611655000
0&
0'
#611665000
1)
#611675000
0)
1&
#611685000
1'
#611695000
0&
0'
#611705000
1)
#611715000
0)
1&
#611725000
1'
#611735000
0&
0'
#611745000
1)
#611755000
0)
1&
#611765000
1'
#611775000
0&
0'
#611785000
1)
#611795000
0)
1&
#611805000
1'
#611815000
0&
0'
#611825000
1)
#611835000
0)
1&
#611845000
1'
#611855000
0&
0'
#611865000
1)
#611875000
0)
1&
#611885000
1'
#611895000
0&
0'
#611905000
1)
#611915000
0)
1&
#611925000
1'
#611935000
0&
0'
#611945000
1)
#611955000
0)
1&
#611965000
1'
#611975000
0&
0'
#611985000
1)
#611995000
0)
1&
#612005000
1'
#612015000
0&
0'
#612025000
1)
#612035000
0)
1&
#612045000
1'
#612055000
0&
0'
#612065000
1)
#612075000
0)
1&
#612085000
1'
#612095000
0&
0'
#612105000
1)
#612115000
0)
1&
#612125000
1'
#612135000
0&
0'
#612145000
1)
#612155000
0)
1&
#612165000
1'
#612175000
0&
0'
#612185000
1)
#612195000
0)
1&
#612205000
1'
#612215000
0&
0'
#612225000
1)
#612235000
0)
1&
#612245000
1'
#612255000
0&
0'
#612265000
1)
#612275000
0)
1&
#612285000
1'
#612295000
0&
0'
#612305000
1)
#612315000
0)
1&
#612325000
1'
#612335000
0&
0'
#612345000
1)
#612355000
0)
1&
#612365000
1'
#612375000
0&
0'
#612385000
1)
#612395000
0)
1&
#612405000
1'
#612415000
0&
0'
#612425000
1)
#612435000
0)
1&
#612445000
1'
#612455000
0&
0'
#612465000
1)
#612475000
0)
1&
#612485000
1'
#612495000
0&
0'
#612505000
1)
#612515000
0)
1&
#612525000
1'
#612535000
0&
0'
#612545000
1)
#612555000
0)
1&
#612565000
1'
#612575000
0&
0'
#612585000
1)
#612595000
0)
1&
#612605000
1'
#612615000
0&
0'
#612625000
1)
#612635000
0)
1&
#612645000
1'
#612655000
0&
0'
#612665000
1)
#612675000
0)
1&
#612685000
1'
#612695000
0&
0'
#612705000
1)
#612715000
0)
1&
#612725000
1'
#612735000
0&
0'
#612745000
1)
#612755000
0)
1&
#612765000
1'
#612775000
0&
0'
#612785000
1)
#612795000
0)
1&
#612805000
1'
#612815000
0&
0'
#612825000
1)
#612835000
0)
1&
#612845000
1'
#612855000
0&
0'
#612865000
1)
#612875000
0)
1&
#612885000
1'
#612895000
0&
0'
#612905000
1)
#612915000
0)
1&
#612925000
1'
#612935000
0&
0'
#612945000
1)
#612955000
0)
1&
#612965000
1'
#612975000
0&
0'
#612985000
1)
#612995000
0)
1&
#613005000
1'
#613015000
0&
0'
#613025000
1)
#613035000
0)
1&
#613045000
1'
#613055000
0&
0'
#613065000
1)
#613075000
0)
1&
#613085000
1'
#613095000
0&
0'
#613105000
1)
#613115000
0)
0"
#613135000
b0 +
1#
#613235000
1$
#613245000
0$
#613325000
1$
#613335000
0$
#613415000
1$
#613425000
0$
#613505000
1$
#613515000
0$
#613595000
1$
#613605000
0$
#613685000
1$
#613695000
0$
#613775000
1$
#613785000
0$
#613865000
1$
#613875000
0$
#613955000
1$
#613965000
0$
#614045000
1$
#614055000
0$
#614135000
1$
#614145000
0$
#614225000
1$
#614235000
0$
#614315000
1$
#614325000
0$
#614405000
1$
#614415000
0$
#614495000
1$
#614505000
0$
#614525000
1%
#614535000
b100 ,
#614635000
1$
#614645000
0$
#614685000
0%
#614725000
1$
#614735000
0$
#614815000
1$
#614825000
0$
#614905000
1$
#614915000
0$
#614995000
1$
#615005000
0$
#615085000
1$
#615095000
0$
#615175000
1$
#615185000
0$
#615265000
1$
#615275000
0$
#615355000
1$
#615365000
0$
#615445000
1$
#615455000
0$
#615535000
1$
#615545000
0$
#615625000
1$
#615635000
0$
#615715000
1$
#615725000
0$
#615805000
1$
#615815000
0$
#615895000
1$
#615905000
0$
#615925000
1%
#615935000
b0 ,
b100 +
#616035000
1$
#616045000
0$
#616085000
0%
#616125000
1$
#616135000
0$
#616215000
1$
#616225000
0$
#616305000
1$
#616315000
0$
#616395000
1$
#616405000
0$
#616485000
1$
#616495000
0$
#616575000
1$
#616585000
0$
#616665000
1$
#616675000
0$
#616755000
1$
#616765000
0$
#616845000
1$
#616855000
0$
#616935000
1$
#616945000
0$
#617025000
1$
#617035000
0$
#617115000
1$
#617125000
0$
#617205000
1$
#617215000
0$
#617295000
1$
#617305000
0$
#617325000
1%
#617335000
b100 ,
#617435000
1$
#617445000
0$
#617485000
0%
#617525000
1$
#617535000
0$
#617615000
1$
#617625000
0$
#617705000
1$
#617715000
0$
#617795000
1$
#617805000
0$
#617885000
1$
#617895000
0$
#617975000
1$
#617985000
0$
#618065000
1$
#618075000
0$
#618155000
1$
#618165000
0$
#618245000
1$
#618255000
0$
#618335000
1$
#618345000
0$
#618425000
1$
#618435000
0$
#618515000
1$
#618525000
0$
#618605000
1$
#618615000
0$
#618695000
1$
#618705000
0$
#618725000
1%
#618745000
0#
#618885000
0%
#618905000
1"
#618925000
1(
1&
#618935000
1'
#618945000
0(
0&
0'
#618955000
1)
#618965000
0)
#618985000
1(
1&
#618995000
1'
#619005000
0(
0&
0'
#619015000
1)
#619025000
0)
#619045000
1(
1&
#619055000
1'
#619065000
0(
0&
0'
#619075000
1)
#619085000
0)
#619105000
1(
1&
#619115000
1'
#619125000
0(
0&
0'
#619135000
1)
#619145000
0)
#619165000
1(
1&
#619175000
1'
#619185000
0(
0&
0'
#619195000
1)
#619205000
0)
#619225000
1(
1&
#619235000
1'
#619245000
0(
0&
0'
#619255000
1)
#619265000
0)
#619285000
1(
1&
#619295000
1'
#619305000
0(
0&
0'
#619315000
1)
#619325000
0)
#619345000
1(
1&
#619355000
1'
#619365000
0(
0&
0'
#619375000
1)
#619385000
0)
#619405000
1(
1&
#619415000
1'
#619425000
0(
0&
0'
#619435000
1)
#619445000
0)
#619465000
1(
1&
#619475000
1'
#619485000
0(
0&
0'
#619495000
1)
#619505000
0)
#619525000
1(
1&
#619535000
1'
#619545000
0(
0&
0'
#619555000
1)
#619565000
0)
#619585000
1(
1&
#619595000
1'
#619605000
0(
0&
0'
#619615000
1)
#619625000
0)
#619645000
1(
1&
#619655000
1'
#619665000
0(
0&
0'
#619675000
1)
#619685000
0)
#619705000
1(
1&
#619715000
1'
#619725000
0(
0&
0'
#619735000
1)
#619745000
0)
#619765000
1(
1&
#619775000
1'
#619785000
0(
0&
0'
#619795000
1)
#619805000
0)
#619825000
1(
1&
#619835000
1'
#619845000
0(
0&
0'
#619855000
1)
#619865000
0)
#619885000
1(
1&
#619895000
1'
#619905000
0(
0&
0'
#619915000
1)
#619925000
0)
#619945000
1(
1&
#619955000
1'
#619965000
0(
0&
0'
#619975000
1)
#619985000
0)
#620005000
1(
1&
#620015000
1'
#620025000
0(
0&
0'
#620035000
1)
#620045000
0)
#620065000
1(
1&
#620075000
1'
#620085000
0(
0&
0'
#620095000
1)
#620105000
0)
#620125000
1(
1&
#620135000
1'
#620145000
0(
0&
0'
#620155000
1)
#620165000
0)
#620185000
1(
1&
#620195000
1'
#620205000
0(
0&
0'
#620215000
1)
#620225000
0)
#620245000
1(
1&
#620255000
1'
#620265000
0(
0&
0'
#620275000
1)
#620285000
0)
#620305000
1(
1&
#620315000
1'
#620325000
0(
0&
0'
#620335000
1)
#620345000
0)
#620365000
1(
1&
#620375000
1'
#620385000
0(
0&
0'
#620395000
1)
#620405000
0)
#620425000
1(
1&
#620435000
1'
#620445000
0(
0&
0'
#620455000
1)
#620465000
0)
#620485000
1(
1&
#620495000
1'
#620505000
0(
0&
0'
#620515000
1)
#620525000
0)
#620545000
1(
1&
#620555000
1'
#620565000
0(
0&
0'
#620575000
1)
#620585000
0)
#620605000
1(
1&
#620615000
1'
#620625000
0(
0&
0'
#620635000
1)
#620645000
0)
#620665000
1(
1&
#620675000
1'
#620685000
0(
0&
0'
#620695000
1)
#620705000
0)
#620725000
1(
1&
#620735000
1'
#620745000
0(
0&
0'
#620755000
1)
#620765000
0)
#620785000
1(
1&
#620795000
1'
#620805000
0(
0&
0'
#620815000
1)
#620825000
0)
#620845000
1(
1&
#620855000
1'
#620865000
0(
0&
0'
#620875000
1)
#620885000
0)
#620905000
1(
1&
#620915000
1'
#620925000
0(
0&
0'
#620935000
1)
#620945000
0)
#620965000
1(
1&
#620975000
1'
#620985000
0(
0&
0'
#620995000
1)
#621005000
0)
0"
#621015000
0!
#621025000
1*
#621235000
0*
#621240000
1'
#621515000
1!
#621525000
1&
1"
#621535000
0&
0'
#621555000
1)
#621565000
0)
1&
1'
#621575000
0&
0'
#621595000
1)
#621605000
0)
1&
1'
#621615000
0&
0'
#621635000
1)
#621645000
0)
1&
1'
#621655000
0&
0'
#621675000
1)
#621685000
0)
1&
1'
#621695000
0&
0'
#621715000
1)
#621725000
0)
1&
1'
#621735000
0&
0'
#621755000
1)
#621765000
0)
1&
1'
#621775000
0&
0'
#621795000
1)
#621805000
0)
1&
1'
#621815000
0&
0'
#621835000
1)
#621845000
0)
1&
1'
#621855000
0&
0'
#621875000
1)
#621885000
0)
1&
1'
#621895000
0&
0'
#621915000
1)
#621925000
0)
1&
1'
#621935000
0&
0'
#621955000
1)
#621965000
0)
1&
1'
#621975000
0&
0'
#621995000
1)
#622005000
0)
1&
1'
#622015000
0&
0'
#622035000
1)
#622045000
0)
1&
1'
#622055000
0&
0'
#622075000
1)
#622085000
0)
1&
1'
#622095000
0&
0'
#622115000
1)
#622125000
0)
1&
1'
#622135000
0&
0'
#622155000
1)
#622165000
0)
1&
1'
#622175000
0&
0'
#622195000
1)
#622205000
0)
1&
1'
#622215000
0&
0'
#622235000
1)
#622245000
0)
1&
1'
#622255000
0&
0'
#622275000
1)
#622285000
0)
1&
1'
#622295000
0&
0'
#622315000
1)
#622325000
0)
1&
1'
#622335000
0&
0'
#622355000
1)
#622365000
0)
1&
1'
#622375000
0&
0'
#622395000
1)
#622405000
0)
1&
1'
#622415000
0&
0'
#622435000
1)
#622445000
0)
1&
1'
#622455000
0&
0'
#622475000
1)
#622485000
0)
1&
1'
#622495000
0&
0'
#622515000
1)
#622525000
0)
1&
1'
#622535000
0&
0'
#622555000
1)
#622565000
0)
1&
1'
#622575000
0&
0'
#622595000
1)
#622605000
0)
1&
1'
#622615000
0&
0'
#622635000
1)
#622645000
0)
1&
1'
#622655000
0&
0'
#622675000
1)
#622685000
0)
1&
1'
#622695000
0&
0'
#622715000
1)
#622725000
0)
1&
1'
#622735000
0&
0'
#622755000
1)
#622765000
0)
1&
1'
#622775000
0&
0'
#622795000
1)
#622805000
0)
1&
1'
#622815000
0&
0'
#622835000
1)
#622845000
0)
1&
1'
#622855000
0&
0'
#622875000
1)
#622885000
0)
1&
1'
#622895000
0&
0'
#622915000
1)
#622925000
0)
1&
1'
#622935000
0&
0'
#622955000
1)
#622965000
0)
1&
1'
#622975000
0&
0'
#622995000
1)
#623005000
0)
1&
1'
#623015000
0&
0'
#623035000
1)
#623045000
0)
1&
1'
#623055000
0&
0'
#623075000
1)
#623085000
0)
1&
1'
#623095000
0&
0'
#623115000
1)
#623125000
0)
1&
1'
#623135000
0&
0'
#623155000
1)
#623165000
0)
1&
1'
#623175000
0&
0'
#623195000
1)
#623205000
0)
1&
1'
#623215000
0&
0'
#623235000
1)
#623245000
0)
1&
1'
#623255000
0&
0'
#623275000
1)
#623285000
0)
1&
1'
#623295000
0&
0'
#623315000
1)
#623325000
0)
1&
1'
#623335000
0&
0'
#623355000
1)
#623365000
0)
1&
1'
#623375000
0&
0'
#623395000
1)
#623405000
0)
1&
1'
#623415000
0&
0'
#623435000
1)
#623445000
0)
1&
1'
#623455000
0&
0'
#623475000
1)
#623485000
0)
1&
1'
#623495000
0&
0'
#623515000
1)
#623525000
0)
1&
1'
#623535000
0&
0'
#623555000
1)
#623565000
0)
1&
1'
#623575000
0&
0'
#623595000
1)
#623605000
0)
1&
1'
#623615000
0&
0'
#623635000
1)
#623645000
0)
1&
1'
#623655000
0&
0'
#623675000
1)
#623685000
0)
1&
1'
#623695000
0&
0'
#623715000
1)
#623725000
0)
1&
1'
#623735000
0&
0'
#623755000
1)
#623765000
0)
1&
1'
#623775000
0&
0'
#623795000
1)
#623805000
0)
1&
1'
#623815000
0&
0'
#623835000
1)
#623845000
0)
1&
1'
#623855000
0&
0'
#623875000
1)
#623885000
0)
1&
1'
#623895000
0&
0'
#623915000
1)
#623925000
0)
1&
1'
#623935000
0&
0'
#623955000
1)
#623965000
0)
1&
1'
#623975000
0&
0'
#623995000
1)
#624005000
0)
1&
1'
#624015000
0&
0'
#624035000
1)
#624045000
0)
1&
1'
#624055000
0&
0'
#624075000
1)
#624085000
0)
1&
1'
#624095000
0&
0'
#624115000
1)
#624125000
0)
0"
1'
#624145000
1&
1"
#624155000
0&
0'
#624175000
1)
#624185000
0)
1&
1'
#624195000
0&
0'
#624215000
1)
#624225000
0)
1&
1'
#624235000
0&
0'
#624255000
1)
#624265000
0)
1&
1'
#624275000
0&
0'
#624295000
1)
#624305000
0)
1&
1'
#624315000
0&
0'
#624335000
1)
#624345000
0)
1&
1'
#624355000
0&
0'
#624375000
1)
#624385000
0)
1&
1'
#624395000
0&
0'
#624415000
1)
#624425000
0)
1&
1'
#624435000
0&
0'
#624455000
1)
#624465000
0)
1&
1'
#624475000
0&
0'
#624495000
1)
#624505000
0)
1&
1'
#624515000
0&
0'
#624535000
1)
#624545000
0)
1&
1'
#624555000
0&
0'
#624575000
1)
#624585000
0)
1&
1'
#624595000
0&
0'
#624615000
1)
#624625000
0)
1&
1'
#624635000
0&
0'
#624655000
1)
#624665000
0)
1&
1'
#624675000
0&
0'
#624695000
1)
#624705000
0)
1&
1'
#624715000
0&
0'
#624735000
1)
#624745000
0)
0"
1'
#624765000
b0 ,
b0 +
1#
#624865000
1$
#624875000
0$
#624955000
1$
#624965000
0$
#625045000
1$
#625055000
0$
#625135000
1$
#625145000
0$
#625225000
1$
#625235000
0$
#625255000
1%
#625265000
b100 +
#625365000
1$
#625375000
0$
#625415000
0%
#625455000
1$
#625465000
0$
#625545000
1$
#625555000
0$
#625635000
1$
#625645000
0$
#625725000
1$
#625735000
0$
#625755000
1%
#625765000
b1000 +
#625865000
1$
#625875000
0$
#625915000
0%
#625955000
1$
#625965000
0$
#626045000
1$
#626055000
0$
#626135000
1$
#626145000
0$
#626225000
1$
#626235000
0$
#626255000
1%
#626265000
b1100 +
#626365000
1$
#626375000
0$
#626415000
0%
#626455000
1$
#626465000
0$
#626545000
1$
#626555000
0$
#626635000
1$
#626645000
0$
#626725000
1$
#626735000
0$
#626755000
1%
#626775000
0#
#626915000
0%
#626935000
1"
#626955000
1(
1&
#626965000
0(
0&
0'
#626985000
1)
#626995000
0)
1'
#627015000
1(
1&
#627025000
0(
0&
0'
#627045000
1)
#627055000
0)
1'
#627075000
1(
1&
#627085000
0(
0&
0'
#627105000
1)
#627115000
0)
1'
#627135000
1(
1&
#627145000
0(
0&
0'
#627165000
1)
#627175000
0)
1'
#627195000
1(
1&
#627205000
0(
0&
0'
#627225000
1)
#627235000
0)
1'
#627255000
1(
1&
#627265000
0(
0&
0'
#627285000
1)
#627295000
0)
1'
#627315000
1(
1&
#627325000
0(
0&
0'
#627345000
1)
#627355000
0)
1'
#627375000
1(
1&
#627385000
0(
0&
0'
#627405000
1)
#627415000
0)
1'
#627435000
1(
1&
#627445000
0(
0&
0'
#627465000
1)
#627475000
0)
1'
#627495000
1(
1&
#627505000
0(
0&
0'
#627525000
1)
#627535000
0)
1'
#627555000
1(
1&
#627565000
0(
0&
0'
#627585000
1)
#627595000
0)
1'
#627615000
1(
1&
#627625000
0(
0&
0'
#627645000
1)
#627655000
0)
1'
#627675000
1(
1&
#627685000
0(
0&
0'
#627705000
1)
#627715000
0)
1'
#627735000
1(
1&
#627745000
0(
0&
0'
#627765000
1)
#627775000
0)
1'
#627795000
1(
1&
#627805000
0(
0&
0'
#627825000
1)
#627835000
0)
1'
#627855000
1(
1&
#627865000
0(
0&
0'
#627885000
1)
#627895000
0)
1'
#627915000
1(
1&
#627925000
0(
0&
0'
#627945000
1)
#627955000
0)
1'
#627975000
1(
1&
#627985000
0(
0&
0'
#628005000
1)
#628015000
0)
1'
#628035000
1(
1&
#628045000
0(
0&
0'
#628065000
1)
#628075000
0)
1'
#628095000
1(
1&
#628105000
0(
0&
0'
#628125000
1)
#628135000
0)
1'
#628155000
1(
1&
#628165000
0(
0&
0'
#628185000
1)
#628195000
0)
1'
#628215000
1(
1&
#628225000
0(
0&
0'
#628245000
1)
#628255000
0)
1'
#628275000
1(
1&
#628285000
0(
0&
0'
#628305000
1)
#628315000
0)
1'
#628335000
1(
1&
#628345000
0(
0&
0'
#628365000
1)
#628375000
0)
1'
#628395000
1(
1&
#628405000
0(
0&
0'
#628425000
1)
#628435000
0)
1'
#628455000
1(
1&
#628465000
0(
0&
0'
#628485000
1)
#628495000
0)
1'
#628515000
1(
1&
#628525000
0(
0&
0'
#628545000
1)
#628555000
0)
1'
#628575000
1(
1&
#628585000
0(
0&
0'
#628605000
1)
#628615000
0)
1'
#628635000
1(
1&
#628645000
0(
0&
0'
#628665000
1)
#628675000
0)
1'
#628695000
1(
1&
#628705000
0(
0&
0'
#628725000
1)
#628735000
0)
1'
#628755000
1(
1&
#628765000
0(
0&
0'
#628785000
1)
#628795000
0)
1'
#628815000
1(
1&
#628825000
0(
0&
0'
#628845000
1)
#628855000
0)
1'
#628875000
1(
1&
#628885000
0(
0&
0'
#628905000
1)
#628915000
0)
1'
#628935000
1(
1&
#628945000
0(
0&
0'
#628965000
1)
#628975000
0)
1'
#628995000
1(
1&
#629005000
0(
0&
0'
#629025000
1)
#629035000
0)
1'
#629055000
1(
1&
#629065000
0(
0&
0'
#629085000
1)
#629095000
0)
1'
#629115000
1(
1&
#629125000
0(
0&
0'
#629145000
1)
#629155000
0)
1'
#629175000
1(
1&
#629185000
0(
0&
0'
#629205000
1)
#629215000
0)
1'
#629235000
1(
1&
#629245000
0(
0&
0'
#629265000
1)
#629275000
0)
0"
1'
#629285000
0!
#629295000
1*
#629505000
0*
#629785000
1!
#629795000
1&
1"
#629805000
0&
0'
#629835000
1)
#629845000
0)
1&
1'
#629855000
0&
0'
#629885000
1)
#629895000
0)
1&
1'
#629905000
0&
0'
#629935000
1)
#629945000
0)
1&
1'
#629955000
0&
0'
#629985000
1)
#629995000
0)
1&
1'
#630005000
0&
0'
#630035000
1)
#630045000
0)
1&
1'
#630055000
0&
0'
#630085000
1)
#630095000
0)
1&
1'
#630105000
0&
0'
#630135000
1)
#630145000
0)
1&
1'
#630155000
0&
0'
#630185000
1)
#630195000
0)
1&
1'
#630205000
0&
0'
#630235000
1)
#630245000
0)
1&
1'
#630255000
0&
0'
#630285000
1)
#630295000
0)
1&
1'
#630305000
0&
0'
#630335000
1)
#630345000
0)
1&
1'
#630355000
0&
0'
#630385000
1)
#630395000
0)
1&
1'
#630405000
0&
0'
#630435000
1)
#630445000
0)
1&
1'
#630455000
0&
0'
#630485000
1)
#630495000
0)
1&
1'
#630505000
0&
0'
#630535000
1)
#630545000
0)
1&
1'
#630555000
0&
0'
#630585000
1)
#630595000
0)
1&
1'
#630605000
0&
0'
#630635000
1)
#630645000
0)
1&
1'
#630655000
0&
0'
#630685000
1)
#630695000
0)
1&
1'
#630705000
0&
0'
#630735000
1)
#630745000
0)
1&
1'
#630755000
0&
0'
#630785000
1)
#630795000
0)
1&
1'
#630805000
0&
0'
#630835000
1)
#630845000
0)
1&
1'
#630855000
0&
0'
#630885000
1)
#630895000
0)
1&
1'
#630905000
0&
0'
#630935000
1)
#630945000
0)
1&
1'
#630955000
0&
0'
#630985000
1)
#630995000
0)
1&
1'
#631005000
0&
0'
#631035000
1)
#631045000
0)
1&
1'
#631055000
0&
0'
#631085000
1)
#631095000
0)
1&
1'
#631105000
0&
0'
#631135000
1)
#631145000
0)
1&
1'
#631155000
0&
0'
#631185000
1)
#631195000
0)
1&
1'
#631205000
0&
0'
#631235000
1)
#631245000
0)
1&
1'
#631255000
0&
0'
#631285000
1)
#631295000
0)
1&
1'
#631305000
0&
0'
#631335000
1)
#631345000
0)
1&
1'
#631355000
0&
0'
#631385000
1)
#631395000
0)
1&
1'
#631405000
0&
0'
#631435000
1)
#631445000
0)
1&
1'
#631455000
0&
0'
#631485000
1)
#631495000
0)
1&
1'
#631505000
0&
0'
#631535000
1)
#631545000
0)
1&
1'
#631555000
0&
0'
#631585000
1)
#631595000
0)
1&
1'
#631605000
0&
0'
#631635000
1)
#631645000
0)
1&
1'
#631655000
0&
0'
#631685000
1)
#631695000
0)
1&
1'
#631705000
0&
0'
#631735000
1)
#631745000
0)
1&
1'
#631755000
0&
0'
#631785000
1)
#631795000
0)
1&
1'
#631805000
0&
0'
#631835000
1)
#631845000
0)
1&
1'
#631855000
0&
0'
#631885000
1)
#631895000
0)
1&
1'
#631905000
0&
0'
#631935000
1)
#631945000
0)
1&
1'
#631955000
0&
0'
#631985000
1)
#631995000
0)
0"
1'
#632015000
1&
1"
#632025000
0&
0'
#632055000
1)
#632065000
0)
1&
1'
#632075000
0&
0'
#632105000
1)
#632115000
0)
1&
1'
#632125000
0&
0'
#632155000
1)
#632165000
0)
1&
1'
#632175000
0&
0'
#632205000
1)
#632215000
0)
1&
1'
#632225000
0&
0'
#632255000
1)
#632265000
0)
1&
1'
#632275000
0&
0'
#632305000
1)
#632315000
0)
1&
1'
#632325000
0&
0'
#632355000
1)
#632365000
0)
1&
1'
#632375000
0&
0'
#632405000
1)
#632415000
0)
1&
1'
#632425000
0&
0'
#632455000
1)
#632465000
0)
1&
1'
#632475000
0&
0'
#632505000
1)
#632515000
0)
1&
1'
#632525000
0&
0'
#632555000
1)
#632565000
0)
1&
1'
#632575000
0&
0'
#632605000
1)
#632615000
0)
1&
1'
#632625000
0&
0'
#632655000
1)
#632665000
0)
1&
1'
#632675000
0&
0'
#632705000
1)
#632715000
0)
1&
1'
#632725000
0&
0'
#632755000
1)
#632765000
0)
1&
1'
#632775000
0&
0'
#632805000
1)
#632815000
0)
1&
1'
#632825000
0&
0'
#632855000
1)
#632865000
0)
1&
1'
#632875000
0&
0'
#632905000
1)
#632915000
0)
1&
1'
#632925000
0&
0'
#632955000
1)
#632965000
0)
1&
1'
#632975000
0&
0'
#633005000
1)
#633015000
0)
1&
1'
#633025000
0&
0'
#633055000
1)
#633065000
0)
1&
1'
#633075000
0&
0'
#633105000
1)
#633115000
0)
1&
1'
#633125000
0&
0'
#633155000
1)
#633165000
0)
1&
1'
#633175000
0&
0'
#633205000
1)
#633215000
0)
0"
1'
#633235000
b0 +
1#
#633335000
1$
#633345000
0$
#633425000
1$
#633435000
0$
#633515000
1$
#633525000
0$
#633605000
1$
#633615000
0$
#633635000
1%
#633645000
b100 ,
#633745000
1$
#633755000
0$
#633795000
0%
#633835000
1$
#633845000
0$
#633925000
1$
#633935000
0$
#634015000
1$
#634025000
0$
#634045000
1%
#634055000
b0 ,
b100 +
#634155000
1$
#634165000
0$
#634205000
0%
#634245000
1$
#634255000
0$
#634335000
1$
#634345000
0$
#634425000
1$
#634435000
0$
#634455000
1%
#634465000
b100 ,
#634565000
1$
#634575000
0$
#634615000
0%
#634655000
1$
#634665000
0$
#634745000
1$
#634755000
0$
#634835000
1$
#634845000
0$
#634865000
1%
#634875000
b0 ,
b1000 +
#634975000
1$
#634985000
0$
#635025000
0%
#635065000
1$
#635075000
0$
#635155000
1$
#635165000
0$
#635245000
1$
#635255000
0$
#635275000
1%
#635285000
b100 ,
#635385000
1$
#635395000
0$
#635435000
0%
#635475000
1$
#635485000
0$
#635565000
1$
#635575000
0$
#635655000
1$
#635665000
0$
#635685000
1%
#635705000
0#
#635845000
0%
#635865000
1"
#635885000
1(
1&
#635895000
0(
0&
0'
#635925000
1)
#635935000
0)
1'
#635955000
1(
1&
#635965000
0(
0&
0'
#635995000
1)
#636005000
0)
1'
#636025000
1(
1&
#636035000
0(
0&
0'
#636065000
1)
#636075000
0)
1'
#636095000
1(
1&
#636105000
0(
0&
0'
#636135000
1)
#636145000
0)
1'
#636165000
1(
1&
#636175000
0(
0&
0'
#636205000
1)
#636215000
0)
1'
#636235000
1(
1&
#636245000
0(
0&
0'
#636275000
1)
#636285000
0)
1'
#636305000
1(
1&
#636315000
0(
0&
0'
#636345000
1)
#636355000
0)
1'
#636375000
1(
1&
#636385000
0(
0&
0'
#636415000
1)
#636425000
0)
1'
#636445000
1(
1&
#636455000
0(
0&
0'
#636485000
1)
#636495000
0)
1'
#636515000
1(
1&
#636525000
0(
0&
0'
#636555000
1)
#636565000
0)
1'
#636585000
1(
1&
#636595000
0(
0&
0'
#636625000
1)
#636635000
0)
1'
#636655000
1(
1&
#636665000
0(
0&
0'
#636695000
1)
#636705000
0)
1'
#636725000
1(
1&
#636735000
0(
0&
0'
#636765000
1)
#636775000
0)
1'
#636795000
1(
1&
#636805000
0(
0&
0'
#636835000
1)
#636845000
0)
1'
#636865000
1(
1&
#636875000
0(
0&
0'
#636905000
1)
#636915000
0)
1'
#636935000
1(
1&
#636945000
0(
0&
0'
#636975000
1)
#636985000
0)
1'
#637005000
1(
1&
#637015000
0(
0&
0'
#637045000
1)
#637055000
0)
1'
#637075000
1(
1&
#637085000
0(
0&
0'
#637115000
1)
#637125000
0)
1'
#637145000
1(
1&
#637155000
0(
0&
0'
#637185000
1)
#637195000
0)
1'
#637215000
1(
1&
#637225000
0(
0&
0'
#637255000
1)
#637265000
0)
1'
#637285000
1(
1&
#637295000
0(
0&
0'
#637325000
1)
#637335000
0)
1'
#637355000
1(
1&
#637365000
0(
0&
0'
#637395000
1)
#637405000
0)
1'
#637425000
1(
1&
#637435000
0(
0&
0'
#637465000
1)
#637475000
0)
1'
#637495000
1(
1&
#637505000
0(
0&
0'
#637535000
1)
#637545000
0)
1'
#637565000
1(
1&
#637575000
0(
0&
0'
#637605000
1)
#637615000
0)
1'
#637635000
1(
1&
#637645000
0(
0&
0'
#637675000
1)
#637685000
0)
1'
#637705000
1(
1&
#637715000
0(
0&
0'
#637745000
1)
#637755000
0)
1'
#637775000
1(
1&
#637785000
0(
0&
0'
#637815000
1)
#637825000
0)
1'
#637845000
1(
1&
#637855000
0(
0&
0'
#637885000
1)
#637895000
0)
1'
#637915000
1(
1&
#637925000
0(
0&
0'
#637955000
1)
#637965000
0)
1'
#637985000
1(
1&
#637995000
0(
0&
0'
#638025000
1)
#638035000
0)
1'
#638055000
1(
1&
#638065000
0(
0&
0'
#638095000
1)
#638105000
0)
1'
#638125000
1(
1&
#638135000
0(
0&
0'
#638165000
1)
#638175000
0)
1'
#638195000
1(
1&
#638205000
0(
0&
0'
#638235000
1)
#638245000
0)
1'
#638265000
1(
1&
#638275000
0(
0&
0'
#638305000
1)
#638315000
0)
1'
#638335000
1(
1&
#638345000
0(
0&
0'
#638375000
1)
#638385000
0)
1'
#638405000
1(
1&
#638415000
0(
0&
0'
#638445000
1)
#638455000
0)
1'
#638475000
1(
1&
#638485000
0(
0&
0'
#638515000
1)
#638525000
0)
1'
#638545000
1(
1&
#638555000
0(
0&
0'
#638585000
1)
#638595000
0)
1'
#638615000
1(
1&
#638625000
0(
0&
0'
#638655000
1)
#638665000
0)
1'
#638685000
1(
1&
#638695000
0(
0&
0'
#638725000
1)
#638735000
0)
1'
#638755000
1(
1&
#638765000
0(
0&
0'
#638795000
1)
#638805000
0)
1'
#638825000
1(
1&
#638835000
0(
0&
0'
#638865000
1)
#638875000
0)
1'
#638895000
1(
1&
#638905000
0(
0&
0'
#638935000
1)
#638945000
0)
1'
#638965000
1(
1&
#638975000
0(
0&
0'
#639005000
1)
#639015000
0)
1'
#639035000
1(
1&
#639045000
0(
0&
0'
#639075000
1)
#639085000
0)
1'
#639105000
1(
1&
#639115000
0(
0&
0'
#639145000
1)
#639155000
0)
1'
#639175000
1(
1&
#639185000
0(
0&
0'
#639215000
1)
#639225000
0)
1'
#639245000
1(
1&
#639255000
0(
0&
0'
#639285000
1)
#639295000
0)
1'
#639315000
1(
1&
#639325000
0(
0&
0'
#639355000
1)
#639365000
0)
1'
#639385000
1(
1&
#639395000
0(
0&
0'
#639425000
1)
#639435000
0)
1'
#639455000
1(
1&
#639465000
0(
0&
0'
#639495000
1)
#639505000
0)
1'
#639525000
1(
1&
#639535000
0(
0&
0'
#639565000
1)
#639575000
0)
1'
#639595000
1(
1&
#639605000
0(
0&
0'
#639635000
1)
#639645000
0)
1'
#639665000
1(
1&
#639675000
0(
0&
0'
#639705000
1)
#639715000
0)
1'
#639735000
1(
1&
#639745000
0(
0&
0'
#639775000
1)
#639785000
0)
1'
#639805000
1(
1&
#639815000
0(
0&
0'
#639845000
1)
#639855000
0)
1'
#639875000
1(
1&
#639885000
0(
0&
0'
#639915000
1)
#639925000
0)
1'
#639945000
1(
1&
#639955000
0(
0&
0'
#639985000
1)
#639995000
0)
1'
#640015000
1(
1&
#640025000
0(
0&
0'
#640055000
1)
#640065000
0)
1'
#640085000
1(
1&
#640095000
0(
0&
0'
#640125000
1)
#640135000
0)
1'
#640155000
1(
1&
#640165000
0(
0&
0'
#640195000
1)
#640205000
0)
1'
#640225000
1(
1&
#640235000
0(
0&
0'
#640265000
1)
#640275000
0)
1'
#640295000
1(
1&
#640305000
0(
0&
0'
#640335000
1)
#640345000
0)
1'
#640365000
1(
1&
#640375000
0(
0&
0'
#640405000
1)
#640415000
0)
1'
#640435000
1(
1&
#640445000
0(
0&
0'
#640475000
1)
#640485000
0)
0"
1'
#640495000
0!
#640505000
1*
#640715000
0*
#640995000
1!
#641005000
1&
1"
#641015000
0&
0'
#641055000
1)
#641065000
0)
1&
1'
#641075000
0&
0'
#641115000
1)
#641125000
0)
1&
1'
#641135000
0&
0'
#641175000
1)
#641185000
0)
1&
1'
#641195000
0&
0'
#641235000
1)
#641245000
0)
1&
1'
#641255000
0&
0'
#641295000
1)
#641305000
0)
1&
1'
#641315000
0&
0'
#641355000
1)
#641365000
0)
1&
1'
#641375000
0&
0'
#641415000
1)
#641425000
0)
1&
1'
#641435000
0&
0'
#641475000
1)
#641485000
0)
1&
1'
#641495000
0&
0'
#641535000
1)
#641545000
0)
1&
1'
#641555000
0&
0'
#641595000
1)
#641605000
0)
1&
1'
#641615000
0&
0'
#641655000
1)
#641665000
0)
1&
1'
#641675000
0&
0'
#641715000
1)
#641725000
0)
1&
1'
#641735000
0&
0'
#641775000
1)
#641785000
0)
1&
1'
#641795000
0&
0'
#641835000
1)
#641845000
0)
1&
1'
#641855000
0&
0'
#641895000
1)
#641905000
0)
1&
1'
#641915000
0&
0'
#641955000
1)
#641965000
0)
1&
1'
#641975000
0&
0'
#642015000
1)
#642025000
0)
1&
1'
#642035000
0&
0'
#642075000
1)
#642085000
0)
1&
1'
#642095000
0&
0'
#642135000
1)
#642145000
0)
1&
1'
#642155000
0&
0'
#642195000
1)
#642205000
0)
1&
1'
#642215000
0&
0'
#642255000
1)
#642265000
0)
1&
1'
#642275000
0&
0'
#642315000
1)
#642325000
0)
1&
1'
#642335000
0&
0'
#642375000
1)
#642385000
0)
1&
1'
#642395000
0&
0'
#642435000
1)
#642445000
0)
1&
1'
#642455000
0&
0'
#642495000
1)
#642505000
0)
1&
1'
#642515000
0&
0'
#642555000
1)
#642565000
0)
1&
1'
#642575000
0&
0'
#642615000
1)
#642625000
0)
1&
1'
#642635000
0&
0'
#642675000
1)
#642685000
0)
1&
1'
#642695000
0&
0'
#642735000
1)
#642745000
0)
1&
1'
#642755000
0&
0'
#642795000
1)
#642805000
0)
1&
1'
#642815000
0&
0'
#642855000
1)
#642865000
0)
1&
1'
#642875000
0&
0'
#642915000
1)
#642925000
0)
1&
1'
#642935000
0&
0'
#642975000
1)
#642985000
0)
1&
1'
#642995000
0&
0'
#643035000
1)
#643045000
0)
1&
1'
#643055000
0&
0'
#643095000
1)
#643105000
0)
1&
1'
#643115000
0&
0'
#643155000
1)
#643165000
0)
1&
1'
#643175000
0&
0'
#643215000
1)
#643225000
0)
1&
1'
#643235000
0&
0'
#643275000
1)
#643285000
0)
1&
1'
#643295000
0&
0'
#643335000
1)
#643345000
0)
1&
1'
#643355000
0&
0'
#643395000
1)
#643405000
0)
1&
1'
#643415000
0&
0'
#643455000
1)
#643465000
0)
1&
1'
#643475000
0&
0'
#643515000
1)
#643525000
0)
1&
1'
#643535000
0&
0'
#643575000
1)
#643585000
0)
1&
1'
#643595000
0&
0'
#643635000
1)
#643645000
0)
1&
1'
#643655000
0&
0'
#643695000
1)
#643705000
0)
1&
1'
#643715000
0&
0'
#643755000
1)
#643765000
0)
1&
1'
#643775000
0&
0'
#643815000
1)
#643825000
0)
1&
1'
#643835000
0&
0'
#643875000
1)
#643885000
0)
1&
1'
#643895000
0&
0'
#643935000
1)
#643945000
0)
1&
1'
#643955000
0&
0'
#643995000
1)
#644005000
0)
1&
1'
#644015000
0&
0'
#644055000
1)
#644065000
0)
1&
1'
#644075000
0&
0'
#644115000
1)
#644125000
0)
1&
1'
#644135000
0&
0'
#644175000
1)
#644185000
0)
1&
1'
#644195000
0&
0'
#644235000
1)
#644245000
0)
1&
1'
#644255000
0&
0'
#644295000
1)
#644305000
0)
1&
1'
#644315000
0&
0'
#644355000
1)
#644365000
0)
0"
1'
#644385000
1&
1"
#644395000
0&
0'
#644435000
1)
#644445000
0)
1&
1'
#644455000
0&
0'
#644495000
1)
#644505000
0)
1&
1'
#644515000
0&
0'
#644555000
1)
#644565000
0)
1&
1'
#644575000
0&
0'
#644615000
1)
#644625000
0)
1&
1'
#644635000
0&
0'
#644675000
1)
#644685000
0)
1&
1'
#644695000
0&
0'
#644735000
1)
#644745000
0)
1&
1'
#644755000
0&
0'
#644795000
1)
#644805000
0)
1&
1'
#644815000
0&
0'
#644855000
1)
#644865000
0)
1&
1'
#644875000
0&
0'
#644915000
1)
#644925000
0)
1&
1'
#644935000
0&
0'
#644975000
1)
#644985000
0)
1&
1'
#644995000
0&
0'
#645035000
1)
#645045000
0)
1&
1'
#645055000
0&
0'
#645095000
1)
#645105000
0)
1&
1'
#645115000
0&
0'
#645155000
1)
#645165000
0)
1&
1'
#645175000
0&
0'
#645215000
1)
#645225000
0)
1&
1'
#645235000
0&
0'
#645275000
1)
#645285000
0)
1&
1'
#645295000
0&
0'
#645335000
1)
#645345000
0)
1&
1'
#645355000
0&
0'
#645395000
1)
#645405000
0)
1&
1'
#645415000
0&
0'
#645455000
1)
#645465000
0)
1&
1'
#645475000
0&
0'
#645515000
1)
#645525000
0)
1&
1'
#645535000
0&
0'
#645575000
1)
#645585000
0)
1&
1'
#645595000
0&
0'
#645635000
1)
#645645000
0)
1&
1'
#645655000
0&
0'
#645695000
1)
#645705000
0)
1&
1'
#645715000
0&
0'
#645755000
1)
#645765000
0)
1&
1'
#645775000
0&
0'
#645815000
1)
#645825000
0)
1&
1'
#645835000
0&
0'
#645875000
1)
#645885000
0)
1&
1'
#645895000
0&
0'
#645935000
1)
#645945000
0)
1&
1'
#645955000
0&
0'
#645995000
1)
#646005000
0)
1&
1'
#646015000
0&
0'
#646055000
1)
#646065000
0)
1&
1'
#646075000
0&
0'
#646115000
1)
#646125000
0)
1&
1'
#646135000
0&
0'
#646175000
1)
#646185000
0)
1&
1'
#646195000
0&
0'
#646235000
1)
#646245000
0)
1&
1'
#646255000
0&
0'
#646295000
1)
#646305000
0)
1&
1'
#646315000
0&
0'
#646355000
1)
#646365000
0)
1&
1'
#646375000
0&
0'
#646415000
1)
#646425000
0)
1&
1'
#646435000
0&
0'
#646475000
1)
#646485000
0)
1&
1'
#646495000
0&
0'
#646535000
1)
#646545000
0)
1&
1'
#646555000
0&
0'
#646595000
1)
#646605000
0)
1&
1'
#646615000
0&
0'
#646655000
1)
#646665000
0)
1&
1'
#646675000
0&
0'
#646715000
1)
#646725000
0)
1&
1'
#646735000
0&
0'
#646775000
1)
#646785000
0)
1&
1'
#646795000
0&
0'
#646835000
1)
#646845000
0)
1&
1'
#646855000
0&
0'
#646895000
1)
#646905000
0)
1&
1'
#646915000
0&
0'
#646955000
1)
#646965000
0)
1&
1'
#646975000
0&
0'
#647015000
1)
#647025000
0)
1&
1'
#647035000
0&
0'
#647075000
1)
#647085000
0)
1&
1'
#647095000
0&
0'
#647135000
1)
#647145000
0)
1&
1'
#647155000
0&
0'
#647195000
1)
#647205000
0)
1&
1'
#647215000
0&
0'
#647255000
1)
#647265000
0)
1&
1'
#647275000
0&
0'
#647315000
1)
#647325000
0)
0"
1'
#647345000
b0 ,
b0 +
1#
#647445000
1$
#647455000
0$
#647535000
1$
#647545000
0$
#647625000
1$
#647635000
0$
#647715000
1$
#647725000
0$
#647805000
1$
#647815000
0$
#647895000
1$
#647905000
0$
#647985000
1$
#647995000
0$
#648015000
1%
#648025000
b100 ,
#648125000
1$
#648135000
0$
#648175000
0%
#648215000
1$
#648225000
0$
#648305000
1$
#648315000
0$
#648395000
1$
#648405000
0$
#648485000
1$
#648495000
0$
#648575000
1$
#648585000
0$
#648665000
1$
#648675000
0$
#648695000
1%
#648705000
b0 ,
b100 +
#648805000
1$
#648815000
0$
#648855000
0%
#648895000
1$
#648905000
0$
#648985000
1$
#648995000
0$
#649075000
1$
#649085000
0$
#649165000
1$
#649175000
0$
#649255000
1$
#649265000
0$
#649345000
1$
#649355000
0$
#649375000
1%
#649385000
b100 ,
#649485000
1$
#649495000
0$
#649535000
0%
#649575000
1$
#649585000
0$
#649665000
1$
#649675000
0$
#649755000
1$
#649765000
0$
#649845000
1$
#649855000
0$
#649935000
1$
#649945000
0$
#650025000
1$
#650035000
0$
#650055000
1%
#650075000
0#
#650215000
0%
#650235000
1"
#650255000
1(
1&
#650265000
0(
0&
0'
#650305000
1)
#650315000
0)
1'
#650335000
1(
1&
#650345000
0(
0&
0'
#650385000
1)
#650395000
0)
1'
#650415000
1(
1&
#650425000
0(
0&
0'
#650465000
1)
#650475000
0)
1'
#650495000
1(
1&
#650505000
0(
0&
0'
#650545000
1)
#650555000
0)
1'
#650575000
1(
1&
#650585000
0(
0&
0'
#650625000
1)
#650635000
0)
1'
#650655000
1(
1&
#650665000
0(
0&
0'
#650705000
1)
#650715000
0)
1'
#650735000
1(
1&
#650745000
0(
0&
0'
#650785000
1)
#650795000
0)
1'
#650815000
1(
1&
#650825000
0(
0&
0'
#650865000
1)
#650875000
0)
1'
#650895000
1(
1&
#650905000
0(
0&
0'
#650945000
1)
#650955000
0)
1'
#650975000
1(
1&
#650985000
0(
0&
0'
#651025000
1)
#651035000
0)
1'
#651055000
1(
1&
#651065000
0(
0&
0'
#651105000
1)
#651115000
0)
1'
#651135000
1(
1&
#651145000
0(
0&
0'
#651185000
1)
#651195000
0)
1'
#651215000
1(
1&
#651225000
0(
0&
0'
#651265000
1)
#651275000
0)
1'
#651295000
1(
1&
#651305000
0(
0&
0'
#651345000
1)
#651355000
0)
1'
#651375000
1(
1&
#651385000
0(
0&
0'
#651425000
1)
#651435000
0)
1'
#651455000
1(
1&
#651465000
0(
0&
0'
#651505000
1)
#651515000
0)
1'
#651535000
1(
1&
#651545000
0(
0&
0'
#651585000
1)
#651595000
0)
1'
#651615000
1(
1&
#651625000
0(
0&
0'
#651665000
1)
#651675000
0)
1'
#651695000
1(
1&
#651705000
0(
0&
0'
#651745000
1)
#651755000
0)
1'
#651775000
1(
1&
#651785000
0(
0&
0'
#651825000
1)
#651835000
0)
1'
#651855000
1(
1&
#651865000
0(
0&
0'
#651905000
1)
#651915000
0)
1'
#651935000
1(
1&
#651945000
0(
0&
0'
#651985000
1)
#651995000
0)
1'
#652015000
1(
1&
#652025000
0(
0&
0'
#652065000
1)
#652075000
0)
1'
#652095000
1(
1&
#652105000
0(
0&
0'
#652145000
1)
#652155000
0)
1'
#652175000
1(
1&
#652185000
0(
0&
0'
#652225000
1)
#652235000
0)
1'
#652255000
1(
1&
#652265000
0(
0&
0'
#652305000
1)
#652315000
0)
1'
#652335000
1(
1&
#652345000
0(
0&
0'
#652385000
1)
#652395000
0)
1'
#652415000
1(
1&
#652425000
0(
0&
0'
#652465000
1)
#652475000
0)
1'
#652495000
1(
1&
#652505000
0(
0&
0'
#652545000
1)
#652555000
0)
1'
#652575000
1(
1&
#652585000
0(
0&
0'
#652625000
1)
#652635000
0)
1'
#652655000
1(
1&
#652665000
0(
0&
0'
#652705000
1)
#652715000
0)
1'
#652735000
1(
1&
#652745000
0(
0&
0'
#652785000
1)
#652795000
0)
1'
#652815000
1(
1&
#652825000
0(
0&
0'
#652865000
1)
#652875000
0)
1'
#652895000
1(
1&
#652905000
0(
0&
0'
#652945000
1)
#652955000
0)
1'
#652975000
1(
1&
#652985000
0(
0&
0'
#653025000
1)
#653035000
0)
1'
#653055000
1(
1&
#653065000
0(
0&
0'
#653105000
1)
#653115000
0)
1'
#653135000
1(
1&
#653145000
0(
0&
0'
#653185000
1)
#653195000
0)
1'
#653215000
1(
1&
#653225000
0(
0&
0'
#653265000
1)
#653275000
0)
1'
#653295000
1(
1&
#653305000
0(
0&
0'
#653345000
1)
#653355000
0)
1'
#653375000
1(
1&
#653385000
0(
0&
0'
#653425000
1)
#653435000
0)
1'
#653455000
1(
1&
#653465000
0(
0&
0'
#653505000
1)
#653515000
0)
1'
#653535000
1(
1&
#653545000
0(
0&
0'
#653585000
1)
#653595000
0)
1'
#653615000
1(
1&
#653625000
0(
0&
0'
#653665000
1)
#653675000
0)
1'
#653695000
1(
1&
#653705000
0(
0&
0'
#653745000
1)
#653755000
0)
1'
#653775000
1(
1&
#653785000
0(
0&
0'
#653825000
1)
#653835000
0)
1'
#653855000
1(
1&
#653865000
0(
0&
0'
#653905000
1)
#653915000
0)
1'
#653935000
1(
1&
#653945000
0(
0&
0'
#653985000
1)
#653995000
0)
1'
#654015000
1(
1&
#654025000
0(
0&
0'
#654065000
1)
#654075000
0)
1'
#654095000
1(
1&
#654105000
0(
0&
0'
#654145000
1)
#654155000
0)
1'
#654175000
1(
1&
#654185000
0(
0&
0'
#654225000
1)
#654235000
0)
1'
#654255000
1(
1&
#654265000
0(
0&
0'
#654305000
1)
#654315000
0)
1'
#654335000
1(
1&
#654345000
0(
0&
0'
#654385000
1)
#654395000
0)
1'
#654415000
1(
1&
#654425000
0(
0&
0'
#654465000
1)
#654475000
0)
1'
#654495000
1(
1&
#654505000
0(
0&
0'
#654545000
1)
#654555000
0)
1'
#654575000
1(
1&
#654585000
0(
0&
0'
#654625000
1)
#654635000
0)
1'
#654655000
1(
1&
#654665000
0(
0&
0'
#654705000
1)
#654715000
0)
0"
1'
#654725000
0!
#654735000
1*
#654945000
0*
#655225000
1!
#655235000
1&
1"
#655245000
0&
0'
#655295000
1)
#655305000
0)
1&
1'
#655315000
0&
0'
#655365000
1)
#655375000
0)
1&
1'
#655385000
0&
0'
#655435000
1)
#655445000
0)
1&
1'
#655455000
0&
0'
#655505000
1)
#655515000
0)
1&
1'
#655525000
0&
0'
#655575000
1)
#655585000
0)
1&
1'
#655595000
0&
0'
#655645000
1)
#655655000
0)
1&
1'
#655665000
0&
0'
#655715000
1)
#655725000
0)
1&
1'
#655735000
0&
0'
#655785000
1)
#655795000
0)
1&
1'
#655805000
0&
0'
#655855000
1)
#655865000
0)
1&
1'
#655875000
0&
0'
#655925000
1)
#655935000
0)
1&
1'
#655945000
0&
0'
#655995000
1)
#656005000
0)
1&
1'
#656015000
0&
0'
#656065000
1)
#656075000
0)
1&
1'
#656085000
0&
0'
#656135000
1)
#656145000
0)
1&
1'
#656155000
0&
0'
#656205000
1)
#656215000
0)
1&
1'
#656225000
0&
0'
#656275000
1)
#656285000
0)
1&
1'
#656295000
0&
0'
#656345000
1)
#656355000
0)
1&
1'
#656365000
0&
0'
#656415000
1)
#656425000
0)
1&
1'
#656435000
0&
0'
#656485000
1)
#656495000
0)
1&
1'
#656505000
0&
0'
#656555000
1)
#656565000
0)
1&
1'
#656575000
0&
0'
#656625000
1)
#656635000
0)
1&
1'
#656645000
0&
0'
#656695000
1)
#656705000
0)
1&
1'
#656715000
0&
0'
#656765000
1)
#656775000
0)
1&
1'
#656785000
0&
0'
#656835000
1)
#656845000
0)
1&
1'
#656855000
0&
0'
#656905000
1)
#656915000
0)
1&
1'
#656925000
0&
0'
#656975000
1)
#656985000
0)
1&
1'
#656995000
0&
0'
#657045000
1)
#657055000
0)
1&
1'
#657065000
0&
0'
#657115000
1)
#657125000
0)
1&
1'
#657135000
0&
0'
#657185000
1)
#657195000
0)
1&
1'
#657205000
0&
0'
#657255000
1)
#657265000
0)
1&
1'
#657275000
0&
0'
#657325000
1)
#657335000
0)
1&
1'
#657345000
0&
0'
#657395000
1)
#657405000
0)
1&
1'
#657415000
0&
0'
#657465000
1)
#657475000
0)
1&
1'
#657485000
0&
0'
#657535000
1)
#657545000
0)
1&
1'
#657555000
0&
0'
#657605000
1)
#657615000
0)
1&
1'
#657625000
0&
0'
#657675000
1)
#657685000
0)
1&
1'
#657695000
0&
0'
#657745000
1)
#657755000
0)
1&
1'
#657765000
0&
0'
#657815000
1)
#657825000
0)
1&
1'
#657835000
0&
0'
#657885000
1)
#657895000
0)
1&
1'
#657905000
0&
0'
#657955000
1)
#657965000
0)
1&
1'
#657975000
0&
0'
#658025000
1)
#658035000
0)
1&
1'
#658045000
0&
0'
#658095000
1)
#658105000
0)
1&
1'
#658115000
0&
0'
#658165000
1)
#658175000
0)
1&
1'
#658185000
0&
0'
#658235000
1)
#658245000
0)
1&
1'
#658255000
0&
0'
#658305000
1)
#658315000
0)
1&
1'
#658325000
0&
0'
#658375000
1)
#658385000
0)
1&
1'
#658395000
0&
0'
#658445000
1)
#658455000
0)
1&
1'
#658465000
0&
0'
#658515000
1)
#658525000
0)
1&
1'
#658535000
0&
0'
#658585000
1)
#658595000
0)
1&
1'
#658605000
0&
0'
#658655000
1)
#658665000
0)
1&
1'
#658675000
0&
0'
#658725000
1)
#658735000
0)
1&
1'
#658745000
0&
0'
#658795000
1)
#658805000
0)
1&
1'
#658815000
0&
0'
#658865000
1)
#658875000
0)
1&
1'
#658885000
0&
0'
#658935000
1)
#658945000
0)
1&
1'
#658955000
0&
0'
#659005000
1)
#659015000
0)
1&
1'
#659025000
0&
0'
#659075000
1)
#659085000
0)
1&
1'
#659095000
0&
0'
#659145000
1)
#659155000
0)
1&
1'
#659165000
0&
0'
#659215000
1)
#659225000
0)
1&
1'
#659235000
0&
0'
#659285000
1)
#659295000
0)
1&
1'
#659305000
0&
0'
#659355000
1)
#659365000
0)
1&
1'
#659375000
0&
0'
#659425000
1)
#659435000
0)
1&
1'
#659445000
0&
0'
#659495000
1)
#659505000
0)
1&
1'
#659515000
0&
0'
#659565000
1)
#659575000
0)
1&
1'
#659585000
0&
0'
#659635000
1)
#659645000
0)
1&
1'
#659655000
0&
0'
#659705000
1)
#659715000
0)
1&
1'
#659725000
0&
0'
#659775000
1)
#659785000
0)
1&
1'
#659795000
0&
0'
#659845000
1)
#659855000
0)
1&
1'
#659865000
0&
0'
#659915000
1)
#659925000
0)
1&
1'
#659935000
0&
0'
#659985000
1)
#659995000
0)
1&
1'
#660005000
0&
0'
#660055000
1)
#660065000
0)
1&
1'
#660075000
0&
0'
#660125000
1)
#660135000
0)
1&
1'
#660145000
0&
0'
#660195000
1)
#660205000
0)
1&
1'
#660215000
0&
0'
#660265000
1)
#660275000
0)
1&
1'
#660285000
0&
0'
#660335000
1)
#660345000
0)
1&
1'
#660355000
0&
0'
#660405000
1)
#660415000
0)
1&
1'
#660425000
0&
0'
#660475000
1)
#660485000
0)
1&
1'
#660495000
0&
0'
#660545000
1)
#660555000
0)
1&
1'
#660565000
0&
0'
#660615000
1)
#660625000
0)
1&
1'
#660635000
0&
0'
#660685000
1)
#660695000
0)
1&
1'
#660705000
0&
0'
#660755000
1)
#660765000
0)
1&
1'
#660775000
0&
0'
#660825000
1)
#660835000
0)
1&
1'
#660845000
0&
0'
#660895000
1)
#660905000
0)
1&
1'
#660915000
0&
0'
#660965000
1)
#660975000
0)
1&
1'
#660985000
0&
0'
#661035000
1)
#661045000
0)
1&
1'
#661055000
0&
0'
#661105000
1)
#661115000
0)
1&
1'
#661125000
0&
0'
#661175000
1)
#661185000
0)
1&
1'
#661195000
0&
0'
#661245000
1)
#661255000
0)
1&
1'
#661265000
0&
0'
#661315000
1)
#661325000
0)
1&
1'
#661335000
0&
0'
#661385000
1)
#661395000
0)
1&
1'
#661405000
0&
0'
#661455000
1)
#661465000
0)
1&
1'
#661475000
0&
0'
#661525000
1)
#661535000
0)
1&
1'
#661545000
0&
0'
#661595000
1)
#661605000
0)
1&
1'
#661615000
0&
0'
#661665000
1)
#661675000
0)
1&
1'
#661685000
0&
0'
#661735000
1)
#661745000
0)
1&
1'
#661755000
0&
0'
#661805000
1)
#661815000
0)
1&
1'
#661825000
0&
0'
#661875000
1)
#661885000
0)
1&
1'
#661895000
0&
0'
#661945000
1)
#661955000
0)
1&
1'
#661965000
0&
0'
#662015000
1)
#662025000
0)
1&
1'
#662035000
0&
0'
#662085000
1)
#662095000
0)
1&
1'
#662105000
0&
0'
#662155000
1)
#662165000
0)
1&
1'
#662175000
0&
0'
#662225000
1)
#662235000
0)
1&
1'
#662245000
0&
0'
#662295000
1)
#662305000
0)
1&
1'
#662315000
0&
0'
#662365000
1)
#662375000
0)
1&
1'
#662385000
0&
0'
#662435000
1)
#662445000
0)
1&
1'
#662455000
0&
0'
#662505000
1)
#662515000
0)
1&
1'
#662525000
0&
0'
#662575000
1)
#662585000
0)
1&
1'
#662595000
0&
0'
#662645000
1)
#662655000
0)
1&
1'
#662665000
0&
0'
#662715000
1)
#662725000
0)
1&
1'
#662735000
0&
0'
#662785000
1)
#662795000
0)
1&
1'
#662805000
0&
0'
#662855000
1)
#662865000
0)
1&
1'
#662875000
0&
0'
#662925000
1)
#662935000
0)
1&
1'
#662945000
0&
0'
#662995000
1)
#663005000
0)
1&
1'
#663015000
0&
0'
#663065000
1)
#663075000
0)
1&
1'
#663085000
0&
0'
#663135000
1)
#663145000
0)
1&
1'
#663155000
0&
0'
#663205000
1)
#663215000
0)
1&
1'
#663225000
0&
0'
#663275000
1)
#663285000
0)
1&
1'
#663295000
0&
0'
#663345000
1)
#663355000
0)
1&
1'
#663365000
0&
0'
#663415000
1)
#663425000
0)
1&
1'
#663435000
0&
0'
#663485000
1)
#663495000
0)
1&
1'
#663505000
0&
0'
#663555000
1)
#663565000
0)
1&
1'
#663575000
0&
0'
#663625000
1)
#663635000
0)
1&
1'
#663645000
0&
0'
#663695000
1)
#663705000
0)
1&
1'
#663715000
0&
0'
#663765000
1)
#663775000
0)
1&
1'
#663785000
0&
0'
#663835000
1)
#663845000
0)
1&
1'
#663855000
0&
0'
#663905000
1)
#663915000
0)
1&
1'
#663925000
0&
0'
#663975000
1)
#663985000
0)
1&
1'
#663995000
0&
0'
#664045000
1)
#664055000
0)
1&
1'
#664065000
0&
0'
#664115000
1)
#664125000
0)
1&
1'
#664135000
0&
0'
#664185000
1)
#664195000
0)
1&
1'
#664205000
0&
0'
#664255000
1)
#664265000
0)
1&
1'
#664275000
0&
0'
#664325000
1)
#664335000
0)
1&
1'
#664345000
0&
0'
#664395000
1)
#664405000
0)
1&
1'
#664415000
0&
0'
#664465000
1)
#664475000
0)
1&
1'
#664485000
0&
0'
#664535000
1)
#664545000
0)
1&
1'
#664555000
0&
0'
#664605000
1)
#664615000
0)
1&
1'
#664625000
0&
0'
#664675000
1)
#664685000
0)
1&
1'
#664695000
0&
0'
#664745000
1)
#664755000
0)
1&
1'
#664765000
0&
0'
#664815000
1)
#664825000
0)
1&
1'
#664835000
0&
0'
#664885000
1)
#664895000
0)
1&
1'
#664905000
0&
0'
#664955000
1)
#664965000
0)
1&
1'
#664975000
0&
0'
#665025000
1)
#665035000
0)
1&
1'
#665045000
0&
0'
#665095000
1)
#665105000
0)
1&
1'
#665115000
0&
0'
#665165000
1)
#665175000
0)
1&
1'
#665185000
0&
0'
#665235000
1)
#665245000
0)
0"
1'
#665265000
1&
1"
#665275000
0&
0'
#665325000
1)
#665335000
0)
1&
1'
#665345000
0&
0'
#665395000
1)
#665405000
0)
1&
1'
#665415000
0&
0'
#665465000
1)
#665475000
0)
1&
1'
#665485000
0&
0'
#665535000
1)
#665545000
0)
1&
1'
#665555000
0&
0'
#665605000
1)
#665615000
0)
1&
1'
#665625000
0&
0'
#665675000
1)
#665685000
0)
1&
1'
#665695000
0&
0'
#665745000
1)
#665755000
0)
1&
1'
#665765000
0&
0'
#665815000
1)
#665825000
0)
1&
1'
#665835000
0&
0'
#665885000
1)
#665895000
0)
1&
1'
#665905000
0&
0'
#665955000
1)
#665965000
0)
1&
1'
#665975000
0&
0'
#666025000
1)
#666035000
0)
1&
1'
#666045000
0&
0'
#666095000
1)
#666105000
0)
1&
1'
#666115000
0&
0'
#666165000
1)
#666175000
0)
1&
1'
#666185000
0&
0'
#666235000
1)
#666245000
0)
1&
1'
#666255000
0&
0'
#666305000
1)
#666315000
0)
1&
1'
#666325000
0&
0'
#666375000
1)
#666385000
0)
1&
1'
#666395000
0&
0'
#666445000
1)
#666455000
0)
1&
1'
#666465000
0&
0'
#666515000
1)
#666525000
0)
1&
1'
#666535000
0&
0'
#666585000
1)
#666595000
0)
1&
1'
#666605000
0&
0'
#666655000
1)
#666665000
0)
1&
1'
#666675000
0&
0'
#666725000
1)
#666735000
0)
1&
1'
#666745000
0&
0'
#666795000
1)
#666805000
0)
1&
1'
#666815000
0&
0'
#666865000
1)
#666875000
0)
1&
1'
#666885000
0&
0'
#666935000
1)
#666945000
0)
1&
1'
#666955000
0&
0'
#667005000
1)
#667015000
0)
1&
1'
#667025000
0&
0'
#667075000
1)
#667085000
0)
1&
1'
#667095000
0&
0'
#667145000
1)
#667155000
0)
1&
1'
#667165000
0&
0'
#667215000
1)
#667225000
0)
1&
1'
#667235000
0&
0'
#667285000
1)
#667295000
0)
1&
1'
#667305000
0&
0'
#667355000
1)
#667365000
0)
1&
1'
#667375000
0&
0'
#667425000
1)
#667435000
0)
1&
1'
#667445000
0&
0'
#667495000
1)
#667505000
0)
1&
1'
#667515000
0&
0'
#667565000
1)
#667575000
0)
1&
1'
#667585000
0&
0'
#667635000
1)
#667645000
0)
1&
1'
#667655000
0&
0'
#667705000
1)
#667715000
0)
1&
1'
#667725000
0&
0'
#667775000
1)
#667785000
0)
1&
1'
#667795000
0&
0'
#667845000
1)
#667855000
0)
1&
1'
#667865000
0&
0'
#667915000
1)
#667925000
0)
1&
1'
#667935000
0&
0'
#667985000
1)
#667995000
0)
1&
1'
#668005000
0&
0'
#668055000
1)
#668065000
0)
1&
1'
#668075000
0&
0'
#668125000
1)
#668135000
0)
1&
1'
#668145000
0&
0'
#668195000
1)
#668205000
0)
1&
1'
#668215000
0&
0'
#668265000
1)
#668275000
0)
1&
1'
#668285000
0&
0'
#668335000
1)
#668345000
0)
1&
1'
#668355000
0&
0'
#668405000
1)
#668415000
0)
1&
1'
#668425000
0&
0'
#668475000
1)
#668485000
0)
1&
1'
#668495000
0&
0'
#668545000
1)
#668555000
0)
1&
1'
#668565000
0&
0'
#668615000
1)
#668625000
0)
1&
1'
#668635000
0&
0'
#668685000
1)
#668695000
0)
1&
1'
#668705000
0&
0'
#668755000
1)
#668765000
0)
1&
1'
#668775000
0&
0'
#668825000
1)
#668835000
0)
1&
1'
#668845000
0&
0'
#668895000
1)
#668905000
0)
1&
1'
#668915000
0&
0'
#668965000
1)
#668975000
0)
1&
1'
#668985000
0&
0'
#669035000
1)
#669045000
0)
1&
1'
#669055000
0&
0'
#669105000
1)
#669115000
0)
1&
1'
#669125000
0&
0'
#669175000
1)
#669185000
0)
1&
1'
#669195000
0&
0'
#669245000
1)
#669255000
0)
1&
1'
#669265000
0&
0'
#669315000
1)
#669325000
0)
1&
1'
#669335000
0&
0'
#669385000
1)
#669395000
0)
1&
1'
#669405000
0&
0'
#669455000
1)
#669465000
0)
1&
1'
#669475000
0&
0'
#669525000
1)
#669535000
0)
1&
1'
#669545000
0&
0'
#669595000
1)
#669605000
0)
1&
1'
#669615000
0&
0'
#669665000
1)
#669675000
0)
1&
1'
#669685000
0&
0'
#669735000
1)
#669745000
0)
1&
1'
#669755000
0&
0'
#669805000
1)
#669815000
0)
1&
1'
#669825000
0&
0'
#669875000
1)
#669885000
0)
1&
1'
#669895000
0&
0'
#669945000
1)
#669955000
0)
1&
1'
#669965000
0&
0'
#670015000
1)
#670025000
0)
1&
1'
#670035000
0&
0'
#670085000
1)
#670095000
0)
1&
1'
#670105000
0&
0'
#670155000
1)
#670165000
0)
1&
1'
#670175000
0&
0'
#670225000
1)
#670235000
0)
1&
1'
#670245000
0&
0'
#670295000
1)
#670305000
0)
1&
1'
#670315000
0&
0'
#670365000
1)
#670375000
0)
1&
1'
#670385000
0&
0'
#670435000
1)
#670445000
0)
1&
1'
#670455000
0&
0'
#670505000
1)
#670515000
0)
1&
1'
#670525000
0&
0'
#670575000
1)
#670585000
0)
1&
1'
#670595000
0&
0'
#670645000
1)
#670655000
0)
1&
1'
#670665000
0&
0'
#670715000
1)
#670725000
0)
1&
1'
#670735000
0&
0'
#670785000
1)
#670795000
0)
1&
1'
#670805000
0&
0'
#670855000
1)
#670865000
0)
1&
1'
#670875000
0&
0'
#670925000
1)
#670935000
0)
1&
1'
#670945000
0&
0'
#670995000
1)
#671005000
0)
1&
1'
#671015000
0&
0'
#671065000
1)
#671075000
0)
1&
1'
#671085000
0&
0'
#671135000
1)
#671145000
0)
1&
1'
#671155000
0&
0'
#671205000
1)
#671215000
0)
1&
1'
#671225000
0&
0'
#671275000
1)
#671285000
0)
1&
1'
#671295000
0&
0'
#671345000
1)
#671355000
0)
1&
1'
#671365000
0&
0'
#671415000
1)
#671425000
0)
1&
1'
#671435000
0&
0'
#671485000
1)
#671495000
0)
1&
1'
#671505000
0&
0'
#671555000
1)
#671565000
0)
1&
1'
#671575000
0&
0'
#671625000
1)
#671635000
0)
1&
1'
#671645000
0&
0'
#671695000
1)
#671705000
0)
1&
1'
#671715000
0&
0'
#671765000
1)
#671775000
0)
1&
1'
#671785000
0&
0'
#671835000
1)
#671845000
0)
1&
1'
#671855000
0&
0'
#671905000
1)
#671915000
0)
1&
1'
#671925000
0&
0'
#671975000
1)
#671985000
0)
1&
1'
#671995000
0&
0'
#672045000
1)
#672055000
0)
1&
1'
#672065000
0&
0'
#672115000
1)
#672125000
0)
1&
1'
#672135000
0&
0'
#672185000
1)
#672195000
0)
1&
1'
#672205000
0&
0'
#672255000
1)
#672265000
0)
1&
1'
#672275000
0&
0'
#672325000
1)
#672335000
0)
1&
1'
#672345000
0&
0'
#672395000
1)
#672405000
0)
1&
1'
#672415000
0&
0'
#672465000
1)
#672475000
0)
1&
1'
#672485000
0&
0'
#672535000
1)
#672545000
0)
1&
1'
#672555000
0&
0'
#672605000
1)
#672615000
0)
1&
1'
#672625000
0&
0'
#672675000
1)
#672685000
0)
1&
1'
#672695000
0&
0'
#672745000
1)
#672755000
0)
1&
1'
#672765000
0&
0'
#672815000
1)
#672825000
0)
1&
1'
#672835000
0&
0'
#672885000
1)
#672895000
0)
1&
1'
#672905000
0&
0'
#672955000
1)
#672965000
0)
1&
1'
#672975000
0&
0'
#673025000
1)
#673035000
0)
1&
1'
#673045000
0&
0'
#673095000
1)
#673105000
0)
1&
1'
#673115000
0&
0'
#673165000
1)
#673175000
0)
1&
1'
#673185000
0&
0'
#673235000
1)
#673245000
0)
1&
1'
#673255000
0&
0'
#673305000
1)
#673315000
0)
1&
1'
#673325000
0&
0'
#673375000
1)
#673385000
0)
1&
1'
#673395000
0&
0'
#673445000
1)
#673455000
0)
1&
1'
#673465000
0&
0'
#673515000
1)
#673525000
0)
1&
1'
#673535000
0&
0'
#673585000
1)
#673595000
0)
1&
1'
#673605000
0&
0'
#673655000
1)
#673665000
0)
1&
1'
#673675000
0&
0'
#673725000
1)
#673735000
0)
1&
1'
#673745000
0&
0'
#673795000
1)
#673805000
0)
1&
1'
#673815000
0&
0'
#673865000
1)
#673875000
0)
1&
1'
#673885000
0&
0'
#673935000
1)
#673945000
0)
1&
1'
#673955000
0&
0'
#674005000
1)
#674015000
0)
1&
1'
#674025000
0&
0'
#674075000
1)
#674085000
0)
1&
1'
#674095000
0&
0'
#674145000
1)
#674155000
0)
1&
1'
#674165000
0&
0'
#674215000
1)
#674225000
0)
1&
1'
#674235000
0&
0'
#674285000
1)
#674295000
0)
1&
1'
#674305000
0&
0'
#674355000
1)
#674365000
0)
0"
1'
#674385000
b0 ,
b0 +
1#
#674485000
1$
#674495000
0$
#674575000
1$
#674585000
0$
#674665000
1$
#674675000
0$
#674755000
1$
#674765000
0$
#674845000
1$
#674855000
0$
#674935000
1$
#674945000
0$
#675025000
1$
#675035000
0$
#675115000
1$
#675125000
0$
#675205000
1$
#675215000
0$
#675295000
1$
#675305000
0$
#675385000
1$
#675395000
0$
#675475000
1$
#675485000
0$
#675565000
1$
#675575000
0$
#675595000
1%
#675605000
b100 ,
#675705000
1$
#675715000
0$
#675755000
0%
#675795000
1$
#675805000
0$
#675885000
1$
#675895000
0$
#675975000
1$
#675985000
0$
#676065000
1$
#676075000
0$
#676155000
1$
#676165000
0$
#676245000
1$
#676255000
0$
#676335000
1$
#676345000
0$
#676425000
1$
#676435000
0$
#676515000
1$
#676525000
0$
#676605000
1$
#676615000
0$
#676695000
1$
#676705000
0$
#676785000
1$
#676795000
0$
#676815000
1%
#676825000
b1000 ,
#676925000
1$
#676935000
0$
#676975000
0%
#677015000
1$
#677025000
0$
#677105000
1$
#677115000
0$
#677195000
1$
#677205000
0$
#677285000
1$
#677295000
0$
#677375000
1$
#677385000
0$
#677465000
1$
#677475000
0$
#677555000
1$
#677565000
0$
#677645000
1$
#677655000
0$
#677735000
1$
#677745000
0$
#677825000
1$
#677835000
0$
#677915000
1$
#677925000
0$
#678005000
1$
#678015000
0$
#678035000
1%
#678045000
b0 ,
b100 +
#678145000
1$
#678155000
0$
#678195000
0%
#678235000
1$
#678245000
0$
#678325000
1$
#678335000
0$
#678415000
1$
#678425000
0$
#678505000
1$
#678515000
0$
#678595000
1$
#678605000
0$
#678685000
1$
#678695000
0$
#678775000
1$
#678785000
0$
#678865000
1$
#678875000
0$
#678955000
1$
#678965000
0$
#679045000
1$
#679055000
0$
#679135000
1$
#679145000
0$
#679225000
1$
#679235000
0$
#679255000
1%
#679265000
b100 ,
#679365000
1$
#679375000
0$
#679415000
0%
#679455000
1$
#679465000
0$
#679545000
1$
#679555000
0$
#679635000
1$
#679645000
0$
#679725000
1$
#679735000
0$
#679815000
1$
#679825000
0$
#679905000
1$
#679915000
0$
#679995000
1$
#680005000
0$
#680085000
1$
#680095000
0$
#680175000
1$
#680185000
0$
#680265000
1$
#680275000
0$
#680355000
1$
#680365000
0$
#680445000
1$
#680455000
0$
#680475000
1%
#680485000
b1000 ,
#680585000
1$
#680595000
0$
#680635000
0%
#680675000
1$
#680685000
0$
#680765000
1$
#680775000
0$
#680855000
1$
#680865000
0$
#680945000
1$
#680955000
0$
#681035000
1$
#681045000
0$
#681125000
1$
#681135000
0$
#681215000
1$
#681225000
0$
#681305000
1$
#681315000
0$
#681395000
1$
#681405000
0$
#681485000
1$
#681495000
0$
#681575000
1$
#681585000
0$
#681665000
1$
#681675000
0$
#681695000
1%
#681705000
b0 ,
b1000 +
#681805000
1$
#681815000
0$
#681855000
0%
#681895000
1$
#681905000
0$
#681985000
1$
#681995000
0$
#682075000
1$
#682085000
0$
#682165000
1$
#682175000
0$
#682255000
1$
#682265000
0$
#682345000
1$
#682355000
0$
#682435000
1$
#682445000
0$
#682525000
1$
#682535000
0$
#682615000
1$
#682625000
0$
#682705000
1$
#682715000
0$
#682795000
1$
#682805000
0$
#682885000
1$
#682895000
0$
#682915000
1%
#682925000
b100 ,
#683025000
1$
#683035000
0$
#683075000
0%
#683115000
1$
#683125000
0$
#683205000
1$
#683215000
0$
#683295000
1$
#683305000
0$
#683385000
1$
#683395000
0$
#683475000
1$
#683485000
0$
#683565000
1$
#683575000
0$
#683655000
1$
#683665000
0$
#683745000
1$
#683755000
0$
#683835000
1$
#683845000
0$
#683925000
1$
#683935000
0$
#684015000
1$
#684025000
0$
#684105000
1$
#684115000
0$
#684135000
1%
#684145000
b1000 ,
#684245000
1$
#684255000
0$
#684295000
0%
#684335000
1$
#684345000
0$
#684425000
1$
#684435000
0$
#684515000
1$
#684525000
0$
#684605000
1$
#684615000
0$
#684695000
1$
#684705000
0$
#684785000
1$
#684795000
0$
#684875000
1$
#684885000
0$
#684965000
1$
#684975000
0$
#685055000
1$
#685065000
0$
#685145000
1$
#685155000
0$
#685235000
1$
#685245000
0$
#685325000
1$
#685335000
0$
#685355000
1%
#685375000
0#
#685515000
0%
#685535000
1"
#685555000
1(
1&
#685565000
0(
0&
0'
#685615000
1)
#685625000
0)
1'
#685645000
1(
1&
#685655000
0(
0&
0'
#685705000
1)
#685715000
0)
1'
#685735000
1(
1&
#685745000
0(
0&
0'
#685795000
1)
#685805000
0)
1'
#685825000
1(
1&
#685835000
0(
0&
0'
#685885000
1)
#685895000
0)
1'
#685915000
1(
1&
#685925000
0(
0&
0'
#685975000
1)
#685985000
0)
1'
#686005000
1(
1&
#686015000
0(
0&
0'
#686065000
1)
#686075000
0)
1'
#686095000
1(
1&
#686105000
0(
0&
0'
#686155000
1)
#686165000
0)
1'
#686185000
1(
1&
#686195000
0(
0&
0'
#686245000
1)
#686255000
0)
1'
#686275000
1(
1&
#686285000
0(
0&
0'
#686335000
1)
#686345000
0)
1'
#686365000
1(
1&
#686375000
0(
0&
0'
#686425000
1)
#686435000
0)
1'
#686455000
1(
1&
#686465000
0(
0&
0'
#686515000
1)
#686525000
0)
1'
#686545000
1(
1&
#686555000
0(
0&
0'
#686605000
1)
#686615000
0)
1'
#686635000
1(
1&
#686645000
0(
0&
0'
#686695000
1)
#686705000
0)
1'
#686725000
1(
1&
#686735000
0(
0&
0'
#686785000
1)
#686795000
0)
1'
#686815000
1(
1&
#686825000
0(
0&
0'
#686875000
1)
#686885000
0)
1'
#686905000
1(
1&
#686915000
0(
0&
0'
#686965000
1)
#686975000
0)
1'
#686995000
1(
1&
#687005000
0(
0&
0'
#687055000
1)
#687065000
0)
1'
#687085000
1(
1&
#687095000
0(
0&
0'
#687145000
1)
#687155000
0)
1'
#687175000
1(
1&
#687185000
0(
0&
0'
#687235000
1)
#687245000
0)
1'
#687265000
1(
1&
#687275000
0(
0&
0'
#687325000
1)
#687335000
0)
1'
#687355000
1(
1&
#687365000
0(
0&
0'
#687415000
1)
#687425000
0)
1'
#687445000
1(
1&
#687455000
0(
0&
0'
#687505000
1)
#687515000
0)
1'
#687535000
1(
1&
#687545000
0(
0&
0'
#687595000
1)
#687605000
0)
1'
#687625000
1(
1&
#687635000
0(
0&
0'
#687685000
1)
#687695000
0)
1'
#687715000
1(
1&
#687725000
0(
0&
0'
#687775000
1)
#687785000
0)
1'
#687805000
1(
1&
#687815000
0(
0&
0'
#687865000
1)
#687875000
0)
1'
#687895000
1(
1&
#687905000
0(
0&
0'
#687955000
1)
#687965000
0)
1'
#687985000
1(
1&
#687995000
0(
0&
0'
#688045000
1)
#688055000
0)
1'
#688075000
1(
1&
#688085000
0(
0&
0'
#688135000
1)
#688145000
0)
1'
#688165000
1(
1&
#688175000
0(
0&
0'
#688225000
1)
#688235000
0)
1'
#688255000
1(
1&
#688265000
0(
0&
0'
#688315000
1)
#688325000
0)
1'
#688345000
1(
1&
#688355000
0(
0&
0'
#688405000
1)
#688415000
0)
1'
#688435000
1(
1&
#688445000
0(
0&
0'
#688495000
1)
#688505000
0)
1'
#688525000
1(
1&
#688535000
0(
0&
0'
#688585000
1)
#688595000
0)
1'
#688615000
1(
1&
#688625000
0(
0&
0'
#688675000
1)
#688685000
0)
1'
#688705000
1(
1&
#688715000
0(
0&
0'
#688765000
1)
#688775000
0)
1'
#688795000
1(
1&
#688805000
0(
0&
0'
#688855000
1)
#688865000
0)
1'
#688885000
1(
1&
#688895000
0(
0&
0'
#688945000
1)
#688955000
0)
1'
#688975000
1(
1&
#688985000
0(
0&
0'
#689035000
1)
#689045000
0)
1'
#689065000
1(
1&
#689075000
0(
0&
0'
#689125000
1)
#689135000
0)
1'
#689155000
1(
1&
#689165000
0(
0&
0'
#689215000
1)
#689225000
0)
1'
#689245000
1(
1&
#689255000
0(
0&
0'
#689305000
1)
#689315000
0)
1'
#689335000
1(
1&
#689345000
0(
0&
0'
#689395000
1)
#689405000
0)
1'
#689425000
1(
1&
#689435000
0(
0&
0'
#689485000
1)
#689495000
0)
1'
#689515000
1(
1&
#689525000
0(
0&
0'
#689575000
1)
#689585000
0)
1'
#689605000
1(
1&
#689615000
0(
0&
0'
#689665000
1)
#689675000
0)
1'
#689695000
1(
1&
#689705000
0(
0&
0'
#689755000
1)
#689765000
0)
1'
#689785000
1(
1&
#689795000
0(
0&
0'
#689845000
1)
#689855000
0)
1'
#689875000
1(
1&
#689885000
0(
0&
0'
#689935000
1)
#689945000
0)
1'
#689965000
1(
1&
#689975000
0(
0&
0'
#690025000
1)
#690035000
0)
1'
#690055000
1(
1&
#690065000
0(
0&
0'
#690115000
1)
#690125000
0)
1'
#690145000
1(
1&
#690155000
0(
0&
0'
#690205000
1)
#690215000
0)
1'
#690235000
1(
1&
#690245000
0(
0&
0'
#690295000
1)
#690305000
0)
1'
#690325000
1(
1&
#690335000
0(
0&
0'
#690385000
1)
#690395000
0)
1'
#690415000
1(
1&
#690425000
0(
0&
0'
#690475000
1)
#690485000
0)
1'
#690505000
1(
1&
#690515000
0(
0&
0'
#690565000
1)
#690575000
0)
1'
#690595000
1(
1&
#690605000
0(
0&
0'
#690655000
1)
#690665000
0)
1'
#690685000
1(
1&
#690695000
0(
0&
0'
#690745000
1)
#690755000
0)
1'
#690775000
1(
1&
#690785000
0(
0&
0'
#690835000
1)
#690845000
0)
1'
#690865000
1(
1&
#690875000
0(
0&
0'
#690925000
1)
#690935000
0)
1'
#690955000
1(
1&
#690965000
0(
0&
0'
#691015000
1)
#691025000
0)
1'
#691045000
1(
1&
#691055000
0(
0&
0'
#691105000
1)
#691115000
0)
1'
#691135000
1(
1&
#691145000
0(
0&
0'
#691195000
1)
#691205000
0)
1'
#691225000
1(
1&
#691235000
0(
0&
0'
#691285000
1)
#691295000
0)
1'
#691315000
1(
1&
#691325000
0(
0&
0'
#691375000
1)
#691385000
0)
1'
#691405000
1(
1&
#691415000
0(
0&
0'
#691465000
1)
#691475000
0)
1'
#691495000
1(
1&
#691505000
0(
0&
0'
#691555000
1)
#691565000
0)
1'
#691585000
1(
1&
#691595000
0(
0&
0'
#691645000
1)
#691655000
0)
1'
#691675000
1(
1&
#691685000
0(
0&
0'
#691735000
1)
#691745000
0)
1'
#691765000
1(
1&
#691775000
0(
0&
0'
#691825000
1)
#691835000
0)
1'
#691855000
1(
1&
#691865000
0(
0&
0'
#691915000
1)
#691925000
0)
1'
#691945000
1(
1&
#691955000
0(
0&
0'
#692005000
1)
#692015000
0)
1'
#692035000
1(
1&
#692045000
0(
0&
0'
#692095000
1)
#692105000
0)
1'
#692125000
1(
1&
#692135000
0(
0&
0'
#692185000
1)
#692195000
0)
1'
#692215000
1(
1&
#692225000
0(
0&
0'
#692275000
1)
#692285000
0)
1'
#692305000
1(
1&
#692315000
0(
0&
0'
#692365000
1)
#692375000
0)
1'
#692395000
1(
1&
#692405000
0(
0&
0'
#692455000
1)
#692465000
0)
1'
#692485000
1(
1&
#692495000
0(
0&
0'
#692545000
1)
#692555000
0)
1'
#692575000
1(
1&
#692585000
0(
0&
0'
#692635000
1)
#692645000
0)
1'
#692665000
1(
1&
#692675000
0(
0&
0'
#692725000
1)
#692735000
0)
1'
#692755000
1(
1&
#692765000
0(
0&
0'
#692815000
1)
#692825000
0)
1'
#692845000
1(
1&
#692855000
0(
0&
0'
#692905000
1)
#692915000
0)
1'
#692935000
1(
1&
#692945000
0(
0&
0'
#692995000
1)
#693005000
0)
1'
#693025000
1(
1&
#693035000
0(
0&
0'
#693085000
1)
#693095000
0)
1'
#693115000
1(
1&
#693125000
0(
0&
0'
#693175000
1)
#693185000
0)
1'
#693205000
1(
1&
#693215000
0(
0&
0'
#693265000
1)
#693275000
0)
1'
#693295000
1(
1&
#693305000
0(
0&
0'
#693355000
1)
#693365000
0)
1'
#693385000
1(
1&
#693395000
0(
0&
0'
#693445000
1)
#693455000
0)
1'
#693475000
1(
1&
#693485000
0(
0&
0'
#693535000
1)
#693545000
0)
1'
#693565000
1(
1&
#693575000
0(
0&
0'
#693625000
1)
#693635000
0)
1'
#693655000
1(
1&
#693665000
0(
0&
0'
#693715000
1)
#693725000
0)
1'
#693745000
1(
1&
#693755000
0(
0&
0'
#693805000
1)
#693815000
0)
1'
#693835000
1(
1&
#693845000
0(
0&
0'
#693895000
1)
#693905000
0)
1'
#693925000
1(
1&
#693935000
0(
0&
0'
#693985000
1)
#693995000
0)
1'
#694015000
1(
1&
#694025000
0(
0&
0'
#694075000
1)
#694085000
0)
1'
#694105000
1(
1&
#694115000
0(
0&
0'
#694165000
1)
#694175000
0)
1'
#694195000
1(
1&
#694205000
0(
0&
0'
#694255000
1)
#694265000
0)
1'
#694285000
1(
1&
#694295000
0(
0&
0'
#694345000
1)
#694355000
0)
1'
#694375000
1(
1&
#694385000
0(
0&
0'
#694435000
1)
#694445000
0)
1'
#694465000
1(
1&
#694475000
0(
0&
0'
#694525000
1)
#694535000
0)
1'
#694555000
1(
1&
#694565000
0(
0&
0'
#694615000
1)
#694625000
0)
1'
#694645000
1(
1&
#694655000
0(
0&
0'
#694705000
1)
#694715000
0)
1'
#694735000
1(
1&
#694745000
0(
0&
0'
#694795000
1)
#694805000
0)
1'
#694825000
1(
1&
#694835000
0(
0&
0'
#694885000
1)
#694895000
0)
1'
#694915000
1(
1&
#694925000
0(
0&
0'
#694975000
1)
#694985000
0)
1'
#695005000
1(
1&
#695015000
0(
0&
0'
#695065000
1)
#695075000
0)
1'
#695095000
1(
1&
#695105000
0(
0&
0'
#695155000
1)
#695165000
0)
1'
#695185000
1(
1&
#695195000
0(
0&
0'
#695245000
1)
#695255000
0)
1'
#695275000
1(
1&
#695285000
0(
0&
0'
#695335000
1)
#695345000
0)
1'
#695365000
1(
1&
#695375000
0(
0&
0'
#695425000
1)
#695435000
0)
0"
1'
#695445000
0!
#695455000
1*
#695665000
0*
#695945000
1!
#695955000
1&
1"
#695965000
0&
0'
#695975000
1)
#695985000
0)
1&
1'
#695995000
0&
0'
#696005000
1)
#696015000
0)
1&
1'
#696025000
0&
0'
#696035000
1)
#696045000
0)
1&
1'
#696055000
0&
0'
#696065000
1)
#696075000
0)
1&
1'
#696085000
0&
0'
#696095000
1)
#696105000
0)
1&
1'
#696115000
0&
0'
#696125000
1)
#696135000
0)
1&
1'
#696145000
0&
0'
#696155000
1)
#696165000
0)
1&
1'
#696175000
0&
0'
#696185000
1)
#696195000
0)
1&
1'
#696205000
0&
0'
#696215000
1)
#696225000
0)
1&
1'
#696235000
0&
0'
#696245000
1)
#696255000
0)
1&
1'
#696265000
0&
0'
#696275000
1)
#696285000
0)
1&
1'
#696295000
0&
0'
#696305000
1)
#696315000
0)
1&
1'
#696325000
0&
0'
#696335000
1)
#696345000
0)
1&
1'
#696355000
0&
0'
#696365000
1)
#696375000
0)
1&
1'
#696385000
0&
0'
#696395000
1)
#696405000
0)
1&
1'
#696415000
0&
0'
#696425000
1)
#696435000
0)
1&
1'
#696445000
0&
0'
#696455000
1)
#696465000
0)
1&
1'
#696475000
0&
0'
#696485000
1)
#696495000
0)
1&
1'
#696505000
0&
0'
#696515000
1)
#696525000
0)
1&
1'
#696535000
0&
0'
#696545000
1)
#696555000
0)
1&
1'
#696565000
0&
0'
#696575000
1)
#696585000
0)
1&
1'
#696595000
0&
0'
#696605000
1)
#696615000
0)
1&
1'
#696625000
0&
0'
#696635000
1)
#696645000
0)
1&
1'
#696655000
0&
0'
#696665000
1)
#696675000
0)
1&
1'
#696685000
0&
0'
#696695000
1)
#696705000
0)
1&
1'
#696715000
0&
0'
#696725000
1)
#696735000
0)
1&
1'
#696745000
0&
0'
#696755000
1)
#696765000
0)
1&
1'
#696775000
0&
0'
#696785000
1)
#696795000
0)
1&
1'
#696805000
0&
0'
#696815000
1)
#696825000
0)
1&
1'
#696835000
0&
0'
#696845000
1)
#696855000
0)
1&
1'
#696865000
0&
0'
#696875000
1)
#696885000
0)
1&
1'
#696895000
0&
0'
#696905000
1)
#696915000
0)
1&
1'
#696925000
0&
0'
#696935000
1)
#696945000
0)
1&
1'
#696955000
0&
0'
#696965000
1)
#696975000
0)
1&
1'
#696985000
0&
0'
#696995000
1)
#697005000
0)
1&
1'
#697015000
0&
0'
#697025000
1)
#697035000
0)
1&
1'
#697045000
0&
0'
#697055000
1)
#697065000
0)
1&
1'
#697075000
0&
0'
#697085000
1)
#697095000
0)
1&
1'
#697105000
0&
0'
#697115000
1)
#697125000
0)
1&
1'
#697135000
0&
0'
#697145000
1)
#697155000
0)
1&
1'
#697165000
0&
0'
#697175000
1)
#697185000
0)
1&
1'
#697195000
0&
0'
#697205000
1)
#697215000
0)
1&
1'
#697225000
0&
0'
#697235000
1)
#697245000
0)
1&
1'
#697255000
0&
0'
#697265000
1)
#697275000
0)
1&
1'
#697285000
0&
0'
#697295000
1)
#697305000
0)
1&
1'
#697315000
0&
0'
#697325000
1)
#697335000
0)
1&
1'
#697345000
0&
0'
#697355000
1)
#697365000
0)
1&
1'
#697375000
0&
0'
#697385000
1)
#697395000
0)
1&
1'
#697405000
0&
0'
#697415000
1)
#697425000
0)
1&
1'
#697435000
0&
0'
#697445000
1)
#697455000
0)
1&
1'
#697465000
0&
0'
#697475000
1)
#697485000
0)
1&
1'
#697495000
0&
0'
#697505000
1)
#697515000
0)
1&
1'
#697525000
0&
0'
#697535000
1)
#697545000
0)
1&
1'
#697555000
0&
0'
#697565000
1)
#697575000
0)
1&
1'
#697585000
0&
0'
#697595000
1)
#697605000
0)
1&
1'
#697615000
0&
0'
#697625000
1)
#697635000
0)
1&
1'
#697645000
0&
0'
#697655000
1)
#697665000
0)
1&
1'
#697675000
0&
0'
#697685000
1)
#697695000
0)
1&
1'
#697705000
0&
0'
#697715000
1)
#697725000
0)
1&
1'
#697735000
0&
0'
#697745000
1)
#697755000
0)
1&
1'
#697765000
0&
0'
#697775000
1)
#697785000
0)
1&
1'
#697795000
0&
0'
#697805000
1)
#697815000
0)
1&
1'
#697825000
0&
0'
#697835000
1)
#697845000
0)
1&
1'
#697855000
0&
0'
#697865000
1)
#697875000
0)
1&
1'
#697885000
0&
0'
#697895000
1)
#697905000
0)
1&
1'
#697915000
0&
0'
#697925000
1)
#697935000
0)
1&
1'
#697945000
0&
0'
#697955000
1)
#697965000
0)
1&
1'
#697975000
0&
0'
#697985000
1)
#697995000
0)
1&
1'
#698005000
0&
0'
#698015000
1)
#698025000
0)
1&
1'
#698035000
0&
0'
#698045000
1)
#698055000
0)
1&
1'
#698065000
0&
0'
#698075000
1)
#698085000
0)
1&
1'
#698095000
0&
0'
#698105000
1)
#698115000
0)
1&
1'
#698125000
0&
0'
#698135000
1)
#698145000
0)
1&
1'
#698155000
0&
0'
#698165000
1)
#698175000
0)
1&
1'
#698185000
0&
0'
#698195000
1)
#698205000
0)
1&
1'
#698215000
0&
0'
#698225000
1)
#698235000
0)
1&
1'
#698245000
0&
0'
#698255000
1)
#698265000
0)
1&
1'
#698275000
0&
0'
#698285000
1)
#698295000
0)
1&
1'
#698305000
0&
0'
#698315000
1)
#698325000
0)
1&
1'
#698335000
0&
0'
#698345000
1)
#698355000
0)
1&
1'
#698365000
0&
0'
#698375000
1)
#698385000
0)
1&
1'
#698395000
0&
0'
#698405000
1)
#698415000
0)
1&
1'
#698425000
0&
0'
#698435000
1)
#698445000
0)
1&
1'
#698455000
0&
0'
#698465000
1)
#698475000
0)
1&
1'
#698485000
0&
0'
#698495000
1)
#698505000
0)
1&
1'
#698515000
0&
0'
#698525000
1)
#698535000
0)
1&
1'
#698545000
0&
0'
#698555000
1)
#698565000
0)
1&
1'
#698575000
0&
0'
#698585000
1)
#698595000
0)
1&
1'
#698605000
0&
0'
#698615000
1)
#698625000
0)
1&
1'
#698635000
0&
0'
#698645000
1)
#698655000
0)
1&
1'
#698665000
0&
0'
#698675000
1)
#698685000
0)
1&
1'
#698695000
0&
0'
#698705000
1)
#698715000
0)
1&
1'
#698725000
0&
0'
#698735000
1)
#698745000
0)
1&
1'
#698755000
0&
0'
#698765000
1)
#698775000
0)
1&
1'
#698785000
0&
0'
#698795000
1)
#698805000
0)
1&
1'
#698815000
0&
0'
#698825000
1)
#698835000
0)
1&
1'
#698845000
0&
0'
#698855000
1)
#698865000
0)
1&
1'
#698875000
0&
0'
#698885000
1)
#698895000
0)
1&
1'
#698905000
0&
0'
#698915000
1)
#698925000
0)
1&
1'
#698935000
0&
0'
#698945000
1)
#698955000
0)
1&
1'
#698965000
0&
0'
#698975000
1)
#698985000
0)
1&
1'
#698995000
0&
0'
#699005000
1)
#699015000
0)
1&
1'
#699025000
0&
0'
#699035000
1)
#699045000
0)
1&
1'
#699055000
0&
0'
#699065000
1)
#699075000
0)
1&
1'
#699085000
0&
0'
#699095000
1)
#699105000
0)
1&
1'
#699115000
0&
0'
#699125000
1)
#699135000
0)
1&
1'
#699145000
0&
0'
#699155000
1)
#699165000
0)
1&
1'
#699175000
0&
0'
#699185000
1)
#699195000
0)
1&
1'
#699205000
0&
0'
#699215000
1)
#699225000
0)
1&
1'
#699235000
0&
0'
#699245000
1)
#699255000
0)
1&
1'
#699265000
0&
0'
#699275000
1)
#699285000
0)
1&
1'
#699295000
0&
0'
#699305000
1)
#699315000
0)
1&
1'
#699325000
0&
0'
#699335000
1)
#699345000
0)
1&
1'
#699355000
0&
0'
#699365000
1)
#699375000
0)
1&
1'
#699385000
0&
0'
#699395000
1)
#699405000
0)
1&
1'
#699415000
0&
0'
#699425000
1)
#699435000
0)
1&
1'
#699445000
0&
0'
#699455000
1)
#699465000
0)
1&
1'
#699475000
0&
0'
#699485000
1)
#699495000
0)
1&
1'
#699505000
0&
0'
#699515000
1)
#699525000
0)
1&
1'
#699535000
0&
0'
#699545000
1)
#699555000
0)
1&
1'
#699565000
0&
0'
#699575000
1)
#699585000
0)
1&
1'
#699595000
0&
0'
#699605000
1)
#699615000
0)
1&
1'
#699625000
0&
0'
#699635000
1)
#699645000
0)
1&
1'
#699655000
0&
0'
#699665000
1)
#699675000
0)
1&
1'
#699685000
0&
0'
#699695000
1)
#699705000
0)
1&
1'
#699715000
0&
0'
#699725000
1)
#699735000
0)
1&
1'
#699745000
0&
0'
#699755000
1)
#699765000
0)
1&
1'
#699775000
0&
0'
#699785000
1)
#699795000
0)
1&
1'
#699805000
0&
0'
#699815000
1)
#699825000
0)
1&
1'
#699835000
0&
0'
#699845000
1)
#699855000
0)
1&
1'
#699865000
0&
0'
#699875000
1)
#699885000
0)
1&
1'
#699895000
0&
0'
#699905000
1)
#699915000
0)
1&
1'
#699925000
0&
0'
#699935000
1)
#699945000
0)
1&
1'
#699955000
0&
0'
#699965000
1)
#699975000
0)
1&
1'
#699985000
0&
0'
#699995000
1)
#700005000
0)
0"
1'
#700025000
1&
1"
#700035000
0&
0'
#700045000
1)
#700055000
0)
1&
1'
#700065000
0&
0'
#700075000
1)
#700085000
0)
1&
1'
#700095000
0&
0'
#700105000
1)
#700115000
0)
1&
1'
#700125000
0&
0'
#700135000
1)
#700145000
0)
1&
1'
#700155000
0&
0'
#700165000
1)
#700175000
0)
1&
1'
#700185000
0&
0'
#700195000
1)
#700205000
0)
1&
1'
#700215000
0&
0'
#700225000
1)
#700235000
0)
1&
1'
#700245000
0&
0'
#700255000
1)
#700265000
0)
1&
1'
#700275000
0&
0'
#700285000
1)
#700295000
0)
1&
1'
#700305000
0&
0'
#700315000
1)
#700325000
0)
1&
1'
#700335000
0&
0'
#700345000
1)
#700355000
0)
1&
1'
#700365000
0&
0'
#700375000
1)
#700385000
0)
1&
1'
#700395000
0&
0'
#700405000
1)
#700415000
0)
1&
1'
#700425000
0&
0'
#700435000
1)
#700445000
0)
1&
1'
#700455000
0&
0'
#700465000
1)
#700475000
0)
1&
1'
#700485000
0&
0'
#700495000
1)
#700505000
0)
1&
1'
#700515000
0&
0'
#700525000
1)
#700535000
0)
1&
1'
#700545000
0&
0'
#700555000
1)
#700565000
0)
1&
1'
#700575000
0&
0'
#700585000
1)
#700595000
0)
1&
1'
#700605000
0&
0'
#700615000
1)
#700625000
0)
1&
1'
#700635000
0&
0'
#700645000
1)
#700655000
0)
1&
1'
#700665000
0&
0'
#700675000
1)
#700685000
0)
1&
1'
#700695000
0&
0'
#700705000
1)
#700715000
0)
1&
1'
#700725000
0&
0'
#700735000
1)
#700745000
0)
1&
1'
#700755000
0&
0'
#700765000
1)
#700775000
0)
1&
1'
#700785000
0&
0'
#700795000
1)
#700805000
0)
1&
1'
#700815000
0&
0'
#700825000
1)
#700835000
0)
1&
1'
#700845000
0&
0'
#700855000
1)
#700865000
0)
1&
1'
#700875000
0&
0'
#700885000
1)
#700895000
0)
1&
1'
#700905000
0&
0'
#700915000
1)
#700925000
0)
1&
1'
#700935000
0&
0'
#700945000
1)
#700955000
0)
1&
1'
#700965000
0&
0'
#700975000
1)
#700985000
0)
1&
1'
#700995000
0&
0'
#701005000
1)
#701015000
0)
1&
1'
#701025000
0&
0'
#701035000
1)
#701045000
0)
1&
1'
#701055000
0&
0'
#701065000
1)
#701075000
0)
1&
1'
#701085000
0&
0'
#701095000
1)
#701105000
0)
1&
1'
#701115000
0&
0'
#701125000
1)
#701135000
0)
1&
1'
#701145000
0&
0'
#701155000
1)
#701165000
0)
1&
1'
#701175000
0&
0'
#701185000
1)
#701195000
0)
1&
1'
#701205000
0&
0'
#701215000
1)
#701225000
0)
1&
1'
#701235000
0&
0'
#701245000
1)
#701255000
0)
1&
1'
#701265000
0&
0'
#701275000
1)
#701285000
0)
1&
1'
#701295000
0&
0'
#701305000
1)
#701315000
0)
1&
1'
#701325000
0&
0'
#701335000
1)
#701345000
0)
1&
1'
#701355000
0&
0'
#701365000
1)
#701375000
0)
1&
1'
#701385000
0&
0'
#701395000
1)
#701405000
0)
1&
1'
#701415000
0&
0'
#701425000
1)
#701435000
0)
1&
1'
#701445000
0&
0'
#701455000
1)
#701465000
0)
1&
1'
#701475000
0&
0'
#701485000
1)
#701495000
0)
1&
1'
#701505000
0&
0'
#701515000
1)
#701525000
0)
1&
1'
#701535000
0&
0'
#701545000
1)
#701555000
0)
1&
1'
#701565000
0&
0'
#701575000
1)
#701585000
0)
1&
1'
#701595000
0&
0'
#701605000
1)
#701615000
0)
1&
1'
#701625000
0&
0'
#701635000
1)
#701645000
0)
1&
1'
#701655000
0&
0'
#701665000
1)
#701675000
0)
1&
1'
#701685000
0&
0'
#701695000
1)
#701705000
0)
1&
1'
#701715000
0&
0'
#701725000
1)
#701735000
0)
1&
1'
#701745000
0&
0'
#701755000
1)
#701765000
0)
1&
1'
#701775000
0&
0'
#701785000
1)
#701795000
0)
1&
1'
#701805000
0&
0'
#701815000
1)
#701825000
0)
1&
1'
#701835000
0&
0'
#701845000
1)
#701855000
0)
1&
1'
#701865000
0&
0'
#701875000
1)
#701885000
0)
1&
1'
#701895000
0&
0'
#701905000
1)
#701915000
0)
1&
1'
#701925000
0&
0'
#701935000
1)
#701945000
0)
1&
1'
#701955000
0&
0'
#701965000
1)
#701975000
0)
1&
1'
#701985000
0&
0'
#701995000
1)
#702005000
0)
1&
1'
#702015000
0&
0'
#702025000
1)
#702035000
0)
1&
1'
#702045000
0&
0'
#702055000
1)
#702065000
0)
1&
1'
#702075000
0&
0'
#702085000
1)
#702095000
0)
1&
1'
#702105000
0&
0'
#702115000
1)
#702125000
0)
1&
1'
#702135000
0&
0'
#702145000
1)
#702155000
0)
1&
1'
#702165000
0&
0'
#702175000
1)
#702185000
0)
1&
1'
#702195000
0&
0'
#702205000
1)
#702215000
0)
1&
1'
#702225000
0&
0'
#702235000
1)
#702245000
0)
1&
1'
#702255000
0&
0'
#702265000
1)
#702275000
0)
1&
1'
#702285000
0&
0'
#702295000
1)
#702305000
0)
1&
1'
#702315000
0&
0'
#702325000
1)
#702335000
0)
1&
1'
#702345000
0&
0'
#702355000
1)
#702365000
0)
1&
1'
#702375000
0&
0'
#702385000
1)
#702395000
0)
1&
1'
#702405000
0&
0'
#702415000
1)
#702425000
0)
1&
1'
#702435000
0&
0'
#702445000
1)
#702455000
0)
1&
1'
#702465000
0&
0'
#702475000
1)
#702485000
0)
1&
1'
#702495000
0&
0'
#702505000
1)
#702515000
0)
1&
1'
#702525000
0&
0'
#702535000
1)
#702545000
0)
1&
1'
#702555000
0&
0'
#702565000
1)
#702575000
0)
1&
1'
#702585000
0&
0'
#702595000
1)
#702605000
0)
1&
1'
#702615000
0&
0'
#702625000
1)
#702635000
0)
1&
1'
#702645000
0&
0'
#702655000
1)
#702665000
0)
1&
1'
#702675000
0&
0'
#702685000
1)
#702695000
0)
1&
1'
#702705000
0&
0'
#702715000
1)
#702725000
0)
1&
1'
#702735000
0&
0'
#702745000
1)
#702755000
0)
1&
1'
#702765000
0&
0'
#702775000
1)
#702785000
0)
1&
1'
#702795000
0&
0'
#702805000
1)
#702815000
0)
1&
1'
#702825000
0&
0'
#702835000
1)
#702845000
0)
1&
1'
#702855000
0&
0'
#702865000
1)
#702875000
0)
1&
1'
#702885000
0&
0'
#702895000
1)
#702905000
0)
1&
1'
#702915000
0&
0'
#702925000
1)
#702935000
0)
1&
1'
#702945000
0&
0'
#702955000
1)
#702965000
0)
1&
1'
#702975000
0&
0'
#702985000
1)
#702995000
0)
1&
1'
#703005000
0&
0'
#703015000
1)
#703025000
0)
1&
1'
#703035000
0&
0'
#703045000
1)
#703055000
0)
1&
1'
#703065000
0&
0'
#703075000
1)
#703085000
0)
1&
1'
#703095000
0&
0'
#703105000
1)
#703115000
0)
1&
1'
#703125000
0&
0'
#703135000
1)
#703145000
0)
1&
1'
#703155000
0&
0'
#703165000
1)
#703175000
0)
1&
1'
#703185000
0&
0'
#703195000
1)
#703205000
0)
1&
1'
#703215000
0&
0'
#703225000
1)
#703235000
0)
1&
1'
#703245000
0&
0'
#703255000
1)
#703265000
0)
1&
1'
#703275000
0&
0'
#703285000
1)
#703295000
0)
1&
1'
#703305000
0&
0'
#703315000
1)
#703325000
0)
1&
1'
#703335000
0&
0'
#703345000
1)
#703355000
0)
1&
1'
#703365000
0&
0'
#703375000
1)
#703385000
0)
1&
1'
#703395000
0&
0'
#703405000
1)
#703415000
0)
1&
1'
#703425000
0&
0'
#703435000
1)
#703445000
0)
1&
1'
#703455000
0&
0'
#703465000
1)
#703475000
0)
1&
1'
#703485000
0&
0'
#703495000
1)
#703505000
0)
1&
1'
#703515000
0&
0'
#703525000
1)
#703535000
0)
1&
1'
#703545000
0&
0'
#703555000
1)
#703565000
0)
1&
1'
#703575000
0&
0'
#703585000
1)
#703595000
0)
1&
1'
#703605000
0&
0'
#703615000
1)
#703625000
0)
0"
1'
#703645000
b0 ,
b0 +
1#
#703745000
1$
#703755000
0$
#703835000
1$
#703845000
0$
#703925000
1$
#703935000
0$
#704015000
1$
#704025000
0$
#704105000
1$
#704115000
0$
#704195000
1$
#704205000
0$
#704285000
1$
#704295000
0$
#704375000
1$
#704385000
0$
#704465000
1$
#704475000
0$
#704555000
1$
#704565000
0$
#704645000
1$
#704655000
0$
#704735000
1$
#704745000
0$
#704825000
1$
#704835000
0$
#704915000
1$
#704925000
0$
#705005000
1$
#705015000
0$
#705035000
1%
#705045000
b100 ,
#705145000
1$
#705155000
0$
#705195000
0%
#705235000
1$
#705245000
0$
#705325000
1$
#705335000
0$
#705415000
1$
#705425000
0$
#705505000
1$
#705515000
0$
#705595000
1$
#705605000
0$
#705685000
1$
#705695000
0$
#705775000
1$
#705785000
0$
#705865000
1$
#705875000
0$
#705955000
1$
#705965000
0$
#706045000
1$
#706055000
0$
#706135000
1$
#706145000
0$
#706225000
1$
#706235000
0$
#706315000
1$
#706325000
0$
#706405000
1$
#706415000
0$
#706435000
1%
#706445000
b0 ,
b100 +
#706545000
1$
#706555000
0$
#706595000
0%
#706635000
1$
#706645000
0$
#706725000
1$
#706735000
0$
#706815000
1$
#706825000
0$
#706905000
1$
#706915000
0$
#706995000
1$
#707005000
0$
#707085000
1$
#707095000
0$
#707175000
1$
#707185000
0$
#707265000
1$
#707275000
0$
#707355000
1$
#707365000
0$
#707445000
1$
#707455000
0$
#707535000
1$
#707545000
0$
#707625000
1$
#707635000
0$
#707715000
1$
#707725000
0$
#707805000
1$
#707815000
0$
#707835000
1%
#707845000
b100 ,
#707945000
1$
#707955000
0$
#707995000
0%
#708035000
1$
#708045000
0$
#708125000
1$
#708135000
0$
#708215000
1$
#708225000
0$
#708305000
1$
#708315000
0$
#708395000
1$
#708405000
0$
#708485000
1$
#708495000
0$
#708575000
1$
#708585000
0$
#708665000
1$
#708675000
0$
#708755000
1$
#708765000
0$
#708845000
1$
#708855000
0$
#708935000
1$
#708945000
0$
#709025000
1$
#709035000
0$
#709115000
1$
#709125000
0$
#709205000
1$
#709215000
0$
#709235000
1%
#709245000
b0 ,
b1000 +
#709345000
1$
#709355000
0$
#709395000
0%
#709435000
1$
#709445000
0$
#709525000
1$
#709535000
0$
#709615000
1$
#709625000
0$
#709705000
1$
#709715000
0$
#709795000
1$
#709805000
0$
#709885000
1$
#709895000
0$
#709975000
1$
#709985000
0$
#710065000
1$
#710075000
0$
#710155000
1$
#710165000
0$
#710245000
1$
#710255000
0$
#710335000
1$
#710345000
0$
#710425000
1$
#710435000
0$
#710515000
1$
#710525000
0$
#710605000
1$
#710615000
0$
#710635000
1%
#710645000
b100 ,
#710745000
1$
#710755000
0$
#710795000
0%
#710835000
1$
#710845000
0$
#710925000
1$
#710935000
0$
#711015000
1$
#711025000
0$
#711105000
1$
#711115000
0$
#711195000
1$
#711205000
0$
#711285000
1$
#711295000
0$
#711375000
1$
#711385000
0$
#711465000
1$
#711475000
0$
#711555000
1$
#711565000
0$
#711645000
1$
#711655000
0$
#711735000
1$
#711745000
0$
#711825000
1$
#711835000
0$
#711915000
1$
#711925000
0$
#712005000
1$
#712015000
0$
#712035000
1%
#712055000
0#
#712195000
0%
#712215000
1"
#712235000
1(
1&
#712245000
0(
0&
0'
#712255000
1)
#712265000
0)
1'
#712285000
1(
1&
#712295000
0(
0&
0'
#712305000
1)
#712315000
0)
1'
#712335000
1(
1&
#712345000
0(
0&
0'
#712355000
1)
#712365000
0)
1'
#712385000
1(
1&
#712395000
0(
0&
0'
#712405000
1)
#712415000
0)
1'
#712435000
1(
1&
#712445000
0(
0&
0'
#712455000
1)
#712465000
0)
1'
#712485000
1(
1&
#712495000
0(
0&
0'
#712505000
1)
#712515000
0)
1'
#712535000
1(
1&
#712545000
0(
0&
0'
#712555000
1)
#712565000
0)
1'
#712585000
1(
1&
#712595000
0(
0&
0'
#712605000
1)
#712615000
0)
1'
#712635000
1(
1&
#712645000
0(
0&
0'
#712655000
1)
#712665000
0)
1'
#712685000
1(
1&
#712695000
0(
0&
0'
#712705000
1)
#712715000
0)
1'
#712735000
1(
1&
#712745000
0(
0&
0'
#712755000
1)
#712765000
0)
1'
#712785000
1(
1&
#712795000
0(
0&
0'
#712805000
1)
#712815000
0)
1'
#712835000
1(
1&
#712845000
0(
0&
0'
#712855000
1)
#712865000
0)
1'
#712885000
1(
1&
#712895000
0(
0&
0'
#712905000
1)
#712915000
0)
1'
#712935000
1(
1&
#712945000
0(
0&
0'
#712955000
1)
#712965000
0)
1'
#712985000
1(
1&
#712995000
0(
0&
0'
#713005000
1)
#713015000
0)
1'
#713035000
1(
1&
#713045000
0(
0&
0'
#713055000
1)
#713065000
0)
1'
#713085000
1(
1&
#713095000
0(
0&
0'
#713105000
1)
#713115000
0)
1'
#713135000
1(
1&
#713145000
0(
0&
0'
#713155000
1)
#713165000
0)
1'
#713185000
1(
1&
#713195000
0(
0&
0'
#713205000
1)
#713215000
0)
1'
#713235000
1(
1&
#713245000
0(
0&
0'
#713255000
1)
#713265000
0)
1'
#713285000
1(
1&
#713295000
0(
0&
0'
#713305000
1)
#713315000
0)
1'
#713335000
1(
1&
#713345000
0(
0&
0'
#713355000
1)
#713365000
0)
1'
#713385000
1(
1&
#713395000
0(
0&
0'
#713405000
1)
#713415000
0)
1'
#713435000
1(
1&
#713445000
0(
0&
0'
#713455000
1)
#713465000
0)
1'
#713485000
1(
1&
#713495000
0(
0&
0'
#713505000
1)
#713515000
0)
1'
#713535000
1(
1&
#713545000
0(
0&
0'
#713555000
1)
#713565000
0)
1'
#713585000
1(
1&
#713595000
0(
0&
0'
#713605000
1)
#713615000
0)
1'
#713635000
1(
1&
#713645000
0(
0&
0'
#713655000
1)
#713665000
0)
1'
#713685000
1(
1&
#713695000
0(
0&
0'
#713705000
1)
#713715000
0)
1'
#713735000
1(
1&
#713745000
0(
0&
0'
#713755000
1)
#713765000
0)
1'
#713785000
1(
1&
#713795000
0(
0&
0'
#713805000
1)
#713815000
0)
1'
#713835000
1(
1&
#713845000
0(
0&
0'
#713855000
1)
#713865000
0)
1'
#713885000
1(
1&
#713895000
0(
0&
0'
#713905000
1)
#713915000
0)
1'
#713935000
1(
1&
#713945000
0(
0&
0'
#713955000
1)
#713965000
0)
1'
#713985000
1(
1&
#713995000
0(
0&
0'
#714005000
1)
#714015000
0)
1'
#714035000
1(
1&
#714045000
0(
0&
0'
#714055000
1)
#714065000
0)
1'
#714085000
1(
1&
#714095000
0(
0&
0'
#714105000
1)
#714115000
0)
1'
#714135000
1(
1&
#714145000
0(
0&
0'
#714155000
1)
#714165000
0)
1'
#714185000
1(
1&
#714195000
0(
0&
0'
#714205000
1)
#714215000
0)
1'
#714235000
1(
1&
#714245000
0(
0&
0'
#714255000
1)
#714265000
0)
1'
#714285000
1(
1&
#714295000
0(
0&
0'
#714305000
1)
#714315000
0)
1'
#714335000
1(
1&
#714345000
0(
0&
0'
#714355000
1)
#714365000
0)
1'
#714385000
1(
1&
#714395000
0(
0&
0'
#714405000
1)
#714415000
0)
1'
#714435000
1(
1&
#714445000
0(
0&
0'
#714455000
1)
#714465000
0)
1'
#714485000
1(
1&
#714495000
0(
0&
0'
#714505000
1)
#714515000
0)
1'
#714535000
1(
1&
#714545000
0(
0&
0'
#714555000
1)
#714565000
0)
1'
#714585000
1(
1&
#714595000
0(
0&
0'
#714605000
1)
#714615000
0)
1'
#714635000
1(
1&
#714645000
0(
0&
0'
#714655000
1)
#714665000
0)
1'
#714685000
1(
1&
#714695000
0(
0&
0'
#714705000
1)
#714715000
0)
1'
#714735000
1(
1&
#714745000
0(
0&
0'
#714755000
1)
#714765000
0)
1'
#714785000
1(
1&
#714795000
0(
0&
0'
#714805000
1)
#714815000
0)
1'
#714835000
1(
1&
#714845000
0(
0&
0'
#714855000
1)
#714865000
0)
1'
#714885000
1(
1&
#714895000
0(
0&
0'
#714905000
1)
#714915000
0)
1'
#714935000
1(
1&
#714945000
0(
0&
0'
#714955000
1)
#714965000
0)
1'
#714985000
1(
1&
#714995000
0(
0&
0'
#715005000
1)
#715015000
0)
1'
#715035000
1(
1&
#715045000
0(
0&
0'
#715055000
1)
#715065000
0)
1'
#715085000
1(
1&
#715095000
0(
0&
0'
#715105000
1)
#715115000
0)
1'
#715135000
1(
1&
#715145000
0(
0&
0'
#715155000
1)
#715165000
0)
1'
#715185000
1(
1&
#715195000
0(
0&
0'
#715205000
1)
#715215000
0)
1'
#715235000
1(
1&
#715245000
0(
0&
0'
#715255000
1)
#715265000
0)
1'
#715285000
1(
1&
#715295000
0(
0&
0'
#715305000
1)
#715315000
0)
1'
#715335000
1(
1&
#715345000
0(
0&
0'
#715355000
1)
#715365000
0)
1'
#715385000
1(
1&
#715395000
0(
0&
0'
#715405000
1)
#715415000
0)
1'
#715435000
1(
1&
#715445000
0(
0&
0'
#715455000
1)
#715465000
0)
1'
#715485000
1(
1&
#715495000
0(
0&
0'
#715505000
1)
#715515000
0)
1'
#715535000
1(
1&
#715545000
0(
0&
0'
#715555000
1)
#715565000
0)
1'
#715585000
1(
1&
#715595000
0(
0&
0'
#715605000
1)
#715615000
0)
1'
#715635000
1(
1&
#715645000
0(
0&
0'
#715655000
1)
#715665000
0)
1'
#715685000
1(
1&
#715695000
0(
0&
0'
#715705000
1)
#715715000
0)
1'
#715735000
1(
1&
#715745000
0(
0&
0'
#715755000
1)
#715765000
0)
1'
#715785000
1(
1&
#715795000
0(
0&
0'
#715805000
1)
#715815000
0)
0"
1'
#715825000
0!
#715835000
1*
#716045000
0*
#716325000
1!
#716335000
1&
1"
#716345000
0&
0'
#716365000
1)
#716375000
0)
1&
1'
#716385000
0&
0'
#716405000
1)
#716415000
0)
1&
1'
#716425000
0&
0'
#716445000
1)
#716455000
0)
1&
1'
#716465000
0&
0'
#716485000
1)
#716495000
0)
1&
1'
#716505000
0&
0'
#716525000
1)
#716535000
0)
1&
1'
#716545000
0&
0'
#716565000
1)
#716575000
0)
1&
1'
#716585000
0&
0'
#716605000
1)
#716615000
0)
1&
1'
#716625000
0&
0'
#716645000
1)
#716655000
0)
1&
1'
#716665000
0&
0'
#716685000
1)
#716695000
0)
1&
1'
#716705000
0&
0'
#716725000
1)
#716735000
0)
1&
1'
#716745000
0&
0'
#716765000
1)
#716775000
0)
1&
1'
#716785000
0&
0'
#716805000
1)
#716815000
0)
1&
1'
#716825000
0&
0'
#716845000
1)
#716855000
0)
1&
1'
#716865000
0&
0'
#716885000
1)
#716895000
0)
1&
1'
#716905000
0&
0'
#716925000
1)
#716935000
0)
1&
1'
#716945000
0&
0'
#716965000
1)
#716975000
0)
1&
1'
#716985000
0&
0'
#717005000
1)
#717015000
0)
1&
1'
#717025000
0&
0'
#717045000
1)
#717055000
0)
0"
1'
#717075000
1&
1"
#717085000
0&
0'
#717105000
1)
#717115000
0)
1&
1'
#717125000
0&
0'
#717145000
1)
#717155000
0)
1&
1'
#717165000
0&
0'
#717185000
1)
#717195000
0)
1&
1'
#717205000
0&
0'
#717225000
1)
#717235000
0)
1&
1'
#717245000
0&
0'
#717265000
1)
#717275000
0)
1&
1'
#717285000
0&
0'
#717305000
1)
#717315000
0)
1&
1'
#717325000
0&
0'
#717345000
1)
#717355000
0)
1&
1'
#717365000
0&
0'
#717385000
1)
#717395000
0)
1&
1'
#717405000
0&
0'
#717425000
1)
#717435000
0)
1&
1'
#717445000
0&
0'
#717465000
1)
#717475000
0)
1&
1'
#717485000
0&
0'
#717505000
1)
#717515000
0)
1&
1'
#717525000
0&
0'
#717545000
1)
#717555000
0)
1&
1'
#717565000
0&
0'
#717585000
1)
#717595000
0)
1&
1'
#717605000
0&
0'
#717625000
1)
#717635000
0)
1&
1'
#717645000
0&
0'
#717665000
1)
#717675000
0)
1&
1'
#717685000
0&
0'
#717705000
1)
#717715000
0)
1&
1'
#717725000
0&
0'
#717745000
1)
#717755000
0)
1&
1'
#717765000
0&
0'
#717785000
1)
#717795000
0)
1&
1'
#717805000
0&
0'
#717825000
1)
#717835000
0)
1&
1'
#717845000
0&
0'
#717865000
1)
#717875000
0)
1&
1'
#717885000
0&
0'
#717905000
1)
#717915000
0)
1&
1'
#717925000
0&
0'
#717945000
1)
#717955000
0)
1&
1'
#717965000
0&
0'
#717985000
1)
#717995000
0)
1&
1'
#718005000
0&
0'
#718025000
1)
#718035000
0)
1&
1'
#718045000
0&
0'
#718065000
1)
#718075000
0)
1&
1'
#718085000
0&
0'
#718105000
1)
#718115000
0)
0"
1'
#718135000
b0 ,
b0 +
1#
#718235000
1$
#718245000
0$
#718325000
1$
#718335000
0$
#718355000
1%
#718365000
b100 ,
#718465000
1$
#718475000
0$
#718515000
0%
#718555000
1$
#718565000
0$
#718585000
1%
#718595000
b1000 ,
#718695000
1$
#718705000
0$
#718745000
0%
#718785000
1$
#718795000
0$
#718815000
1%
#718825000
b1100 ,
#718925000
1$
#718935000
0$
#718975000
0%
#719015000
1$
#719025000
0$
#719045000
1%
#719055000
b0 ,
b100 +
#719155000
1$
#719165000
0$
#719205000
0%
#719245000
1$
#719255000
0$
#719275000
1%
#719285000
b100 ,
#719385000
1$
#719395000
0$
#719435000
0%
#719475000
1$
#719485000
0$
#719505000
1%
#719515000
b1000 ,
#719615000
1$
#719625000
0$
#719665000
0%
#719705000
1$
#719715000
0$
#719735000
1%
#719745000
b1100 ,
#719845000
1$
#719855000
0$
#719895000
0%
#719935000
1$
#719945000
0$
#719965000
1%
#719975000
b0 ,
b1000 +
#720075000
1$
#720085000
0$
#720125000
0%
#720165000
1$
#720175000
0$
#720195000
1%
#720205000
b100 ,
#720305000
1$
#720315000
0$
#720355000
0%
#720395000
1$
#720405000
0$
#720425000
1%
#720435000
b1000 ,
#720535000
1$
#720545000
0$
#720585000
0%
#720625000
1$
#720635000
0$
#720655000
1%
#720665000
b1100 ,
#720765000
1$
#720775000
0$
#720815000
0%
#720855000
1$
#720865000
0$
#720885000
1%
#720905000
0#
#721045000
0%
#721065000
1"
#721085000
1(
1&
#721095000
0(
0&
0'
#721115000
1)
#721125000
0)
1'
#721145000
1(
1&
#721155000
0(
0&
0'
#721175000
1)
#721185000
0)
1'
#721205000
1(
1&
#721215000
0(
0&
0'
#721235000
1)
#721245000
0)
1'
#721265000
1(
1&
#721275000
0(
0&
0'
#721295000
1)
#721305000
0)
1'
#721325000
1(
1&
#721335000
0(
0&
0'
#721355000
1)
#721365000
0)
1'
#721385000
1(
1&
#721395000
0(
0&
0'
#721415000
1)
#721425000
0)
1'
#721445000
1(
1&
#721455000
0(
0&
0'
#721475000
1)
#721485000
0)
1'
#721505000
1(
1&
#721515000
0(
0&
0'
#721535000
1)
#721545000
0)
1'
#721565000
1(
1&
#721575000
0(
0&
0'
#721595000
1)
#721605000
0)
1'
#721625000
1(
1&
#721635000
0(
0&
0'
#721655000
1)
#721665000
0)
1'
#721685000
1(
1&
#721695000
0(
0&
0'
#721715000
1)
#721725000
0)
1'
#721745000
1(
1&
#721755000
0(
0&
0'
#721775000
1)
#721785000
0)
1'
#721805000
1(
1&
#721815000
0(
0&
0'
#721835000
1)
#721845000
0)
1'
#721865000
1(
1&
#721875000
0(
0&
0'
#721895000
1)
#721905000
0)
1'
#721925000
1(
1&
#721935000
0(
0&
0'
#721955000
1)
#721965000
0)
1'
#721985000
1(
1&
#721995000
0(
0&
0'
#722015000
1)
#722025000
0)
1'
#722045000
1(
1&
#722055000
0(
0&
0'
#722075000
1)
#722085000
0)
1'
#722105000
1(
1&
#722115000
0(
0&
0'
#722135000
1)
#722145000
0)
1'
#722165000
1(
1&
#722175000
0(
0&
0'
#722195000
1)
#722205000
0)
1'
#722225000
1(
1&
#722235000
0(
0&
0'
#722255000
1)
#722265000
0)
1'
#722285000
1(
1&
#722295000
0(
0&
0'
#722315000
1)
#722325000
0)
1'
#722345000
1(
1&
#722355000
0(
0&
0'
#722375000
1)
#722385000
0)
1'
#722405000
1(
1&
#722415000
0(
0&
0'
#722435000
1)
#722445000
0)
1'
#722465000
1(
1&
#722475000
0(
0&
0'
#722495000
1)
#722505000
0)
1'
#722525000
1(
1&
#722535000
0(
0&
0'
#722555000
1)
#722565000
0)
1'
#722585000
1(
1&
#722595000
0(
0&
0'
#722615000
1)
#722625000
0)
1'
#722645000
1(
1&
#722655000
0(
0&
0'
#722675000
1)
#722685000
0)
1'
#722705000
1(
1&
#722715000
0(
0&
0'
#722735000
1)
#722745000
0)
1'
#722765000
1(
1&
#722775000
0(
0&
0'
#722795000
1)
#722805000
0)
1'
#722825000
1(
1&
#722835000
0(
0&
0'
#722855000
1)
#722865000
0)
1'
#722885000
1(
1&
#722895000
0(
0&
0'
#722915000
1)
#722925000
0)
1'
#722945000
1(
1&
#722955000
0(
0&
0'
#722975000
1)
#722985000
0)
1'
#723005000
1(
1&
#723015000
0(
0&
0'
#723035000
1)
#723045000
0)
1'
#723065000
1(
1&
#723075000
0(
0&
0'
#723095000
1)
#723105000
0)
1'
#723125000
1(
1&
#723135000
0(
0&
0'
#723155000
1)
#723165000
0)
1'
#723185000
1(
1&
#723195000
0(
0&
0'
#723215000
1)
#723225000
0)
1'
#723245000
1(
1&
#723255000
0(
0&
0'
#723275000
1)
#723285000
0)
1'
#723305000
1(
1&
#723315000
0(
0&
0'
#723335000
1)
#723345000
0)
1'
#723365000
1(
1&
#723375000
0(
0&
0'
#723395000
1)
#723405000
0)
1'
#723425000
1(
1&
#723435000
0(
0&
0'
#723455000
1)
#723465000
0)
1'
#723485000
1(
1&
#723495000
0(
0&
0'
#723515000
1)
#723525000
0)
1'
#723545000
1(
1&
#723555000
0(
0&
0'
#723575000
1)
#723585000
0)
1'
#723605000
1(
1&
#723615000
0(
0&
0'
#723635000
1)
#723645000
0)
1'
#723665000
1(
1&
#723675000
0(
0&
0'
#723695000
1)
#723705000
0)
1'
#723725000
1(
1&
#723735000
0(
0&
0'
#723755000
1)
#723765000
0)
1'
#723785000
1(
1&
#723795000
0(
0&
0'
#723815000
1)
#723825000
0)
1'
#723845000
1(
1&
#723855000
0(
0&
0'
#723875000
1)
#723885000
0)
1'
#723905000
1(
1&
#723915000
0(
0&
0'
#723935000
1)
#723945000
0)
1'
#723965000
1(
1&
#723975000
0(
0&
0'
#723995000
1)
#724005000
0)
1'
#724025000
1(
1&
#724035000
0(
0&
0'
#724055000
1)
#724065000
0)
1'
#724085000
1(
1&
#724095000
0(
0&
0'
#724115000
1)
#724125000
0)
1'
#724145000
1(
1&
#724155000
0(
0&
0'
#724175000
1)
#724185000
0)
1'
#724205000
1(
1&
#724215000
0(
0&
0'
#724235000
1)
#724245000
0)
1'
#724265000
1(
1&
#724275000
0(
0&
0'
#724295000
1)
#724305000
0)
1'
#724325000
1(
1&
#724335000
0(
0&
0'
#724355000
1)
#724365000
0)
1'
#724385000
1(
1&
#724395000
0(
0&
0'
#724415000
1)
#724425000
0)
1'
#724445000
1(
1&
#724455000
0(
0&
0'
#724475000
1)
#724485000
0)
1'
#724505000
1(
1&
#724515000
0(
0&
0'
#724535000
1)
#724545000
0)
1'
#724565000
1(
1&
#724575000
0(
0&
0'
#724595000
1)
#724605000
0)
1'
#724625000
1(
1&
#724635000
0(
0&
0'
#724655000
1)
#724665000
0)
1'
#724685000
1(
1&
#724695000
0(
0&
0'
#724715000
1)
#724725000
0)
1'
#724745000
1(
1&
#724755000
0(
0&
0'
#724775000
1)
#724785000
0)
1'
#724805000
1(
1&
#724815000
0(
0&
0'
#724835000
1)
#724845000
0)
1'
#724865000
1(
1&
#724875000
0(
0&
0'
#724895000
1)
#724905000
0)
1'
#724925000
1(
1&
#724935000
0(
0&
0'
#724955000
1)
#724965000
0)
1'
#724985000
1(
1&
#724995000
0(
0&
0'
#725015000
1)
#725025000
0)
1'
#725045000
1(
1&
#725055000
0(
0&
0'
#725075000
1)
#725085000
0)
1'
#725105000
1(
1&
#725115000
0(
0&
0'
#725135000
1)
#725145000
0)
1'
#725165000
1(
1&
#725175000
0(
0&
0'
#725195000
1)
#725205000
0)
1'
#725225000
1(
1&
#725235000
0(
0&
0'
#725255000
1)
#725265000
0)
1'
#725285000
1(
1&
#725295000
0(
0&
0'
#725315000
1)
#725325000
0)
1'
#725345000
1(
1&
#725355000
0(
0&
0'
#725375000
1)
#725385000
0)
1'
#725405000
1(
1&
#725415000
0(
0&
0'
#725435000
1)
#725445000
0)
1'
#725465000
1(
1&
#725475000
0(
0&
0'
#725495000
1)
#725505000
0)
1'
#725525000
1(
1&
#725535000
0(
0&
0'
#725555000
1)
#725565000
0)
1'
#725585000
1(
1&
#725595000
0(
0&
0'
#725615000
1)
#725625000
0)
1'
#725645000
1(
1&
#725655000
0(
0&
0'
#725675000
1)
#725685000
0)
1'
#725705000
1(
1&
#725715000
0(
0&
0'
#725735000
1)
#725745000
0)
1'
#725765000
1(
1&
#725775000
0(
0&
0'
#725795000
1)
#725805000
0)
1'
#725825000
1(
1&
#725835000
0(
0&
0'
#725855000
1)
#725865000
0)
1'
#725885000
1(
1&
#725895000
0(
0&
0'
#725915000
1)
#725925000
0)
1'
#725945000
1(
1&
#725955000
0(
0&
0'
#725975000
1)
#725985000
0)
1'
#726005000
1(
1&
#726015000
0(
0&
0'
#726035000
1)
#726045000
0)
1'
#726065000
1(
1&
#726075000
0(
0&
0'
#726095000
1)
#726105000
0)
1'
#726125000
1(
1&
#726135000
0(
0&
0'
#726155000
1)
#726165000
0)
1'
#726185000
1(
1&
#726195000
0(
0&
0'
#726215000
1)
#726225000
0)
1'
#726245000
1(
1&
#726255000
0(
0&
0'
#726275000
1)
#726285000
0)
1'
#726305000
1(
1&
#726315000
0(
0&
0'
#726335000
1)
#726345000
0)
1'
#726365000
1(
1&
#726375000
0(
0&
0'
#726395000
1)
#726405000
0)
1'
#726425000
1(
1&
#726435000
0(
0&
0'
#726455000
1)
#726465000
0)
1'
#726485000
1(
1&
#726495000
0(
0&
0'
#726515000
1)
#726525000
0)
1'
#726545000
1(
1&
#726555000
0(
0&
0'
#726575000
1)
#726585000
0)
1'
#726605000
1(
1&
#726615000
0(
0&
0'
#726635000
1)
#726645000
0)
1'
#726665000
1(
1&
#726675000
0(
0&
0'
#726695000
1)
#726705000
0)
1'
#726725000
1(
1&
#726735000
0(
0&
0'
#726755000
1)
#726765000
0)
1'
#726785000
1(
1&
#726795000
0(
0&
0'
#726815000
1)
#726825000
0)
1'
#726845000
1(
1&
#726855000
0(
0&
0'
#726875000
1)
#726885000
0)
1'
#726905000
1(
1&
#726915000
0(
0&
0'
#726935000
1)
#726945000
0)
1'
#726965000
1(
1&
#726975000
0(
0&
0'
#726995000
1)
#727005000
0)
1'
#727025000
1(
1&
#727035000
0(
0&
0'
#727055000
1)
#727065000
0)
1'
#727085000
1(
1&
#727095000
0(
0&
0'
#727115000
1)
#727125000
0)
1'
#727145000
1(
1&
#727155000
0(
0&
0'
#727175000
1)
#727185000
0)
1'
#727205000
1(
1&
#727215000
0(
0&
0'
#727235000
1)
#727245000
0)
1'
#727265000
1(
1&
#727275000
0(
0&
0'
#727295000
1)
#727305000
0)
1'
#727325000
1(
1&
#727335000
0(
0&
0'
#727355000
1)
#727365000
0)
1'
#727385000
1(
1&
#727395000
0(
0&
0'
#727415000
1)
#727425000
0)
1'
#727445000
1(
1&
#727455000
0(
0&
0'
#727475000
1)
#727485000
0)
1'
#727505000
1(
1&
#727515000
0(
0&
0'
#727535000
1)
#727545000
0)
1'
#727565000
1(
1&
#727575000
0(
0&
0'
#727595000
1)
#727605000
0)
1'
#727625000
1(
1&
#727635000
0(
0&
0'
#727655000
1)
#727665000
0)
1'
#727685000
1(
1&
#727695000
0(
0&
0'
#727715000
1)
#727725000
0)
1'
#727745000
1(
1&
#727755000
0(
0&
0'
#727775000
1)
#727785000
0)
1'
#727805000
1(
1&
#727815000
0(
0&
0'
#727835000
1)
#727845000
0)
1'
#727865000
1(
1&
#727875000
0(
0&
0'
#727895000
1)
#727905000
0)
1'
#727925000
1(
1&
#727935000
0(
0&
0'
#727955000
1)
#727965000
0)
1'
#727985000
1(
1&
#727995000
0(
0&
0'
#728015000
1)
#728025000
0)
1'
#728045000
1(
1&
#728055000
0(
0&
0'
#728075000
1)
#728085000
0)
0"
1'
#728095000
0!
#728105000
1*
#728315000
0*
#728320000
0'
#728595000
1!
#728605000
1&
1"
#728615000
1'
#728625000
0&
0'
#728655000
1)
#728665000
0)
1&
#728675000
1'
#728685000
0&
0'
#728715000
1)
#728725000
0)
1&
#728735000
1'
#728745000
0&
0'
#728775000
1)
#728785000
0)
1&
#728795000
1'
#728805000
0&
0'
#728835000
1)
#728845000
0)
1&
#728855000
1'
#728865000
0&
0'
#728895000
1)
#728905000
0)
1&
#728915000
1'
#728925000
0&
0'
#728955000
1)
#728965000
0)
1&
#728975000
1'
#728985000
0&
0'
#729015000
1)
#729025000
0)
1&
#729035000
1'
#729045000
0&
0'
#729075000
1)
#729085000
0)
1&
#729095000
1'
#729105000
0&
0'
#729135000
1)
#729145000
0)
1&
#729155000
1'
#729165000
0&
0'
#729195000
1)
#729205000
0)
1&
#729215000
1'
#729225000
0&
0'
#729255000
1)
#729265000
0)
1&
#729275000
1'
#729285000
0&
0'
#729315000
1)
#729325000
0)
1&
#729335000
1'
#729345000
0&
0'
#729375000
1)
#729385000
0)
1&
#729395000
1'
#729405000
0&
0'
#729435000
1)
#729445000
0)
1&
#729455000
1'
#729465000
0&
0'
#729495000
1)
#729505000
0)
1&
#729515000
1'
#729525000
0&
0'
#729555000
1)
#729565000
0)
1&
#729575000
1'
#729585000
0&
0'
#729615000
1)
#729625000
0)
1&
#729635000
1'
#729645000
0&
0'
#729675000
1)
#729685000
0)
1&
#729695000
1'
#729705000
0&
0'
#729735000
1)
#729745000
0)
1&
#729755000
1'
#729765000
0&
0'
#729795000
1)
#729805000
0)
1&
#729815000
1'
#729825000
0&
0'
#729855000
1)
#729865000
0)
1&
#729875000
1'
#729885000
0&
0'
#729915000
1)
#729925000
0)
1&
#729935000
1'
#729945000
0&
0'
#729975000
1)
#729985000
0)
1&
#729995000
1'
#730005000
0&
0'
#730035000
1)
#730045000
0)
1&
#730055000
1'
#730065000
0&
0'
#730095000
1)
#730105000
0)
1&
#730115000
1'
#730125000
0&
0'
#730155000
1)
#730165000
0)
1&
#730175000
1'
#730185000
0&
0'
#730215000
1)
#730225000
0)
1&
#730235000
1'
#730245000
0&
0'
#730275000
1)
#730285000
0)
1&
#730295000
1'
#730305000
0&
0'
#730335000
1)
#730345000
0)
1&
#730355000
1'
#730365000
0&
0'
#730395000
1)
#730405000
0)
1&
#730415000
1'
#730425000
0&
0'
#730455000
1)
#730465000
0)
1&
#730475000
1'
#730485000
0&
0'
#730515000
1)
#730525000
0)
1&
#730535000
1'
#730545000
0&
0'
#730575000
1)
#730585000
0)
1&
#730595000
1'
#730605000
0&
0'
#730635000
1)
#730645000
0)
1&
#730655000
1'
#730665000
0&
0'
#730695000
1)
#730705000
0)
1&
#730715000
1'
#730725000
0&
0'
#730755000
1)
#730765000
0)
1&
#730775000
1'
#730785000
0&
0'
#730815000
1)
#730825000
0)
1&
#730835000
1'
#730845000
0&
0'
#730875000
1)
#730885000
0)
1&
#730895000
1'
#730905000
0&
0'
#730935000
1)
#730945000
0)
1&
#730955000
1'
#730965000
0&
0'
#730995000
1)
#731005000
0)
1&
#731015000
1'
#731025000
0&
0'
#731055000
1)
#731065000
0)
1&
#731075000
1'
#731085000
0&
0'
#731115000
1)
#731125000
0)
1&
#731135000
1'
#731145000
0&
0'
#731175000
1)
#731185000
0)
1&
#731195000
1'
#731205000
0&
0'
#731235000
1)
#731245000
0)
1&
#731255000
1'
#731265000
0&
0'
#731295000
1)
#731305000
0)
1&
#731315000
1'
#731325000
0&
0'
#731355000
1)
#731365000
0)
1&
#731375000
1'
#731385000
0&
0'
#731415000
1)
#731425000
0)
1&
#731435000
1'
#731445000
0&
0'
#731475000
1)
#731485000
0)
1&
#731495000
1'
#731505000
0&
0'
#731535000
1)
#731545000
0)
1&
#731555000
1'
#731565000
0&
0'
#731595000
1)
#731605000
0)
1&
#731615000
1'
#731625000
0&
0'
#731655000
1)
#731665000
0)
1&
#731675000
1'
#731685000
0&
0'
#731715000
1)
#731725000
0)
1&
#731735000
1'
#731745000
0&
0'
#731775000
1)
#731785000
0)
1&
#731795000
1'
#731805000
0&
0'
#731835000
1)
#731845000
0)
1&
#731855000
1'
#731865000
0&
0'
#731895000
1)
#731905000
0)
1&
#731915000
1'
#731925000
0&
0'
#731955000
1)
#731965000
0)
1&
#731975000
1'
#731985000
0&
0'
#732015000
1)
#732025000
0)
1&
#732035000
1'
#732045000
0&
0'
#732075000
1)
#732085000
0)
1&
#732095000
1'
#732105000
0&
0'
#732135000
1)
#732145000
0)
1&
#732155000
1'
#732165000
0&
0'
#732195000
1)
#732205000
0)
1&
#732215000
1'
#732225000
0&
0'
#732255000
1)
#732265000
0)
1&
#732275000
1'
#732285000
0&
0'
#732315000
1)
#732325000
0)
1&
#732335000
1'
#732345000
0&
0'
#732375000
1)
#732385000
0)
1&
#732395000
1'
#732405000
0&
0'
#732435000
1)
#732445000
0)
1&
#732455000
1'
#732465000
0&
0'
#732495000
1)
#732505000
0)
1&
#732515000
1'
#732525000
0&
0'
#732555000
1)
#732565000
0)
1&
#732575000
1'
#732585000
0&
0'
#732615000
1)
#732625000
0)
1&
#732635000
1'
#732645000
0&
0'
#732675000
1)
#732685000
0)
1&
#732695000
1'
#732705000
0&
0'
#732735000
1)
#732745000
0)
1&
#732755000
1'
#732765000
0&
0'
#732795000
1)
#732805000
0)
1&
#732815000
1'
#732825000
0&
0'
#732855000
1)
#732865000
0)
1&
#732875000
1'
#732885000
0&
0'
#732915000
1)
#732925000
0)
0"
#732945000
1&
1"
#732955000
1'
#732965000
0&
0'
#732995000
1)
#733005000
0)
1&
#733015000
1'
#733025000
0&
0'
#733055000
1)
#733065000
0)
1&
#733075000
1'
#733085000
0&
0'
#733115000
1)
#733125000
0)
1&
#733135000
1'
#733145000
0&
0'
#733175000
1)
#733185000
0)
1&
#733195000
1'
#733205000
0&
0'
#733235000
1)
#733245000
0)
1&
#733255000
1'
#733265000
0&
0'
#733295000
1)
#733305000
0)
1&
#733315000
1'
#733325000
0&
0'
#733355000
1)
#733365000
0)
1&
#733375000
1'
#733385000
0&
0'
#733415000
1)
#733425000
0)
1&
#733435000
1'
#733445000
0&
0'
#733475000
1)
#733485000
0)
1&
#733495000
1'
#733505000
0&
0'
#733535000
1)
#733545000
0)
1&
#733555000
1'
#733565000
0&
0'
#733595000
1)
#733605000
0)
1&
#733615000
1'
#733625000
0&
0'
#733655000
1)
#733665000
0)
1&
#733675000
1'
#733685000
0&
0'
#733715000
1)
#733725000
0)
1&
#733735000
1'
#733745000
0&
0'
#733775000
1)
#733785000
0)
1&
#733795000
1'
#733805000
0&
0'
#733835000
1)
#733845000
0)
1&
#733855000
1'
#733865000
0&
0'
#733895000
1)
#733905000
0)
1&
#733915000
1'
#733925000
0&
0'
#733955000
1)
#733965000
0)
1&
#733975000
1'
#733985000
0&
0'
#734015000
1)
#734025000
0)
1&
#734035000
1'
#734045000
0&
0'
#734075000
1)
#734085000
0)
1&
#734095000
1'
#734105000
0&
0'
#734135000
1)
#734145000
0)
1&
#734155000
1'
#734165000
0&
0'
#734195000
1)
#734205000
0)
1&
#734215000
1'
#734225000
0&
0'
#734255000
1)
#734265000
0)
1&
#734275000
1'
#734285000
0&
0'
#734315000
1)
#734325000
0)
1&
#734335000
1'
#734345000
0&
0'
#734375000
1)
#734385000
0)
1&
#734395000
1'
#734405000
0&
0'
#734435000
1)
#734445000
0)
1&
#734455000
1'
#734465000
0&
0'
#734495000
1)
#734505000
0)
1&
#734515000
1'
#734525000
0&
0'
#734555000
1)
#734565000
0)
0"
#734585000
b0 ,
b0 +
1#
#734685000
1$
#734695000
0$
#734775000
1$
#734785000
0$
#734865000
1$
#734875000
0$
#734955000
1$
#734965000
0$
#735045000
1$
#735055000
0$
#735135000
1$
#735145000
0$
#735225000
1$
#735235000
0$
#735315000
1$
#735325000
0$
#735405000
1$
#735415000
0$
#735435000
1%
#735445000
b100 +
#735545000
1$
#735555000
0$
#735595000
0%
#735635000
1$
#735645000
0$
#735725000
1$
#735735000
0$
#735815000
1$
#735825000
0$
#735905000
1$
#735915000
0$
#735995000
1$
#736005000
0$
#736085000
1$
#736095000
0$
#736175000
1$
#736185000
0$
#736265000
1$
#736275000
0$
#736295000
1%
#736315000
0#
#736455000
0%
#736475000
1"
#736495000
1(
1&
#736505000
1'
#736515000
0(
0&
0'
#736545000
1)
#736555000
0)
#736575000
1(
1&
#736585000
1'
#736595000
0(
0&
0'
#736625000
1)
#736635000
0)
#736655000
1(
1&
#736665000
1'
#736675000
0(
0&
0'
#736705000
1)
#736715000
0)
#736735000
1(
1&
#736745000
1'
#736755000
0(
0&
0'
#736785000
1)
#736795000
0)
#736815000
1(
1&
#736825000
1'
#736835000
0(
0&
0'
#736865000
1)
#736875000
0)
#736895000
1(
1&
#736905000
1'
#736915000
0(
0&
0'
#736945000
1)
#736955000
0)
#736975000
1(
1&
#736985000
1'
#736995000
0(
0&
0'
#737025000
1)
#737035000
0)
#737055000
1(
1&
#737065000
1'
#737075000
0(
0&
0'
#737105000
1)
#737115000
0)
#737135000
1(
1&
#737145000
1'
#737155000
0(
0&
0'
#737185000
1)
#737195000
0)
#737215000
1(
1&
#737225000
1'
#737235000
0(
0&
0'
#737265000
1)
#737275000
0)
#737295000
1(
1&
#737305000
1'
#737315000
0(
0&
0'
#737345000
1)
#737355000
0)
#737375000
1(
1&
#737385000
1'
#737395000
0(
0&
0'
#737425000
1)
#737435000
0)
#737455000
1(
1&
#737465000
1'
#737475000
0(
0&
0'
#737505000
1)
#737515000
0)
#737535000
1(
1&
#737545000
1'
#737555000
0(
0&
0'
#737585000
1)
#737595000
0)
#737615000
1(
1&
#737625000
1'
#737635000
0(
0&
0'
#737665000
1)
#737675000
0)
#737695000
1(
1&
#737705000
1'
#737715000
0(
0&
0'
#737745000
1)
#737755000
0)
#737775000
1(
1&
#737785000
1'
#737795000
0(
0&
0'
#737825000
1)
#737835000
0)
#737855000
1(
1&
#737865000
1'
#737875000
0(
0&
0'
#737905000
1)
#737915000
0)
#737935000
1(
1&
#737945000
1'
#737955000
0(
0&
0'
#737985000
1)
#737995000
0)
#738015000
1(
1&
#738025000
1'
#738035000
0(
0&
0'
#738065000
1)
#738075000
0)
#738095000
1(
1&
#738105000
1'
#738115000
0(
0&
0'
#738145000
1)
#738155000
0)
#738175000
1(
1&
#738185000
1'
#738195000
0(
0&
0'
#738225000
1)
#738235000
0)
#738255000
1(
1&
#738265000
1'
#738275000
0(
0&
0'
#738305000
1)
#738315000
0)
#738335000
1(
1&
#738345000
1'
#738355000
0(
0&
0'
#738385000
1)
#738395000
0)
0"
#738405000
0!
#738415000
1*
#738625000
0*
#738630000
1'
#738905000
1!
#738915000
1&
1"
#738925000
0&
0'
#738965000
1)
#738975000
0)
1&
1'
#738985000
0&
0'
#739025000
1)
#739035000
0)
1&
1'
#739045000
0&
0'
#739085000
1)
#739095000
0)
1&
1'
#739105000
0&
0'
#739145000
1)
#739155000
0)
1&
1'
#739165000
0&
0'
#739205000
1)
#739215000
0)
1&
1'
#739225000
0&
0'
#739265000
1)
#739275000
0)
1&
1'
#739285000
0&
0'
#739325000
1)
#739335000
0)
1&
1'
#739345000
0&
0'
#739385000
1)
#739395000
0)
1&
1'
#739405000
0&
0'
#739445000
1)
#739455000
0)
1&
1'
#739465000
0&
0'
#739505000
1)
#739515000
0)
1&
1'
#739525000
0&
0'
#739565000
1)
#739575000
0)
1&
1'
#739585000
0&
0'
#739625000
1)
#739635000
0)
1&
1'
#739645000
0&
0'
#739685000
1)
#739695000
0)
1&
1'
#739705000
0&
0'
#739745000
1)
#739755000
0)
1&
1'
#739765000
0&
0'
#739805000
1)
#739815000
0)
1&
1'
#739825000
0&
0'
#739865000
1)
#739875000
0)
1&
1'
#739885000
0&
0'
#739925000
1)
#739935000
0)
1&
1'
#739945000
0&
0'
#739985000
1)
#739995000
0)
1&
1'
#740005000
0&
0'
#740045000
1)
#740055000
0)
1&
1'
#740065000
0&
0'
#740105000
1)
#740115000
0)
1&
1'
#740125000
0&
0'
#740165000
1)
#740175000
0)
1&
1'
#740185000
0&
0'
#740225000
1)
#740235000
0)
1&
1'
#740245000
0&
0'
#740285000
1)
#740295000
0)
1&
1'
#740305000
0&
0'
#740345000
1)
#740355000
0)
1&
1'
#740365000
0&
0'
#740405000
1)
#740415000
0)
1&
1'
#740425000
0&
0'
#740465000
1)
#740475000
0)
1&
1'
#740485000
0&
0'
#740525000
1)
#740535000
0)
1&
1'
#740545000
0&
0'
#740585000
1)
#740595000
0)
1&
1'
#740605000
0&
0'
#740645000
1)
#740655000
0)
1&
1'
#740665000
0&
0'
#740705000
1)
#740715000
0)
1&
1'
#740725000
0&
0'
#740765000
1)
#740775000
0)
1&
1'
#740785000
0&
0'
#740825000
1)
#740835000
0)
1&
1'
#740845000
0&
0'
#740885000
1)
#740895000
0)
1&
1'
#740905000
0&
0'
#740945000
1)
#740955000
0)
1&
1'
#740965000
0&
0'
#741005000
1)
#741015000
0)
1&
1'
#741025000
0&
0'
#741065000
1)
#741075000
0)
1&
1'
#741085000
0&
0'
#741125000
1)
#741135000
0)
1&
1'
#741145000
0&
0'
#741185000
1)
#741195000
0)
1&
1'
#741205000
0&
0'
#741245000
1)
#741255000
0)
1&
1'
#741265000
0&
0'
#741305000
1)
#741315000
0)
1&
1'
#741325000
0&
0'
#741365000
1)
#741375000
0)
1&
1'
#741385000
0&
0'
#741425000
1)
#741435000
0)
1&
1'
#741445000
0&
0'
#741485000
1)
#741495000
0)
1&
1'
#741505000
0&
0'
#741545000
1)
#741555000
0)
1&
1'
#741565000
0&
0'
#741605000
1)
#741615000
0)
1&
1'
#741625000
0&
0'
#741665000
1)
#741675000
0)
1&
1'
#741685000
0&
0'
#741725000
1)
#741735000
0)
1&
1'
#741745000
0&
0'
#741785000
1)
#741795000
0)
1&
1'
#741805000
0&
0'
#741845000
1)
#741855000
0)
1&
1'
#741865000
0&
0'
#741905000
1)
#741915000
0)
1&
1'
#741925000
0&
0'
#741965000
1)
#741975000
0)
1&
1'
#741985000
0&
0'
#742025000
1)
#742035000
0)
1&
1'
#742045000
0&
0'
#742085000
1)
#742095000
0)
1&
1'
#742105000
0&
0'
#742145000
1)
#742155000
0)
1&
1'
#742165000
0&
0'
#742205000
1)
#742215000
0)
0"
1'
#742235000
1&
1"
#742245000
0&
0'
#742285000
1)
#742295000
0)
1&
1'
#742305000
0&
0'
#742345000
1)
#742355000
0)
1&
1'
#742365000
0&
0'
#742405000
1)
#742415000
0)
1&
1'
#742425000
0&
0'
#742465000
1)
#742475000
0)
1&
1'
#742485000
0&
0'
#742525000
1)
#742535000
0)
1&
1'
#742545000
0&
0'
#742585000
1)
#742595000
0)
1&
1'
#742605000
0&
0'
#742645000
1)
#742655000
0)
1&
1'
#742665000
0&
0'
#742705000
1)
#742715000
0)
1&
1'
#742725000
0&
0'
#742765000
1)
#742775000
0)
1&
1'
#742785000
0&
0'
#742825000
1)
#742835000
0)
1&
1'
#742845000
0&
0'
#742885000
1)
#742895000
0)
1&
1'
#742905000
0&
0'
#742945000
1)
#742955000
0)
1&
1'
#742965000
0&
0'
#743005000
1)
#743015000
0)
1&
1'
#743025000
0&
0'
#743065000
1)
#743075000
0)
1&
1'
#743085000
0&
0'
#743125000
1)
#743135000
0)
1&
1'
#743145000
0&
0'
#743185000
1)
#743195000
0)
1&
1'
#743205000
0&
0'
#743245000
1)
#743255000
0)
1&
1'
#743265000
0&
0'
#743305000
1)
#743315000
0)
1&
1'
#743325000
0&
0'
#743365000
1)
#743375000
0)
1&
1'
#743385000
0&
0'
#743425000
1)
#743435000
0)
1&
1'
#743445000
0&
0'
#743485000
1)
#743495000
0)
1&
1'
#743505000
0&
0'
#743545000
1)
#743555000
0)
1&
1'
#743565000
0&
0'
#743605000
1)
#743615000
0)
1&
1'
#743625000
0&
0'
#743665000
1)
#743675000
0)
1&
1'
#743685000
0&
0'
#743725000
1)
#743735000
0)
1&
1'
#743745000
0&
0'
#743785000
1)
#743795000
0)
1&
1'
#743805000
0&
0'
#743845000
1)
#743855000
0)
1&
1'
#743865000
0&
0'
#743905000
1)
#743915000
0)
1&
1'
#743925000
0&
0'
#743965000
1)
#743975000
0)
1&
1'
#743985000
0&
0'
#744025000
1)
#744035000
0)
1&
1'
#744045000
0&
0'
#744085000
1)
#744095000
0)
1&
1'
#744105000
0&
0'
#744145000
1)
#744155000
0)
1&
1'
#744165000
0&
0'
#744205000
1)
#744215000
0)
1&
1'
#744225000
0&
0'
#744265000
1)
#744275000
0)
1&
1'
#744285000
0&
0'
#744325000
1)
#744335000
0)
1&
1'
#744345000
0&
0'
#744385000
1)
#744395000
0)
1&
1'
#744405000
0&
0'
#744445000
1)
#744455000
0)
1&
1'
#744465000
0&
0'
#744505000
1)
#744515000
0)
1&
1'
#744525000
0&
0'
#744565000
1)
#744575000
0)
1&
1'
#744585000
0&
0'
#744625000
1)
#744635000
0)
1&
1'
#744645000
0&
0'
#744685000
1)
#744695000
0)
1&
1'
#744705000
0&
0'
#744745000
1)
#744755000
0)
1&
1'
#744765000
0&
0'
#744805000
1)
#744815000
0)
1&
1'
#744825000
0&
0'
#744865000
1)
#744875000
0)
1&
1'
#744885000
0&
0'
#744925000
1)
#744935000
0)
1&
1'
#744945000
0&
0'
#744985000
1)
#744995000
0)
1&
1'
#745005000
0&
0'
#745045000
1)
#745055000
0)
1&
1'
#745065000
0&
0'
#745105000
1)
#745115000
0)
1&
1'
#745125000
0&
0'
#745165000
1)
#745175000
0)
1&
1'
#745185000
0&
0'
#745225000
1)
#745235000
0)
1&
1'
#745245000
0&
0'
#745285000
1)
#745295000
0)
1&
1'
#745305000
0&
0'
#745345000
1)
#745355000
0)
1&
1'
#745365000
0&
0'
#745405000
1)
#745415000
0)
1&
1'
#745425000
0&
0'
#745465000
1)
#745475000
0)
1&
1'
#745485000
0&
0'
#745525000
1)
#745535000
0)
1&
1'
#745545000
0&
0'
#745585000
1)
#745595000
0)
1&
1'
#745605000
0&
0'
#745645000
1)
#745655000
0)
1&
1'
#745665000
0&
0'
#745705000
1)
#745715000
0)
1&
1'
#745725000
0&
0'
#745765000
1)
#745775000
0)
1&
1'
#745785000
0&
0'
#745825000
1)
#745835000
0)
1&
1'
#745845000
0&
0'
#745885000
1)
#745895000
0)
1&
1'
#745905000
0&
0'
#745945000
1)
#745955000
0)
1&
1'
#745965000
0&
0'
#746005000
1)
#746015000
0)
1&
1'
#746025000
0&
0'
#746065000
1)
#746075000
0)
1&
1'
#746085000
0&
0'
#746125000
1)
#746135000
0)
1&
1'
#746145000
0&
0'
#746185000
1)
#746195000
0)
1&
1'
#746205000
0&
0'
#746245000
1)
#746255000
0)
1&
1'
#746265000
0&
0'
#746305000
1)
#746315000
0)
1&
1'
#746325000
0&
0'
#746365000
1)
#746375000
0)
1&
1'
#746385000
0&
0'
#746425000
1)
#746435000
0)
0"
1'
#746455000
b0 +
1#
#746555000
1$
#746565000
0$
#746645000
1$
#746655000
0$
#746735000
1$
#746745000
0$
#746825000
1$
#746835000
0$
#746915000
1$
#746925000
0$
#746945000
1%
#746955000
b100 ,
#747055000
1$
#747065000
0$
#747105000
0%
#747145000
1$
#747155000
0$
#747235000
1$
#747245000
0$
#747325000
1$
#747335000
0$
#747415000
1$
#747425000
0$
#747445000
1%
#747455000
b1000 ,
#747555000
1$
#747565000
0$
#747605000
0%
#747645000
1$
#747655000
0$
#747735000
1$
#747745000
0$
#747825000
1$
#747835000
0$
#747915000
1$
#747925000
0$
#747945000
1%
#747955000
b1100 ,
#748055000
1$
#748065000
0$
#748105000
0%
#748145000
1$
#748155000
0$
#748235000
1$
#748245000
0$
#748325000
1$
#748335000
0$
#748415000
1$
#748425000
0$
#748445000
1%
#748455000
b0 ,
b100 +
#748555000
1$
#748565000
0$
#748605000
0%
#748645000
1$
#748655000
0$
#748735000
1$
#748745000
0$
#748825000
1$
#748835000
0$
#748915000
1$
#748925000
0$
#748945000
1%
#748955000
b100 ,
#749055000
1$
#749065000
0$
#749105000
0%
#749145000
1$
#749155000
0$
#749235000
1$
#749245000
0$
#749325000
1$
#749335000
0$
#749415000
1$
#749425000
0$
#749445000
1%
#749455000
b1000 ,
#749555000
1$
#749565000
0$
#749605000
0%
#749645000
1$
#749655000
0$
#749735000
1$
#749745000
0$
#749825000
1$
#749835000
0$
#749915000
1$
#749925000
0$
#749945000
1%
#749955000
b1100 ,
#750055000
1$
#750065000
0$
#750105000
0%
#750145000
1$
#750155000
0$
#750235000
1$
#750245000
0$
#750325000
1$
#750335000
0$
#750415000
1$
#750425000
0$
#750445000
1%
#750455000
b0 ,
b1000 +
#750555000
1$
#750565000
0$
#750605000
0%
#750645000
1$
#750655000
0$
#750735000
1$
#750745000
0$
#750825000
1$
#750835000
0$
#750915000
1$
#750925000
0$
#750945000
1%
#750955000
b100 ,
#751055000
1$
#751065000
0$
#751105000
0%
#751145000
1$
#751155000
0$
#751235000
1$
#751245000
0$
#751325000
1$
#751335000
0$
#751415000
1$
#751425000
0$
#751445000
1%
#751455000
b1000 ,
#751555000
1$
#751565000
0$
#751605000
0%
#751645000
1$
#751655000
0$
#751735000
1$
#751745000
0$
#751825000
1$
#751835000
0$
#751915000
1$
#751925000
0$
#751945000
1%
#751955000
b1100 ,
#752055000
1$
#752065000
0$
#752105000
0%
#752145000
1$
#752155000
0$
#752235000
1$
#752245000
0$
#752325000
1$
#752335000
0$
#752415000
1$
#752425000
0$
#752445000
1%
#752465000
0#
#752605000
0%
#752625000
1"
#752645000
1(
1&
#752655000
0(
0&
0'
#752695000
1)
#752705000
0)
1'
#752725000
1(
1&
#752735000
0(
0&
0'
#752775000
1)
#752785000
0)
1'
#752805000
1(
1&
#752815000
0(
0&
0'
#752855000
1)
#752865000
0)
1'
#752885000
1(
1&
#752895000
0(
0&
0'
#752935000
1)
#752945000
0)
1'
#752965000
1(
1&
#752975000
0(
0&
0'
#753015000
1)
#753025000
0)
1'
#753045000
1(
1&
#753055000
0(
0&
0'
#753095000
1)
#753105000
0)
1'
#753125000
1(
1&
#753135000
0(
0&
0'
#753175000
1)
#753185000
0)
1'
#753205000
1(
1&
#753215000
0(
0&
0'
#753255000
1)
#753265000
0)
1'
#753285000
1(
1&
#753295000
0(
0&
0'
#753335000
1)
#753345000
0)
1'
#753365000
1(
1&
#753375000
0(
0&
0'
#753415000
1)
#753425000
0)
1'
#753445000
1(
1&
#753455000
0(
0&
0'
#753495000
1)
#753505000
0)
1'
#753525000
1(
1&
#753535000
0(
0&
0'
#753575000
1)
#753585000
0)
1'
#753605000
1(
1&
#753615000
0(
0&
0'
#753655000
1)
#753665000
0)
1'
#753685000
1(
1&
#753695000
0(
0&
0'
#753735000
1)
#753745000
0)
1'
#753765000
1(
1&
#753775000
0(
0&
0'
#753815000
1)
#753825000
0)
1'
#753845000
1(
1&
#753855000
0(
0&
0'
#753895000
1)
#753905000
0)
1'
#753925000
1(
1&
#753935000
0(
0&
0'
#753975000
1)
#753985000
0)
1'
#754005000
1(
1&
#754015000
0(
0&
0'
#754055000
1)
#754065000
0)
1'
#754085000
1(
1&
#754095000
0(
0&
0'
#754135000
1)
#754145000
0)
1'
#754165000
1(
1&
#754175000
0(
0&
0'
#754215000
1)
#754225000
0)
1'
#754245000
1(
1&
#754255000
0(
0&
0'
#754295000
1)
#754305000
0)
1'
#754325000
1(
1&
#754335000
0(
0&
0'
#754375000
1)
#754385000
0)
1'
#754405000
1(
1&
#754415000
0(
0&
0'
#754455000
1)
#754465000
0)
1'
#754485000
1(
1&
#754495000
0(
0&
0'
#754535000
1)
#754545000
0)
1'
#754565000
1(
1&
#754575000
0(
0&
0'
#754615000
1)
#754625000
0)
1'
#754645000
1(
1&
#754655000
0(
0&
0'
#754695000
1)
#754705000
0)
1'
#754725000
1(
1&
#754735000
0(
0&
0'
#754775000
1)
#754785000
0)
1'
#754805000
1(
1&
#754815000
0(
0&
0'
#754855000
1)
#754865000
0)
1'
#754885000
1(
1&
#754895000
0(
0&
0'
#754935000
1)
#754945000
0)
1'
#754965000
1(
1&
#754975000
0(
0&
0'
#755015000
1)
#755025000
0)
1'
#755045000
1(
1&
#755055000
0(
0&
0'
#755095000
1)
#755105000
0)
1'
#755125000
1(
1&
#755135000
0(
0&
0'
#755175000
1)
#755185000
0)
1'
#755205000
1(
1&
#755215000
0(
0&
0'
#755255000
1)
#755265000
0)
1'
#755285000
1(
1&
#755295000
0(
0&
0'
#755335000
1)
#755345000
0)
1'
#755365000
1(
1&
#755375000
0(
0&
0'
#755415000
1)
#755425000
0)
1'
#755445000
1(
1&
#755455000
0(
0&
0'
#755495000
1)
#755505000
0)
1'
#755525000
1(
1&
#755535000
0(
0&
0'
#755575000
1)
#755585000
0)
1'
#755605000
1(
1&
#755615000
0(
0&
0'
#755655000
1)
#755665000
0)
1'
#755685000
1(
1&
#755695000
0(
0&
0'
#755735000
1)
#755745000
0)
1'
#755765000
1(
1&
#755775000
0(
0&
0'
#755815000
1)
#755825000
0)
1'
#755845000
1(
1&
#755855000
0(
0&
0'
#755895000
1)
#755905000
0)
1'
#755925000
1(
1&
#755935000
0(
0&
0'
#755975000
1)
#755985000
0)
1'
#756005000
1(
1&
#756015000
0(
0&
0'
#756055000
1)
#756065000
0)
1'
#756085000
1(
1&
#756095000
0(
0&
0'
#756135000
1)
#756145000
0)
1'
#756165000
1(
1&
#756175000
0(
0&
0'
#756215000
1)
#756225000
0)
1'
#756245000
1(
1&
#756255000
0(
0&
0'
#756295000
1)
#756305000
0)
1'
#756325000
1(
1&
#756335000
0(
0&
0'
#756375000
1)
#756385000
0)
1'
#756405000
1(
1&
#756415000
0(
0&
0'
#756455000
1)
#756465000
0)
1'
#756485000
1(
1&
#756495000
0(
0&
0'
#756535000
1)
#756545000
0)
1'
#756565000
1(
1&
#756575000
0(
0&
0'
#756615000
1)
#756625000
0)
1'
#756645000
1(
1&
#756655000
0(
0&
0'
#756695000
1)
#756705000
0)
1'
#756725000
1(
1&
#756735000
0(
0&
0'
#756775000
1)
#756785000
0)
1'
#756805000
1(
1&
#756815000
0(
0&
0'
#756855000
1)
#756865000
0)
1'
#756885000
1(
1&
#756895000
0(
0&
0'
#756935000
1)
#756945000
0)
1'
#756965000
1(
1&
#756975000
0(
0&
0'
#757015000
1)
#757025000
0)
1'
#757045000
1(
1&
#757055000
0(
0&
0'
#757095000
1)
#757105000
0)
1'
#757125000
1(
1&
#757135000
0(
0&
0'
#757175000
1)
#757185000
0)
1'
#757205000
1(
1&
#757215000
0(
0&
0'
#757255000
1)
#757265000
0)
1'
#757285000
1(
1&
#757295000
0(
0&
0'
#757335000
1)
#757345000
0)
1'
#757365000
1(
1&
#757375000
0(
0&
0'
#757415000
1)
#757425000
0)
1'
#757445000
1(
1&
#757455000
0(
0&
0'
#757495000
1)
#757505000
0)
1'
#757525000
1(
1&
#757535000
0(
0&
0'
#757575000
1)
#757585000
0)
1'
#757605000
1(
1&
#757615000
0(
0&
0'
#757655000
1)
#757665000
0)
1'
#757685000
1(
1&
#757695000
0(
0&
0'
#757735000
1)
#757745000
0)
1'
#757765000
1(
1&
#757775000
0(
0&
0'
#757815000
1)
#757825000
0)
1'
#757845000
1(
1&
#757855000
0(
0&
0'
#757895000
1)
#757905000
0)
1'
#757925000
1(
1&
#757935000
0(
0&
0'
#757975000
1)
#757985000
0)
1'
#758005000
1(
1&
#758015000
0(
0&
0'
#758055000
1)
#758065000
0)
1'
#758085000
1(
1&
#758095000
0(
0&
0'
#758135000
1)
#758145000
0)
1'
#758165000
1(
1&
#758175000
0(
0&
0'
#758215000
1)
#758225000
0)
1'
#758245000
1(
1&
#758255000
0(
0&
0'
#758295000
1)
#758305000
0)
1'
#758325000
1(
1&
#758335000
0(
0&
0'
#758375000
1)
#758385000
0)
1'
#758405000
1(
1&
#758415000
0(
0&
0'
#758455000
1)
#758465000
0)
1'
#758485000
1(
1&
#758495000
0(
0&
0'
#758535000
1)
#758545000
0)
1'
#758565000
1(
1&
#758575000
0(
0&
0'
#758615000
1)
#758625000
0)
1'
#758645000
1(
1&
#758655000
0(
0&
0'
#758695000
1)
#758705000
0)
1'
#758725000
1(
1&
#758735000
0(
0&
0'
#758775000
1)
#758785000
0)
1'
#758805000
1(
1&
#758815000
0(
0&
0'
#758855000
1)
#758865000
0)
1'
#758885000
1(
1&
#758895000
0(
0&
0'
#758935000
1)
#758945000
0)
1'
#758965000
1(
1&
#758975000
0(
0&
0'
#759015000
1)
#759025000
0)
1'
#759045000
1(
1&
#759055000
0(
0&
0'
#759095000
1)
#759105000
0)
1'
#759125000
1(
1&
#759135000
0(
0&
0'
#759175000
1)
#759185000
0)
1'
#759205000
1(
1&
#759215000
0(
0&
0'
#759255000
1)
#759265000
0)
1'
#759285000
1(
1&
#759295000
0(
0&
0'
#759335000
1)
#759345000
0)
1'
#759365000
1(
1&
#759375000
0(
0&
0'
#759415000
1)
#759425000
0)
1'
#759445000
1(
1&
#759455000
0(
0&
0'
#759495000
1)
#759505000
0)
1'
#759525000
1(
1&
#759535000
0(
0&
0'
#759575000
1)
#759585000
0)
1'
#759605000
1(
1&
#759615000
0(
0&
0'
#759655000
1)
#759665000
0)
1'
#759685000
1(
1&
#759695000
0(
0&
0'
#759735000
1)
#759745000
0)
1'
#759765000
1(
1&
#759775000
0(
0&
0'
#759815000
1)
#759825000
0)
1'
#759845000
1(
1&
#759855000
0(
0&
0'
#759895000
1)
#759905000
0)
1'
#759925000
1(
1&
#759935000
0(
0&
0'
#759975000
1)
#759985000
0)
1'
#760005000
1(
1&
#760015000
0(
0&
0'
#760055000
1)
#760065000
0)
1'
#760085000
1(
1&
#760095000
0(
0&
0'
#760135000
1)
#760145000
0)
1'
#760165000
1(
1&
#760175000
0(
0&
0'
#760215000
1)
#760225000
0)
1'
#760245000
1(
1&
#760255000
0(
0&
0'
#760295000
1)
#760305000
0)
1'
#760325000
1(
1&
#760335000
0(
0&
0'
#760375000
1)
#760385000
0)
1'
#760405000
1(
1&
#760415000
0(
0&
0'
#760455000
1)
#760465000
0)
1'
#760485000
1(
1&
#760495000
0(
0&
0'
#760535000
1)
#760545000
0)
1'
#760565000
1(
1&
#760575000
0(
0&
0'
#760615000
1)
#760625000
0)
1'
#760645000
1(
1&
#760655000
0(
0&
0'
#760695000
1)
#760705000
0)
1'
#760725000
1(
1&
#760735000
0(
0&
0'
#760775000
1)
#760785000
0)
1'
#760805000
1(
1&
#760815000
0(
0&
0'
#760855000
1)
#760865000
0)
1'
#760885000
1(
1&
#760895000
0(
0&
0'
#760935000
1)
#760945000
0)
1'
#760965000
1(
1&
#760975000
0(
0&
0'
#761015000
1)
#761025000
0)
1'
#761045000
1(
1&
#761055000
0(
0&
0'
#761095000
1)
#761105000
0)
1'
#761125000
1(
1&
#761135000
0(
0&
0'
#761175000
1)
#761185000
0)
1'
#761205000
1(
1&
#761215000
0(
0&
0'
#761255000
1)
#761265000
0)
1'
#761285000
1(
1&
#761295000
0(
0&
0'
#761335000
1)
#761345000
0)
1'
#761365000
1(
1&
#761375000
0(
0&
0'
#761415000
1)
#761425000
0)
1'
#761445000
1(
1&
#761455000
0(
0&
0'
#761495000
1)
#761505000
0)
1'
#761525000
1(
1&
#761535000
0(
0&
0'
#761575000
1)
#761585000
0)
1'
#761605000
1(
1&
#761615000
0(
0&
0'
#761655000
1)
#761665000
0)
1'
#761685000
1(
1&
#761695000
0(
0&
0'
#761735000
1)
#761745000
0)
1'
#761765000
1(
1&
#761775000
0(
0&
0'
#761815000
1)
#761825000
0)
1'
#761845000
1(
1&
#761855000
0(
0&
0'
#761895000
1)
#761905000
0)
1'
#761925000
1(
1&
#761935000
0(
0&
0'
#761975000
1)
#761985000
0)
1'
#762005000
1(
1&
#762015000
0(
0&
0'
#762055000
1)
#762065000
0)
1'
#762085000
1(
1&
#762095000
0(
0&
0'
#762135000
1)
#762145000
0)
1'
#762165000
1(
1&
#762175000
0(
0&
0'
#762215000
1)
#762225000
0)
1'
#762245000
1(
1&
#762255000
0(
0&
0'
#762295000
1)
#762305000
0)
1'
#762325000
1(
1&
#762335000
0(
0&
0'
#762375000
1)
#762385000
0)
1'
#762405000
1(
1&
#762415000
0(
0&
0'
#762455000
1)
#762465000
0)
1'
#762485000
1(
1&
#762495000
0(
0&
0'
#762535000
1)
#762545000
0)
1'
#762565000
1(
1&
#762575000
0(
0&
0'
#762615000
1)
#762625000
0)
1'
#762645000
1(
1&
#762655000
0(
0&
0'
#762695000
1)
#762705000
0)
1'
#762725000
1(
1&
#762735000
0(
0&
0'
#762775000
1)
#762785000
0)
1'
#762805000
1(
1&
#762815000
0(
0&
0'
#762855000
1)
#762865000
0)
1'
#762885000
1(
1&
#762895000
0(
0&
0'
#762935000
1)
#762945000
0)
1'
#762965000
1(
1&
#762975000
0(
0&
0'
#763015000
1)
#763025000
0)
1'
#763045000
1(
1&
#763055000
0(
0&
0'
#763095000
1)
#763105000
0)
1'
#763125000
1(
1&
#763135000
0(
0&
0'
#763175000
1)
#763185000
0)
1'
#763205000
1(
1&
#763215000
0(
0&
0'
#763255000
1)
#763265000
0)
1'
#763285000
1(
1&
#763295000
0(
0&
0'
#763335000
1)
#763345000
0)
1'
#763365000
1(
1&
#763375000
0(
0&
0'
#763415000
1)
#763425000
0)
1'
#763445000
1(
1&
#763455000
0(
0&
0'
#763495000
1)
#763505000
0)
1'
#763525000
1(
1&
#763535000
0(
0&
0'
#763575000
1)
#763585000
0)
1'
#763605000
1(
1&
#763615000
0(
0&
0'
#763655000
1)
#763665000
0)
1'
#763685000
1(
1&
#763695000
0(
0&
0'
#763735000
1)
#763745000
0)
1'
#763765000
1(
1&
#763775000
0(
0&
0'
#763815000
1)
#763825000
0)
1'
#763845000
1(
1&
#763855000
0(
0&
0'
#763895000
1)
#763905000
0)
1'
#763925000
1(
1&
#763935000
0(
0&
0'
#763975000
1)
#763985000
0)
1'
#764005000
1(
1&
#764015000
0(
0&
0'
#764055000
1)
#764065000
0)
1'
#764085000
1(
1&
#764095000
0(
0&
0'
#764135000
1)
#764145000
0)
1'
#764165000
1(
1&
#764175000
0(
0&
0'
#764215000
1)
#764225000
0)
1'
#764245000
1(
1&
#764255000
0(
0&
0'
#764295000
1)
#764305000
0)
1'
#764325000
1(
1&
#764335000
0(
0&
0'
#764375000
1)
#764385000
0)
1'
#764405000
1(
1&
#764415000
0(
0&
0'
#764455000
1)
#764465000
0)
1'
#764485000
1(
1&
#764495000
0(
0&
0'
#764535000
1)
#764545000
0)
1'
#764565000
1(
1&
#764575000
0(
0&
0'
#764615000
1)
#764625000
0)
1'
#764645000
1(
1&
#764655000
0(
0&
0'
#764695000
1)
#764705000
0)
1'
#764725000
1(
1&
#764735000
0(
0&
0'
#764775000
1)
#764785000
0)
1'
#764805000
1(
1&
#764815000
0(
0&
0'
#764855000
1)
#764865000
0)
1'
#764885000
1(
1&
#764895000
0(
0&
0'
#764935000
1)
#764945000
0)
0"
1'
#764955000
0!
#764965000
1*
#765175000
0*
#765180000
0'
#765455000
1!
#765465000
1&
1"
#765485000
1'
#765495000
0&
0'
#765545000
1)
#765555000
0)
1&
#765575000
1'
#765585000
0&
0'
#765635000
1)
#765645000
0)
1&
#765665000
1'
#765675000
0&
0'
#765725000
1)
#765735000
0)
1&
#765755000
1'
#765765000
0&
0'
#765815000
1)
#765825000
0)
1&
#765845000
1'
#765855000
0&
0'
#765905000
1)
#765915000
0)
1&
#765935000
1'
#765945000
0&
0'
#765995000
1)
#766005000
0)
1&
#766025000
1'
#766035000
0&
0'
#766085000
1)
#766095000
0)
1&
#766115000
1'
#766125000
0&
0'
#766175000
1)
#766185000
0)
1&
#766205000
1'
#766215000
0&
0'
#766265000
1)
#766275000
0)
1&
#766295000
1'
#766305000
0&
0'
#766355000
1)
#766365000
0)
1&
#766385000
1'
#766395000
0&
0'
#766445000
1)
#766455000
0)
1&
#766475000
1'
#766485000
0&
0'
#766535000
1)
#766545000
0)
1&
#766565000
1'
#766575000
0&
0'
#766625000
1)
#766635000
0)
1&
#766655000
1'
#766665000
0&
0'
#766715000
1)
#766725000
0)
1&
#766745000
1'
#766755000
0&
0'
#766805000
1)
#766815000
0)
0"
#766835000
1&
1"
#766855000
1'
#766865000
0&
0'
#766915000
1)
#766925000
0)
1&
#766945000
1'
#766955000
0&
0'
#767005000
1)
#767015000
0)
1&
#767035000
1'
#767045000
0&
0'
#767095000
1)
#767105000
0)
1&
#767125000
1'
#767135000
0&
0'
#767185000
1)
#767195000
0)
1&
#767215000
1'
#767225000
0&
0'
#767275000
1)
#767285000
0)
1&
#767305000
1'
#767315000
0&
0'
#767365000
1)
#767375000
0)
1&
#767395000
1'
#767405000
0&
0'
#767455000
1)
#767465000
0)
1&
#767485000
1'
#767495000
0&
0'
#767545000
1)
#767555000
0)
1&
#767575000
1'
#767585000
0&
0'
#767635000
1)
#767645000
0)
1&
#767665000
1'
#767675000
0&
0'
#767725000
1)
#767735000
0)
1&
#767755000
1'
#767765000
0&
0'
#767815000
1)
#767825000
0)
1&
#767845000
1'
#767855000
0&
0'
#767905000
1)
#767915000
0)
1&
#767935000
1'
#767945000
0&
0'
#767995000
1)
#768005000
0)
1&
#768025000
1'
#768035000
0&
0'
#768085000
1)
#768095000
0)
1&
#768115000
1'
#768125000
0&
0'
#768175000
1)
#768185000
0)
1&
#768205000
1'
#768215000
0&
0'
#768265000
1)
#768275000
0)
1&
#768295000
1'
#768305000
0&
0'
#768355000
1)
#768365000
0)
1&
#768385000
1'
#768395000
0&
0'
#768445000
1)
#768455000
0)
1&
#768475000
1'
#768485000
0&
0'
#768535000
1)
#768545000
0)
1&
#768565000
1'
#768575000
0&
0'
#768625000
1)
#768635000
0)
1&
#768655000
1'
#768665000
0&
0'
#768715000
1)
#768725000
0)
1&
#768745000
1'
#768755000
0&
0'
#768805000
1)
#768815000
0)
1&
#768835000
1'
#768845000
0&
0'
#768895000
1)
#768905000
0)
1&
#768925000
1'
#768935000
0&
0'
#768985000
1)
#768995000
0)
1&
#769015000
1'
#769025000
0&
0'
#769075000
1)
#769085000
0)
1&
#769105000
1'
#769115000
0&
0'
#769165000
1)
#769175000
0)
1&
#769195000
1'
#769205000
0&
0'
#769255000
1)
#769265000
0)
1&
#769285000
1'
#769295000
0&
0'
#769345000
1)
#769355000
0)
1&
#769375000
1'
#769385000
0&
0'
#769435000
1)
#769445000
0)
1&
#769465000
1'
#769475000
0&
0'
#769525000
1)
#769535000
0)
1&
#769555000
1'
#769565000
0&
0'
#769615000
1)
#769625000
0)
1&
#769645000
1'
#769655000
0&
0'
#769705000
1)
#769715000
0)
1&
#769735000
1'
#769745000
0&
0'
#769795000
1)
#769805000
0)
1&
#769825000
1'
#769835000
0&
0'
#769885000
1)
#769895000
0)
1&
#769915000
1'
#769925000
0&
0'
#769975000
1)
#769985000
0)
1&
#770005000
1'
#770015000
0&
0'
#770065000
1)
#770075000
0)
1&
#770095000
1'
#770105000
0&
0'
#770155000
1)
#770165000
0)
1&
#770185000
1'
#770195000
0&
0'
#770245000
1)
#770255000
0)
1&
#770275000
1'
#770285000
0&
0'
#770335000
1)
#770345000
0)
1&
#770365000
1'
#770375000
0&
0'
#770425000
1)
#770435000
0)
1&
#770455000
1'
#770465000
0&
0'
#770515000
1)
#770525000
0)
1&
#770545000
1'
#770555000
0&
0'
#770605000
1)
#770615000
0)
1&
#770635000
1'
#770645000
0&
0'
#770695000
1)
#770705000
0)
1&
#770725000
1'
#770735000
0&
0'
#770785000
1)
#770795000
0)
1&
#770815000
1'
#770825000
0&
0'
#770875000
1)
#770885000
0)
1&
#770905000
1'
#770915000
0&
0'
#770965000
1)
#770975000
0)
1&
#770995000
1'
#771005000
0&
0'
#771055000
1)
#771065000
0)
1&
#771085000
1'
#771095000
0&
0'
#771145000
1)
#771155000
0)
1&
#771175000
1'
#771185000
0&
0'
#771235000
1)
#771245000
0)
1&
#771265000
1'
#771275000
0&
0'
#771325000
1)
#771335000
0)
1&
#771355000
1'
#771365000
0&
0'
#771415000
1)
#771425000
0)
1&
#771445000
1'
#771455000
0&
0'
#771505000
1)
#771515000
0)
1&
#771535000
1'
#771545000
0&
0'
#771595000
1)
#771605000
0)
1&
#771625000
1'
#771635000
0&
0'
#771685000
1)
#771695000
0)
1&
#771715000
1'
#771725000
0&
0'
#771775000
1)
#771785000
0)
1&
#771805000
1'
#771815000
0&
0'
#771865000
1)
#771875000
0)
1&
#771895000
1'
#771905000
0&
0'
#771955000
1)
#771965000
0)
1&
#771985000
1'
#771995000
0&
0'
#772045000
1)
#772055000
0)
1&
#772075000
1'
#772085000
0&
0'
#772135000
1)
#772145000
0)
1&
#772165000
1'
#772175000
0&
0'
#772225000
1)
#772235000
0)
1&
#772255000
1'
#772265000
0&
0'
#772315000
1)
#772325000
0)
1&
#772345000
1'
#772355000
0&
0'
#772405000
1)
#772415000
0)
1&
#772435000
1'
#772445000
0&
0'
#772495000
1)
#772505000
0)
1&
#772525000
1'
#772535000
0&
0'
#772585000
1)
#772595000
0)
1&
#772615000
1'
#772625000
0&
0'
#772675000
1)
#772685000
0)
1&
#772705000
1'
#772715000
0&
0'
#772765000
1)
#772775000
0)
1&
#772795000
1'
#772805000
0&
0'
#772855000
1)
#772865000
0)
1&
#772885000
1'
#772895000
0&
0'
#772945000
1)
#772955000
0)
1&
#772975000
1'
#772985000
0&
0'
#773035000
1)
#773045000
0)
1&
#773065000
1'
#773075000
0&
0'
#773125000
1)
#773135000
0)
1&
#773155000
1'
#773165000
0&
0'
#773215000
1)
#773225000
0)
1&
#773245000
1'
#773255000
0&
0'
#773305000
1)
#773315000
0)
1&
#773335000
1'
#773345000
0&
0'
#773395000
1)
#773405000
0)
1&
#773425000
1'
#773435000
0&
0'
#773485000
1)
#773495000
0)
1&
#773515000
1'
#773525000
0&
0'
#773575000
1)
#773585000
0)
1&
#773605000
1'
#773615000
0&
0'
#773665000
1)
#773675000
0)
1&
#773695000
1'
#773705000
0&
0'
#773755000
1)
#773765000
0)
1&
#773785000
1'
#773795000
0&
0'
#773845000
1)
#773855000
0)
1&
#773875000
1'
#773885000
0&
0'
#773935000
1)
#773945000
0)
1&
#773965000
1'
#773975000
0&
0'
#774025000
1)
#774035000
0)
1&
#774055000
1'
#774065000
0&
0'
#774115000
1)
#774125000
0)
1&
#774145000
1'
#774155000
0&
0'
#774205000
1)
#774215000
0)
1&
#774235000
1'
#774245000
0&
0'
#774295000
1)
#774305000
0)
1&
#774325000
1'
#774335000
0&
0'
#774385000
1)
#774395000
0)
1&
#774415000
1'
#774425000
0&
0'
#774475000
1)
#774485000
0)
1&
#774505000
1'
#774515000
0&
0'
#774565000
1)
#774575000
0)
1&
#774595000
1'
#774605000
0&
0'
#774655000
1)
#774665000
0)
1&
#774685000
1'
#774695000
0&
0'
#774745000
1)
#774755000
0)
1&
#774775000
1'
#774785000
0&
0'
#774835000
1)
#774845000
0)
1&
#774865000
1'
#774875000
0&
0'
#774925000
1)
#774935000
0)
1&
#774955000
1'
#774965000
0&
0'
#775015000
1)
#775025000
0)
1&
#775045000
1'
#775055000
0&
0'
#775105000
1)
#775115000
0)
1&
#775135000
1'
#775145000
0&
0'
#775195000
1)
#775205000
0)
1&
#775225000
1'
#775235000
0&
0'
#775285000
1)
#775295000
0)
1&
#775315000
1'
#775325000
0&
0'
#775375000
1)
#775385000
0)
1&
#775405000
1'
#775415000
0&
0'
#775465000
1)
#775475000
0)
1&
#775495000
1'
#775505000
0&
0'
#775555000
1)
#775565000
0)
1&
#775585000
1'
#775595000
0&
0'
#775645000
1)
#775655000
0)
1&
#775675000
1'
#775685000
0&
0'
#775735000
1)
#775745000
0)
1&
#775765000
1'
#775775000
0&
0'
#775825000
1)
#775835000
0)
1&
#775855000
1'
#775865000
0&
0'
#775915000
1)
#775925000
0)
1&
#775945000
1'
#775955000
0&
0'
#776005000
1)
#776015000
0)
1&
#776035000
1'
#776045000
0&
0'
#776095000
1)
#776105000
0)
1&
#776125000
1'
#776135000
0&
0'
#776185000
1)
#776195000
0)
1&
#776215000
1'
#776225000
0&
0'
#776275000
1)
#776285000
0)
1&
#776305000
1'
#776315000
0&
0'
#776365000
1)
#776375000
0)
1&
#776395000
1'
#776405000
0&
0'
#776455000
1)
#776465000
0)
1&
#776485000
1'
#776495000
0&
0'
#776545000
1)
#776555000
0)
1&
#776575000
1'
#776585000
0&
0'
#776635000
1)
#776645000
0)
1&
#776665000
1'
#776675000
0&
0'
#776725000
1)
#776735000
0)
1&
#776755000
1'
#776765000
0&
0'
#776815000
1)
#776825000
0)
1&
#776845000
1'
#776855000
0&
0'
#776905000
1)
#776915000
0)
1&
#776935000
1'
#776945000
0&
0'
#776995000
1)
#777005000
0)
1&
#777025000
1'
#777035000
0&
0'
#777085000
1)
#777095000
0)
1&
#777115000
1'
#777125000
0&
0'
#777175000
1)
#777185000
0)
1&
#777205000
1'
#777215000
0&
0'
#777265000
1)
#777275000
0)
1&
#777295000
1'
#777305000
0&
0'
#777355000
1)
#777365000
0)
1&
#777385000
1'
#777395000
0&
0'
#777445000
1)
#777455000
0)
1&
#777475000
1'
#777485000
0&
0'
#777535000
1)
#777545000
0)
1&
#777565000
1'
#777575000
0&
0'
#777625000
1)
#777635000
0)
0"
#777655000
b0 ,
b0 +
1#
#777755000
1$
#777765000
0$
#777845000
1$
#777855000
0$
#777935000
1$
#777945000
0$
#778025000
1$
#778035000
0$
#778115000
1$
#778125000
0$
#778205000
1$
#778215000
0$
#778295000
1$
#778305000
0$
#778385000
1$
#778395000
0$
#778475000
1$
#778485000
0$
#778565000
1$
#778575000
0$
#778655000
1$
#778665000
0$
#778745000
1$
#778755000
0$
#778835000
1$
#778845000
0$
#778925000
1$
#778935000
0$
#779015000
1$
#779025000
0$
#779045000
1%
#779055000
b100 ,
#779155000
1$
#779165000
0$
#779205000
0%
#779245000
1$
#779255000
0$
#779335000
1$
#779345000
0$
#779425000
1$
#779435000
0$
#779515000
1$
#779525000
0$
#779605000
1$
#779615000
0$
#779695000
1$
#779705000
0$
#779785000
1$
#779795000
0$
#779875000
1$
#779885000
0$
#779965000
1$
#779975000
0$
#780055000
1$
#780065000
0$
#780145000
1$
#780155000
0$
#780235000
1$
#780245000
0$
#780325000
1$
#780335000
0$
#780415000
1$
#780425000
0$
#780445000
1%
#780465000
0#
#780605000
0%
#780625000
1"
#780645000
1(
1&
#780665000
1'
#780675000
0(
0&
0'
#780725000
1)
#780735000
0)
#780755000
1(
1&
#780775000
1'
#780785000
0(
0&
0'
#780835000
1)
#780845000
0)
#780865000
1(
1&
#780885000
1'
#780895000
0(
0&
0'
#780945000
1)
#780955000
0)
#780975000
1(
1&
#780995000
1'
#781005000
0(
0&
0'
#781055000
1)
#781065000
0)
#781085000
1(
1&
#781105000
1'
#781115000
0(
0&
0'
#781165000
1)
#781175000
0)
#781195000
1(
1&
#781215000
1'
#781225000
0(
0&
0'
#781275000
1)
#781285000
0)
#781305000
1(
1&
#781325000
1'
#781335000
0(
0&
0'
#781385000
1)
#781395000
0)
#781415000
1(
1&
#781435000
1'
#781445000
0(
0&
0'
#781495000
1)
#781505000
0)
0"
#781515000
0!
#781525000
1*
#781735000
0*
#781740000
1'
#782015000
1!
#782025000
1&
1"
#782035000
0&
0'
#782045000
1)
#782055000
0)
1&
1'
#782065000
0&
0'
#782075000
1)
#782085000
0)
1&
1'
#782095000
0&
0'
#782105000
1)
#782115000
0)
1&
1'
#782125000
0&
0'
#782135000
1)
#782145000
0)
1&
1'
#782155000
0&
0'
#782165000
1)
#782175000
0)
1&
1'
#782185000
0&
0'
#782195000
1)
#782205000
0)
1&
1'
#782215000
0&
0'
#782225000
1)
#782235000
0)
1&
1'
#782245000
0&
0'
#782255000
1)
#782265000
0)
1&
1'
#782275000
0&
0'
#782285000
1)
#782295000
0)
1&
1'
#782305000
0&
0'
#782315000
1)
#782325000
0)
1&
1'
#782335000
0&
0'
#782345000
1)
#782355000
0)
1&
1'
#782365000
0&
0'
#782375000
1)
#782385000
0)
1&
1'
#782395000
0&
0'
#782405000
1)
#782415000
0)
1&
1'
#782425000
0&
0'
#782435000
1)
#782445000
0)
1&
1'
#782455000
0&
0'
#782465000
1)
#782475000
0)
1&
1'
#782485000
0&
0'
#782495000
1)
#782505000
0)
1&
1'
#782515000
0&
0'
#782525000
1)
#782535000
0)
1&
1'
#782545000
0&
0'
#782555000
1)
#782565000
0)
1&
1'
#782575000
0&
0'
#782585000
1)
#782595000
0)
1&
1'
#782605000
0&
0'
#782615000
1)
#782625000
0)
1&
1'
#782635000
0&
0'
#782645000
1)
#782655000
0)
1&
1'
#782665000
0&
0'
#782675000
1)
#782685000
0)
1&
1'
#782695000
0&
0'
#782705000
1)
#782715000
0)
1&
1'
#782725000
0&
0'
#782735000
1)
#782745000
0)
1&
1'
#782755000
0&
0'
#782765000
1)
#782775000
0)
1&
1'
#782785000
0&
0'
#782795000
1)
#782805000
0)
1&
1'
#782815000
0&
0'
#782825000
1)
#782835000
0)
1&
1'
#782845000
0&
0'
#782855000
1)
#782865000
0)
1&
1'
#782875000
0&
0'
#782885000
1)
#782895000
0)
1&
1'
#782905000
0&
0'
#782915000
1)
#782925000
0)
1&
1'
#782935000
0&
0'
#782945000
1)
#782955000
0)
1&
1'
#782965000
0&
0'
#782975000
1)
#782985000
0)
1&
1'
#782995000
0&
0'
#783005000
1)
#783015000
0)
1&
1'
#783025000
0&
0'
#783035000
1)
#783045000
0)
1&
1'
#783055000
0&
0'
#783065000
1)
#783075000
0)
0"
1'
#783095000
1&
1"
#783105000
0&
0'
#783115000
1)
#783125000
0)
1&
1'
#783135000
0&
0'
#783145000
1)
#783155000
0)
1&
1'
#783165000
0&
0'
#783175000
1)
#783185000
0)
1&
1'
#783195000
0&
0'
#783205000
1)
#783215000
0)
1&
1'
#783225000
0&
0'
#783235000
1)
#783245000
0)
1&
1'
#783255000
0&
0'
#783265000
1)
#783275000
0)
1&
1'
#783285000
0&
0'
#783295000
1)
#783305000
0)
1&
1'
#783315000
0&
0'
#783325000
1)
#783335000
0)
1&
1'
#783345000
0&
0'
#783355000
1)
#783365000
0)
1&
1'
#783375000
0&
0'
#783385000
1)
#783395000
0)
1&
1'
#783405000
0&
0'
#783415000
1)
#783425000
0)
1&
1'
#783435000
0&
0'
#783445000
1)
#783455000
0)
1&
1'
#783465000
0&
0'
#783475000
1)
#783485000
0)
1&
1'
#783495000
0&
0'
#783505000
1)
#783515000
0)
1&
1'
#783525000
0&
0'
#783535000
1)
#783545000
0)
1&
1'
#783555000
0&
0'
#783565000
1)
#783575000
0)
1&
1'
#783585000
0&
0'
#783595000
1)
#783605000
0)
1&
1'
#783615000
0&
0'
#783625000
1)
#783635000
0)
1&
1'
#783645000
0&
0'
#783655000
1)
#783665000
0)
1&
1'
#783675000
0&
0'
#783685000
1)
#783695000
0)
1&
1'
#783705000
0&
0'
#783715000
1)
#783725000
0)
1&
1'
#783735000
0&
0'
#783745000
1)
#783755000
0)
1&
1'
#783765000
0&
0'
#783775000
1)
#783785000
0)
1&
1'
#783795000
0&
0'
#783805000
1)
#783815000
0)
1&
1'
#783825000
0&
0'
#783835000
1)
#783845000
0)
1&
1'
#783855000
0&
0'
#783865000
1)
#783875000
0)
1&
1'
#783885000
0&
0'
#783895000
1)
#783905000
0)
1&
1'
#783915000
0&
0'
#783925000
1)
#783935000
0)
1&
1'
#783945000
0&
0'
#783955000
1)
#783965000
0)
1&
1'
#783975000
0&
0'
#783985000
1)
#783995000
0)
1&
1'
#784005000
0&
0'
#784015000
1)
#784025000
0)
1&
1'
#784035000
0&
0'
#784045000
1)
#784055000
0)
1&
1'
#784065000
0&
0'
#784075000
1)
#784085000
0)
1&
1'
#784095000
0&
0'
#784105000
1)
#784115000
0)
1&
1'
#784125000
0&
0'
#784135000
1)
#784145000
0)
1&
1'
#784155000
0&
0'
#784165000
1)
#784175000
0)
1&
1'
#784185000
0&
0'
#784195000
1)
#784205000
0)
1&
1'
#784215000
0&
0'
#784225000
1)
#784235000
0)
1&
1'
#784245000
0&
0'
#784255000
1)
#784265000
0)
1&
1'
#784275000
0&
0'
#784285000
1)
#784295000
0)
1&
1'
#784305000
0&
0'
#784315000
1)
#784325000
0)
1&
1'
#784335000
0&
0'
#784345000
1)
#784355000
0)
1&
1'
#784365000
0&
0'
#784375000
1)
#784385000
0)
1&
1'
#784395000
0&
0'
#784405000
1)
#784415000
0)
1&
1'
#784425000
0&
0'
#784435000
1)
#784445000
0)
1&
1'
#784455000
0&
0'
#784465000
1)
#784475000
0)
1&
1'
#784485000
0&
0'
#784495000
1)
#784505000
0)
1&
1'
#784515000
0&
0'
#784525000
1)
#784535000
0)
1&
1'
#784545000
0&
0'
#784555000
1)
#784565000
0)
1&
1'
#784575000
0&
0'
#784585000
1)
#784595000
0)
1&
1'
#784605000
0&
0'
#784615000
1)
#784625000
0)
1&
1'
#784635000
0&
0'
#784645000
1)
#784655000
0)
1&
1'
#784665000
0&
0'
#784675000
1)
#784685000
0)
1&
1'
#784695000
0&
0'
#784705000
1)
#784715000
0)
1&
1'
#784725000
0&
0'
#784735000
1)
#784745000
0)
1&
1'
#784755000
0&
0'
#784765000
1)
#784775000
0)
1&
1'
#784785000
0&
0'
#784795000
1)
#784805000
0)
1&
1'
#784815000
0&
0'
#784825000
1)
#784835000
0)
1&
1'
#784845000
0&
0'
#784855000
1)
#784865000
0)
1&
1'
#784875000
0&
0'
#784885000
1)
#784895000
0)
1&
1'
#784905000
0&
0'
#784915000
1)
#784925000
0)
1&
1'
#784935000
0&
0'
#784945000
1)
#784955000
0)
1&
1'
#784965000
0&
0'
#784975000
1)
#784985000
0)
1&
1'
#784995000
0&
0'
#785005000
1)
#785015000
0)
1&
1'
#785025000
0&
0'
#785035000
1)
#785045000
0)
1&
1'
#785055000
0&
0'
#785065000
1)
#785075000
0)
1&
1'
#785085000
0&
0'
#785095000
1)
#785105000
0)
1&
1'
#785115000
0&
0'
#785125000
1)
#785135000
0)
1&
1'
#785145000
0&
0'
#785155000
1)
#785165000
0)
1&
1'
#785175000
0&
0'
#785185000
1)
#785195000
0)
1&
1'
#785205000
0&
0'
#785215000
1)
#785225000
0)
1&
1'
#785235000
0&
0'
#785245000
1)
#785255000
0)
1&
1'
#785265000
0&
0'
#785275000
1)
#785285000
0)
1&
1'
#785295000
0&
0'
#785305000
1)
#785315000
0)
1&
1'
#785325000
0&
0'
#785335000
1)
#785345000
0)
1&
1'
#785355000
0&
0'
#785365000
1)
#785375000
0)
1&
1'
#785385000
0&
0'
#785395000
1)
#785405000
0)
1&
1'
#785415000
0&
0'
#785425000
1)
#785435000
0)
1&
1'
#785445000
0&
0'
#785455000
1)
#785465000
0)
1&
1'
#785475000
0&
0'
#785485000
1)
#785495000
0)
1&
1'
#785505000
0&
0'
#785515000
1)
#785525000
0)
1&
1'
#785535000
0&
0'
#785545000
1)
#785555000
0)
1&
1'
#785565000
0&
0'
#785575000
1)
#785585000
0)
1&
1'
#785595000
0&
0'
#785605000
1)
#785615000
0)
1&
1'
#785625000
0&
0'
#785635000
1)
#785645000
0)
1&
1'
#785655000
0&
0'
#785665000
1)
#785675000
0)
1&
1'
#785685000
0&
0'
#785695000
1)
#785705000
0)
1&
1'
#785715000
0&
0'
#785725000
1)
#785735000
0)
1&
1'
#785745000
0&
0'
#785755000
1)
#785765000
0)
1&
1'
#785775000
0&
0'
#785785000
1)
#785795000
0)
1&
1'
#785805000
0&
0'
#785815000
1)
#785825000
0)
1&
1'
#785835000
0&
0'
#785845000
1)
#785855000
0)
1&
1'
#785865000
0&
0'
#785875000
1)
#785885000
0)
1&
1'
#785895000
0&
0'
#785905000
1)
#785915000
0)
1&
1'
#785925000
0&
0'
#785935000
1)
#785945000
0)
1&
1'
#785955000
0&
0'
#785965000
1)
#785975000
0)
1&
1'
#785985000
0&
0'
#785995000
1)
#786005000
0)
1&
1'
#786015000
0&
0'
#786025000
1)
#786035000
0)
0"
1'
#786055000
b0 ,
1#
#786155000
1$
#786165000
0$
#786245000
1$
#786255000
0$
#786335000
1$
#786345000
0$
#786425000
1$
#786435000
0$
#786515000
1$
#786525000
0$
#786605000
1$
#786615000
0$
#786695000
1$
#786705000
0$
#786725000
1%
#786735000
b100 ,
#786835000
1$
#786845000
0$
#786885000
0%
#786925000
1$
#786935000
0$
#787015000
1$
#787025000
0$
#787105000
1$
#787115000
0$
#787195000
1$
#787205000
0$
#787285000
1$
#787295000
0$
#787375000
1$
#787385000
0$
#787405000
1%
#787415000
b1000 ,
#787515000
1$
#787525000
0$
#787565000
0%
#787605000
1$
#787615000
0$
#787695000
1$
#787705000
0$
#787785000
1$
#787795000
0$
#787875000
1$
#787885000
0$
#787965000
1$
#787975000
0$
#788055000
1$
#788065000
0$
#788085000
1%
#788095000
b1100 ,
#788195000
1$
#788205000
0$
#788245000
0%
#788285000
1$
#788295000
0$
#788375000
1$
#788385000
0$
#788465000
1$
#788475000
0$
#788555000
1$
#788565000
0$
#788645000
1$
#788655000
0$
#788735000
1$
#788745000
0$
#788765000
1%
#788775000
b0 ,
b100 +
#788875000
1$
#788885000
0$
#788925000
0%
#788965000
1$
#788975000
0$
#789055000
1$
#789065000
0$
#789145000
1$
#789155000
0$
#789235000
1$
#789245000
0$
#789325000
1$
#789335000
0$
#789415000
1$
#789425000
0$
#789445000
1%
#789455000
b100 ,
#789555000
1$
#789565000
0$
#789605000
0%
#789645000
1$
#789655000
0$
#789735000
1$
#789745000
0$
#789825000
1$
#789835000
0$
#789915000
1$
#789925000
0$
#790005000
1$
#790015000
0$
#790095000
1$
#790105000
0$
#790125000
1%
#790135000
b1000 ,
#790235000
1$
#790245000
0$
#790285000
0%
#790325000
1$
#790335000
0$
#790415000
1$
#790425000
0$
#790505000
1$
#790515000
0$
#790595000
1$
#790605000
0$
#790685000
1$
#790695000
0$
#790775000
1$
#790785000
0$
#790805000
1%
#790815000
b1100 ,
#790915000
1$
#790925000
0$
#790965000
0%
#791005000
1$
#791015000
0$
#791095000
1$
#791105000
0$
#791185000
1$
#791195000
0$
#791275000
1$
#791285000
0$
#791365000
1$
#791375000
0$
#791455000
1$
#791465000
0$
#791485000
1%
#791505000
0#
#791645000
0%
#791665000
1"
#791685000
1(
1&
#791695000
0(
0&
0'
#791705000
1)
#791715000
0)
1'
#791735000
1(
1&
#791745000
0(
0&
0'
#791755000
1)
#791765000
0)
1'
#791785000
1(
1&
#791795000
0(
0&
0'
#791805000
1)
#791815000
0)
1'
#791835000
1(
1&
#791845000
0(
0&
0'
#791855000
1)
#791865000
0)
1'
#791885000
1(
1&
#791895000
0(
0&
0'
#791905000
1)
#791915000
0)
1'
#791935000
1(
1&
#791945000
0(
0&
0'
#791955000
1)
#791965000
0)
1'
#791985000
1(
1&
#791995000
0(
0&
0'
#792005000
1)
#792015000
0)
1'
#792035000
1(
1&
#792045000
0(
0&
0'
#792055000
1)
#792065000
0)
1'
#792085000
1(
1&
#792095000
0(
0&
0'
#792105000
1)
#792115000
0)
1'
#792135000
1(
1&
#792145000
0(
0&
0'
#792155000
1)
#792165000
0)
1'
#792185000
1(
1&
#792195000
0(
0&
0'
#792205000
1)
#792215000
0)
1'
#792235000
1(
1&
#792245000
0(
0&
0'
#792255000
1)
#792265000
0)
1'
#792285000
1(
1&
#792295000
0(
0&
0'
#792305000
1)
#792315000
0)
1'
#792335000
1(
1&
#792345000
0(
0&
0'
#792355000
1)
#792365000
0)
1'
#792385000
1(
1&
#792395000
0(
0&
0'
#792405000
1)
#792415000
0)
1'
#792435000
1(
1&
#792445000
0(
0&
0'
#792455000
1)
#792465000
0)
1'
#792485000
1(
1&
#792495000
0(
0&
0'
#792505000
1)
#792515000
0)
1'
#792535000
1(
1&
#792545000
0(
0&
0'
#792555000
1)
#792565000
0)
1'
#792585000
1(
1&
#792595000
0(
0&
0'
#792605000
1)
#792615000
0)
1'
#792635000
1(
1&
#792645000
0(
0&
0'
#792655000
1)
#792665000
0)
1'
#792685000
1(
1&
#792695000
0(
0&
0'
#792705000
1)
#792715000
0)
1'
#792735000
1(
1&
#792745000
0(
0&
0'
#792755000
1)
#792765000
0)
1'
#792785000
1(
1&
#792795000
0(
0&
0'
#792805000
1)
#792815000
0)
1'
#792835000
1(
1&
#792845000
0(
0&
0'
#792855000
1)
#792865000
0)
1'
#792885000
1(
1&
#792895000
0(
0&
0'
#792905000
1)
#792915000
0)
1'
#792935000
1(
1&
#792945000
0(
0&
0'
#792955000
1)
#792965000
0)
1'
#792985000
1(
1&
#792995000
0(
0&
0'
#793005000
1)
#793015000
0)
1'
#793035000
1(
1&
#793045000
0(
0&
0'
#793055000
1)
#793065000
0)
1'
#793085000
1(
1&
#793095000
0(
0&
0'
#793105000
1)
#793115000
0)
1'
#793135000
1(
1&
#793145000
0(
0&
0'
#793155000
1)
#793165000
0)
1'
#793185000
1(
1&
#793195000
0(
0&
0'
#793205000
1)
#793215000
0)
1'
#793235000
1(
1&
#793245000
0(
0&
0'
#793255000
1)
#793265000
0)
1'
#793285000
1(
1&
#793295000
0(
0&
0'
#793305000
1)
#793315000
0)
1'
#793335000
1(
1&
#793345000
0(
0&
0'
#793355000
1)
#793365000
0)
1'
#793385000
1(
1&
#793395000
0(
0&
0'
#793405000
1)
#793415000
0)
1'
#793435000
1(
1&
#793445000
0(
0&
0'
#793455000
1)
#793465000
0)
1'
#793485000
1(
1&
#793495000
0(
0&
0'
#793505000
1)
#793515000
0)
1'
#793535000
1(
1&
#793545000
0(
0&
0'
#793555000
1)
#793565000
0)
1'
#793585000
1(
1&
#793595000
0(
0&
0'
#793605000
1)
#793615000
0)
1'
#793635000
1(
1&
#793645000
0(
0&
0'
#793655000
1)
#793665000
0)
1'
#793685000
1(
1&
#793695000
0(
0&
0'
#793705000
1)
#793715000
0)
1'
#793735000
1(
1&
#793745000
0(
0&
0'
#793755000
1)
#793765000
0)
1'
#793785000
1(
1&
#793795000
0(
0&
0'
#793805000
1)
#793815000
0)
1'
#793835000
1(
1&
#793845000
0(
0&
0'
#793855000
1)
#793865000
0)
1'
#793885000
1(
1&
#793895000
0(
0&
0'
#793905000
1)
#793915000
0)
1'
#793935000
1(
1&
#793945000
0(
0&
0'
#793955000
1)
#793965000
0)
1'
#793985000
1(
1&
#793995000
0(
0&
0'
#794005000
1)
#794015000
0)
1'
#794035000
1(
1&
#794045000
0(
0&
0'
#794055000
1)
#794065000
0)
1'
#794085000
1(
1&
#794095000
0(
0&
0'
#794105000
1)
#794115000
0)
1'
#794135000
1(
1&
#794145000
0(
0&
0'
#794155000
1)
#794165000
0)
1'
#794185000
1(
1&
#794195000
0(
0&
0'
#794205000
1)
#794215000
0)
1'
#794235000
1(
1&
#794245000
0(
0&
0'
#794255000
1)
#794265000
0)
1'
#794285000
1(
1&
#794295000
0(
0&
0'
#794305000
1)
#794315000
0)
1'
#794335000
1(
1&
#794345000
0(
0&
0'
#794355000
1)
#794365000
0)
1'
#794385000
1(
1&
#794395000
0(
0&
0'
#794405000
1)
#794415000
0)
1'
#794435000
1(
1&
#794445000
0(
0&
0'
#794455000
1)
#794465000
0)
1'
#794485000
1(
1&
#794495000
0(
0&
0'
#794505000
1)
#794515000
0)
1'
#794535000
1(
1&
#794545000
0(
0&
0'
#794555000
1)
#794565000
0)
1'
#794585000
1(
1&
#794595000
0(
0&
0'
#794605000
1)
#794615000
0)
1'
#794635000
1(
1&
#794645000
0(
0&
0'
#794655000
1)
#794665000
0)
1'
#794685000
1(
1&
#794695000
0(
0&
0'
#794705000
1)
#794715000
0)
1'
#794735000
1(
1&
#794745000
0(
0&
0'
#794755000
1)
#794765000
0)
1'
#794785000
1(
1&
#794795000
0(
0&
0'
#794805000
1)
#794815000
0)
1'
#794835000
1(
1&
#794845000
0(
0&
0'
#794855000
1)
#794865000
0)
1'
#794885000
1(
1&
#794895000
0(
0&
0'
#794905000
1)
#794915000
0)
1'
#794935000
1(
1&
#794945000
0(
0&
0'
#794955000
1)
#794965000
0)
1'
#794985000
1(
1&
#794995000
0(
0&
0'
#795005000
1)
#795015000
0)
1'
#795035000
1(
1&
#795045000
0(
0&
0'
#795055000
1)
#795065000
0)
1'
#795085000
1(
1&
#795095000
0(
0&
0'
#795105000
1)
#795115000
0)
1'
#795135000
1(
1&
#795145000
0(
0&
0'
#795155000
1)
#795165000
0)
0"
1'
#795175000
0!
#795185000
1*
#795395000
0*
#795675000
1!
#795685000
1&
1"
#795695000
0&
0'
#795715000
1)
#795725000
0)
1&
1'
#795735000
0&
0'
#795755000
1)
#795765000
0)
1&
1'
#795775000
0&
0'
#795795000
1)
#795805000
0)
1&
1'
#795815000
0&
0'
#795835000
1)
#795845000
0)
1&
1'
#795855000
0&
0'
#795875000
1)
#795885000
0)
1&
1'
#795895000
0&
0'
#795915000
1)
#795925000
0)
1&
1'
#795935000
0&
0'
#795955000
1)
#795965000
0)
1&
1'
#795975000
0&
0'
#795995000
1)
#796005000
0)
1&
1'
#796015000
0&
0'
#796035000
1)
#796045000
0)
1&
1'
#796055000
0&
0'
#796075000
1)
#796085000
0)
1&
1'
#796095000
0&
0'
#796115000
1)
#796125000
0)
1&
1'
#796135000
0&
0'
#796155000
1)
#796165000
0)
1&
1'
#796175000
0&
0'
#796195000
1)
#796205000
0)
1&
1'
#796215000
0&
0'
#796235000
1)
#796245000
0)
1&
1'
#796255000
0&
0'
#796275000
1)
#796285000
0)
1&
1'
#796295000
0&
0'
#796315000
1)
#796325000
0)
1&
1'
#796335000
0&
0'
#796355000
1)
#796365000
0)
1&
1'
#796375000
0&
0'
#796395000
1)
#796405000
0)
1&
1'
#796415000
0&
0'
#796435000
1)
#796445000
0)
1&
1'
#796455000
0&
0'
#796475000
1)
#796485000
0)
1&
1'
#796495000
0&
0'
#796515000
1)
#796525000
0)
1&
1'
#796535000
0&
0'
#796555000
1)
#796565000
0)
1&
1'
#796575000
0&
0'
#796595000
1)
#796605000
0)
1&
1'
#796615000
0&
0'
#796635000
1)
#796645000
0)
1&
1'
#796655000
0&
0'
#796675000
1)
#796685000
0)
1&
1'
#796695000
0&
0'
#796715000
1)
#796725000
0)
1&
1'
#796735000
0&
0'
#796755000
1)
#796765000
0)
1&
1'
#796775000
0&
0'
#796795000
1)
#796805000
0)
1&
1'
#796815000
0&
0'
#796835000
1)
#796845000
0)
1&
1'
#796855000
0&
0'
#796875000
1)
#796885000
0)
1&
1'
#796895000
0&
0'
#796915000
1)
#796925000
0)
1&
1'
#796935000
0&
0'
#796955000
1)
#796965000
0)
1&
1'
#796975000
0&
0'
#796995000
1)
#797005000
0)
1&
1'
#797015000
0&
0'
#797035000
1)
#797045000
0)
1&
1'
#797055000
0&
0'
#797075000
1)
#797085000
0)
1&
1'
#797095000
0&
0'
#797115000
1)
#797125000
0)
1&
1'
#797135000
0&
0'
#797155000
1)
#797165000
0)
1&
1'
#797175000
0&
0'
#797195000
1)
#797205000
0)
1&
1'
#797215000
0&
0'
#797235000
1)
#797245000
0)
1&
1'
#797255000
0&
0'
#797275000
1)
#797285000
0)
1&
1'
#797295000
0&
0'
#797315000
1)
#797325000
0)
1&
1'
#797335000
0&
0'
#797355000
1)
#797365000
0)
1&
1'
#797375000
0&
0'
#797395000
1)
#797405000
0)
1&
1'
#797415000
0&
0'
#797435000
1)
#797445000
0)
1&
1'
#797455000
0&
0'
#797475000
1)
#797485000
0)
1&
1'
#797495000
0&
0'
#797515000
1)
#797525000
0)
1&
1'
#797535000
0&
0'
#797555000
1)
#797565000
0)
1&
1'
#797575000
0&
0'
#797595000
1)
#797605000
0)
1&
1'
#797615000
0&
0'
#797635000
1)
#797645000
0)
1&
1'
#797655000
0&
0'
#797675000
1)
#797685000
0)
1&
1'
#797695000
0&
0'
#797715000
1)
#797725000
0)
1&
1'
#797735000
0&
0'
#797755000
1)
#797765000
0)
1&
1'
#797775000
0&
0'
#797795000
1)
#797805000
0)
1&
1'
#797815000
0&
0'
#797835000
1)
#797845000
0)
1&
1'
#797855000
0&
0'
#797875000
1)
#797885000
0)
1&
1'
#797895000
0&
0'
#797915000
1)
#797925000
0)
1&
1'
#797935000
0&
0'
#797955000
1)
#797965000
0)
1&
1'
#797975000
0&
0'
#797995000
1)
#798005000
0)
1&
1'
#798015000
0&
0'
#798035000
1)
#798045000
0)
1&
1'
#798055000
0&
0'
#798075000
1)
#798085000
0)
1&
1'
#798095000
0&
0'
#798115000
1)
#798125000
0)
1&
1'
#798135000
0&
0'
#798155000
1)
#798165000
0)
1&
1'
#798175000
0&
0'
#798195000
1)
#798205000
0)
1&
1'
#798215000
0&
0'
#798235000
1)
#798245000
0)
1&
1'
#798255000
0&
0'
#798275000
1)
#798285000
0)
1&
1'
#798295000
0&
0'
#798315000
1)
#798325000
0)
1&
1'
#798335000
0&
0'
#798355000
1)
#798365000
0)
1&
1'
#798375000
0&
0'
#798395000
1)
#798405000
0)
1&
1'
#798415000
0&
0'
#798435000
1)
#798445000
0)
1&
1'
#798455000
0&
0'
#798475000
1)
#798485000
0)
1&
1'
#798495000
0&
0'
#798515000
1)
#798525000
0)
1&
1'
#798535000
0&
0'
#798555000
1)
#798565000
0)
1&
1'
#798575000
0&
0'
#798595000
1)
#798605000
0)
1&
1'
#798615000
0&
0'
#798635000
1)
#798645000
0)
1&
1'
#798655000
0&
0'
#798675000
1)
#798685000
0)
1&
1'
#798695000
0&
0'
#798715000
1)
#798725000
0)
1&
1'
#798735000
0&
0'
#798755000
1)
#798765000
0)
1&
1'
#798775000
0&
0'
#798795000
1)
#798805000
0)
1&
1'
#798815000
0&
0'
#798835000
1)
#798845000
0)
1&
1'
#798855000
0&
0'
#798875000
1)
#798885000
0)
1&
1'
#798895000
0&
0'
#798915000
1)
#798925000
0)
1&
1'
#798935000
0&
0'
#798955000
1)
#798965000
0)
1&
1'
#798975000
0&
0'
#798995000
1)
#799005000
0)
1&
1'
#799015000
0&
0'
#799035000
1)
#799045000
0)
1&
1'
#799055000
0&
0'
#799075000
1)
#799085000
0)
1&
1'
#799095000
0&
0'
#799115000
1)
#799125000
0)
1&
1'
#799135000
0&
0'
#799155000
1)
#799165000
0)
1&
1'
#799175000
0&
0'
#799195000
1)
#799205000
0)
1&
1'
#799215000
0&
0'
#799235000
1)
#799245000
0)
1&
1'
#799255000
0&
0'
#799275000
1)
#799285000
0)
1&
1'
#799295000
0&
0'
#799315000
1)
#799325000
0)
1&
1'
#799335000
0&
0'
#799355000
1)
#799365000
0)
1&
1'
#799375000
0&
0'
#799395000
1)
#799405000
0)
1&
1'
#799415000
0&
0'
#799435000
1)
#799445000
0)
1&
1'
#799455000
0&
0'
#799475000
1)
#799485000
0)
1&
1'
#799495000
0&
0'
#799515000
1)
#799525000
0)
1&
1'
#799535000
0&
0'
#799555000
1)
#799565000
0)
1&
1'
#799575000
0&
0'
#799595000
1)
#799605000
0)
1&
1'
#799615000
0&
0'
#799635000
1)
#799645000
0)
1&
1'
#799655000
0&
0'
#799675000
1)
#799685000
0)
1&
1'
#799695000
0&
0'
#799715000
1)
#799725000
0)
1&
1'
#799735000
0&
0'
#799755000
1)
#799765000
0)
1&
1'
#799775000
0&
0'
#799795000
1)
#799805000
0)
1&
1'
#799815000
0&
0'
#799835000
1)
#799845000
0)
1&
1'
#799855000
0&
0'
#799875000
1)
#799885000
0)
1&
1'
#799895000
0&
0'
#799915000
1)
#799925000
0)
1&
1'
#799935000
0&
0'
#799955000
1)
#799965000
0)
1&
1'
#799975000
0&
0'
#799995000
1)
#800005000
0)
1&
1'
#800015000
0&
0'
#800035000
1)
#800045000
0)
1&
1'
#800055000
0&
0'
#800075000
1)
#800085000
0)
1&
1'
#800095000
0&
0'
#800115000
1)
#800125000
0)
1&
1'
#800135000
0&
0'
#800155000
1)
#800165000
0)
1&
1'
#800175000
0&
0'
#800195000
1)
#800205000
0)
1&
1'
#800215000
0&
0'
#800235000
1)
#800245000
0)
1&
1'
#800255000
0&
0'
#800275000
1)
#800285000
0)
1&
1'
#800295000
0&
0'
#800315000
1)
#800325000
0)
1&
1'
#800335000
0&
0'
#800355000
1)
#800365000
0)
1&
1'
#800375000
0&
0'
#800395000
1)
#800405000
0)
1&
1'
#800415000
0&
0'
#800435000
1)
#800445000
0)
1&
1'
#800455000
0&
0'
#800475000
1)
#800485000
0)
1&
1'
#800495000
0&
0'
#800515000
1)
#800525000
0)
1&
1'
#800535000
0&
0'
#800555000
1)
#800565000
0)
1&
1'
#800575000
0&
0'
#800595000
1)
#800605000
0)
1&
1'
#800615000
0&
0'
#800635000
1)
#800645000
0)
1&
1'
#800655000
0&
0'
#800675000
1)
#800685000
0)
1&
1'
#800695000
0&
0'
#800715000
1)
#800725000
0)
1&
1'
#800735000
0&
0'
#800755000
1)
#800765000
0)
1&
1'
#800775000
0&
0'
#800795000
1)
#800805000
0)
1&
1'
#800815000
0&
0'
#800835000
1)
#800845000
0)
1&
1'
#800855000
0&
0'
#800875000
1)
#800885000
0)
1&
1'
#800895000
0&
0'
#800915000
1)
#800925000
0)
1&
1'
#800935000
0&
0'
#800955000
1)
#800965000
0)
1&
1'
#800975000
0&
0'
#800995000
1)
#801005000
0)
1&
1'
#801015000
0&
0'
#801035000
1)
#801045000
0)
1&
1'
#801055000
0&
0'
#801075000
1)
#801085000
0)
1&
1'
#801095000
0&
0'
#801115000
1)
#801125000
0)
1&
1'
#801135000
0&
0'
#801155000
1)
#801165000
0)
1&
1'
#801175000
0&
0'
#801195000
1)
#801205000
0)
1&
1'
#801215000
0&
0'
#801235000
1)
#801245000
0)
1&
1'
#801255000
0&
0'
#801275000
1)
#801285000
0)
1&
1'
#801295000
0&
0'
#801315000
1)
#801325000
0)
1&
1'
#801335000
0&
0'
#801355000
1)
#801365000
0)
1&
1'
#801375000
0&
0'
#801395000
1)
#801405000
0)
1&
1'
#801415000
0&
0'
#801435000
1)
#801445000
0)
1&
1'
#801455000
0&
0'
#801475000
1)
#801485000
0)
1&
1'
#801495000
0&
0'
#801515000
1)
#801525000
0)
1&
1'
#801535000
0&
0'
#801555000
1)
#801565000
0)
1&
1'
#801575000
0&
0'
#801595000
1)
#801605000
0)
1&
1'
#801615000
0&
0'
#801635000
1)
#801645000
0)
1&
1'
#801655000
0&
0'
#801675000
1)
#801685000
0)
1&
1'
#801695000
0&
0'
#801715000
1)
#801725000
0)
1&
1'
#801735000
0&
0'
#801755000
1)
#801765000
0)
1&
1'
#801775000
0&
0'
#801795000
1)
#801805000
0)
1&
1'
#801815000
0&
0'
#801835000
1)
#801845000
0)
1&
1'
#801855000
0&
0'
#801875000
1)
#801885000
0)
1&
1'
#801895000
0&
0'
#801915000
1)
#801925000
0)
1&
1'
#801935000
0&
0'
#801955000
1)
#801965000
0)
1&
1'
#801975000
0&
0'
#801995000
1)
#802005000
0)
1&
1'
#802015000
0&
0'
#802035000
1)
#802045000
0)
1&
1'
#802055000
0&
0'
#802075000
1)
#802085000
0)
1&
1'
#802095000
0&
0'
#802115000
1)
#802125000
0)
1&
1'
#802135000
0&
0'
#802155000
1)
#802165000
0)
1&
1'
#802175000
0&
0'
#802195000
1)
#802205000
0)
1&
1'
#802215000
0&
0'
#802235000
1)
#802245000
0)
1&
1'
#802255000
0&
0'
#802275000
1)
#802285000
0)
1&
1'
#802295000
0&
0'
#802315000
1)
#802325000
0)
1&
1'
#802335000
0&
0'
#802355000
1)
#802365000
0)
1&
1'
#802375000
0&
0'
#802395000
1)
#802405000
0)
1&
1'
#802415000
0&
0'
#802435000
1)
#802445000
0)
1&
1'
#802455000
0&
0'
#802475000
1)
#802485000
0)
1&
1'
#802495000
0&
0'
#802515000
1)
#802525000
0)
1&
1'
#802535000
0&
0'
#802555000
1)
#802565000
0)
1&
1'
#802575000
0&
0'
#802595000
1)
#802605000
0)
1&
1'
#802615000
0&
0'
#802635000
1)
#802645000
0)
1&
1'
#802655000
0&
0'
#802675000
1)
#802685000
0)
1&
1'
#802695000
0&
0'
#802715000
1)
#802725000
0)
1&
1'
#802735000
0&
0'
#802755000
1)
#802765000
0)
1&
1'
#802775000
0&
0'
#802795000
1)
#802805000
0)
1&
1'
#802815000
0&
0'
#802835000
1)
#802845000
0)
1&
1'
#802855000
0&
0'
#802875000
1)
#802885000
0)
1&
1'
#802895000
0&
0'
#802915000
1)
#802925000
0)
1&
1'
#802935000
0&
0'
#802955000
1)
#802965000
0)
1&
1'
#802975000
0&
0'
#802995000
1)
#803005000
0)
1&
1'
#803015000
0&
0'
#803035000
1)
#803045000
0)
1&
1'
#803055000
0&
0'
#803075000
1)
#803085000
0)
1&
1'
#803095000
0&
0'
#803115000
1)
#803125000
0)
1&
1'
#803135000
0&
0'
#803155000
1)
#803165000
0)
1&
1'
#803175000
0&
0'
#803195000
1)
#803205000
0)
1&
1'
#803215000
0&
0'
#803235000
1)
#803245000
0)
1&
1'
#803255000
0&
0'
#803275000
1)
#803285000
0)
1&
1'
#803295000
0&
0'
#803315000
1)
#803325000
0)
1&
1'
#803335000
0&
0'
#803355000
1)
#803365000
0)
1&
1'
#803375000
0&
0'
#803395000
1)
#803405000
0)
1&
1'
#803415000
0&
0'
#803435000
1)
#803445000
0)
1&
1'
#803455000
0&
0'
#803475000
1)
#803485000
0)
1&
1'
#803495000
0&
0'
#803515000
1)
#803525000
0)
0"
1'
#803545000
1&
1"
#803555000
0&
0'
#803575000
1)
#803585000
0)
1&
1'
#803595000
0&
0'
#803615000
1)
#803625000
0)
1&
1'
#803635000
0&
0'
#803655000
1)
#803665000
0)
1&
1'
#803675000
0&
0'
#803695000
1)
#803705000
0)
1&
1'
#803715000
0&
0'
#803735000
1)
#803745000
0)
1&
1'
#803755000
0&
0'
#803775000
1)
#803785000
0)
1&
1'
#803795000
0&
0'
#803815000
1)
#803825000
0)
1&
1'
#803835000
0&
0'
#803855000
1)
#803865000
0)
1&
1'
#803875000
0&
0'
#803895000
1)
#803905000
0)
1&
1'
#803915000
0&
0'
#803935000
1)
#803945000
0)
1&
1'
#803955000
0&
0'
#803975000
1)
#803985000
0)
1&
1'
#803995000
0&
0'
#804015000
1)
#804025000
0)
1&
1'
#804035000
0&
0'
#804055000
1)
#804065000
0)
1&
1'
#804075000
0&
0'
#804095000
1)
#804105000
0)
1&
1'
#804115000
0&
0'
#804135000
1)
#804145000
0)
1&
1'
#804155000
0&
0'
#804175000
1)
#804185000
0)
1&
1'
#804195000
0&
0'
#804215000
1)
#804225000
0)
1&
1'
#804235000
0&
0'
#804255000
1)
#804265000
0)
1&
1'
#804275000
0&
0'
#804295000
1)
#804305000
0)
1&
1'
#804315000
0&
0'
#804335000
1)
#804345000
0)
1&
1'
#804355000
0&
0'
#804375000
1)
#804385000
0)
1&
1'
#804395000
0&
0'
#804415000
1)
#804425000
0)
1&
1'
#804435000
0&
0'
#804455000
1)
#804465000
0)
1&
1'
#804475000
0&
0'
#804495000
1)
#804505000
0)
1&
1'
#804515000
0&
0'
#804535000
1)
#804545000
0)
1&
1'
#804555000
0&
0'
#804575000
1)
#804585000
0)
1&
1'
#804595000
0&
0'
#804615000
1)
#804625000
0)
1&
1'
#804635000
0&
0'
#804655000
1)
#804665000
0)
1&
1'
#804675000
0&
0'
#804695000
1)
#804705000
0)
1&
1'
#804715000
0&
0'
#804735000
1)
#804745000
0)
1&
1'
#804755000
0&
0'
#804775000
1)
#804785000
0)
1&
1'
#804795000
0&
0'
#804815000
1)
#804825000
0)
1&
1'
#804835000
0&
0'
#804855000
1)
#804865000
0)
1&
1'
#804875000
0&
0'
#804895000
1)
#804905000
0)
1&
1'
#804915000
0&
0'
#804935000
1)
#804945000
0)
1&
1'
#804955000
0&
0'
#804975000
1)
#804985000
0)
1&
1'
#804995000
0&
0'
#805015000
1)
#805025000
0)
1&
1'
#805035000
0&
0'
#805055000
1)
#805065000
0)
1&
1'
#805075000
0&
0'
#805095000
1)
#805105000
0)
1&
1'
#805115000
0&
0'
#805135000
1)
#805145000
0)
1&
1'
#805155000
0&
0'
#805175000
1)
#805185000
0)
1&
1'
#805195000
0&
0'
#805215000
1)
#805225000
0)
1&
1'
#805235000
0&
0'
#805255000
1)
#805265000
0)
1&
1'
#805275000
0&
0'
#805295000
1)
#805305000
0)
1&
1'
#805315000
0&
0'
#805335000
1)
#805345000
0)
1&
1'
#805355000
0&
0'
#805375000
1)
#805385000
0)
1&
1'
#805395000
0&
0'
#805415000
1)
#805425000
0)
1&
1'
#805435000
0&
0'
#805455000
1)
#805465000
0)
1&
1'
#805475000
0&
0'
#805495000
1)
#805505000
0)
1&
1'
#805515000
0&
0'
#805535000
1)
#805545000
0)
1&
1'
#805555000
0&
0'
#805575000
1)
#805585000
0)
1&
1'
#805595000
0&
0'
#805615000
1)
#805625000
0)
1&
1'
#805635000
0&
0'
#805655000
1)
#805665000
0)
1&
1'
#805675000
0&
0'
#805695000
1)
#805705000
0)
1&
1'
#805715000
0&
0'
#805735000
1)
#805745000
0)
1&
1'
#805755000
0&
0'
#805775000
1)
#805785000
0)
1&
1'
#805795000
0&
0'
#805815000
1)
#805825000
0)
1&
1'
#805835000
0&
0'
#805855000
1)
#805865000
0)
1&
1'
#805875000
0&
0'
#805895000
1)
#805905000
0)
1&
1'
#805915000
0&
0'
#805935000
1)
#805945000
0)
1&
1'
#805955000
0&
0'
#805975000
1)
#805985000
0)
1&
1'
#805995000
0&
0'
#806015000
1)
#806025000
0)
1&
1'
#806035000
0&
0'
#806055000
1)
#806065000
0)
1&
1'
#806075000
0&
0'
#806095000
1)
#806105000
0)
1&
1'
#806115000
0&
0'
#806135000
1)
#806145000
0)
1&
1'
#806155000
0&
0'
#806175000
1)
#806185000
0)
1&
1'
#806195000
0&
0'
#806215000
1)
#806225000
0)
1&
1'
#806235000
0&
0'
#806255000
1)
#806265000
0)
1&
1'
#806275000
0&
0'
#806295000
1)
#806305000
0)
1&
1'
#806315000
0&
0'
#806335000
1)
#806345000
0)
0"
1'
#806365000
b0 ,
b0 +
1#
#806465000
1$
#806475000
0$
#806555000
1$
#806565000
0$
#806645000
1$
#806655000
0$
#806735000
1$
#806745000
0$
#806825000
1$
#806835000
0$
#806915000
1$
#806925000
0$
#807005000
1$
#807015000
0$
#807095000
1$
#807105000
0$
#807185000
1$
#807195000
0$
#807275000
1$
#807285000
0$
#807365000
1$
#807375000
0$
#807455000
1$
#807465000
0$
#807545000
1$
#807555000
0$
#807635000
1$
#807645000
0$
#807665000
1%
#807675000
b100 ,
#807775000
1$
#807785000
0$
#807825000
0%
#807865000
1$
#807875000
0$
#807955000
1$
#807965000
0$
#808045000
1$
#808055000
0$
#808135000
1$
#808145000
0$
#808225000
1$
#808235000
0$
#808315000
1$
#808325000
0$
#808405000
1$
#808415000
0$
#808495000
1$
#808505000
0$
#808585000
1$
#808595000
0$
#808675000
1$
#808685000
0$
#808765000
1$
#808775000
0$
#808855000
1$
#808865000
0$
#808945000
1$
#808955000
0$
#808975000
1%
#808985000
b0 ,
b100 +
#809085000
1$
#809095000
0$
#809135000
0%
#809175000
1$
#809185000
0$
#809265000
1$
#809275000
0$
#809355000
1$
#809365000
0$
#809445000
1$
#809455000
0$
#809535000
1$
#809545000
0$
#809625000
1$
#809635000
0$
#809715000
1$
#809725000
0$
#809805000
1$
#809815000
0$
#809895000
1$
#809905000
0$
#809985000
1$
#809995000
0$
#810075000
1$
#810085000
0$
#810165000
1$
#810175000
0$
#810255000
1$
#810265000
0$
#810285000
1%
#810295000
b100 ,
#810395000
1$
#810405000
0$
#810445000
0%
#810485000
1$
#810495000
0$
#810575000
1$
#810585000
0$
#810665000
1$
#810675000
0$
#810755000
1$
#810765000
0$
#810845000
1$
#810855000
0$
#810935000
1$
#810945000
0$
#811025000
1$
#811035000
0$
#811115000
1$
#811125000
0$
#811205000
1$
#811215000
0$
#811295000
1$
#811305000
0$
#811385000
1$
#811395000
0$
#811475000
1$
#811485000
0$
#811565000
1$
#811575000
0$
#811595000
1%
#811605000
b0 ,
b1000 +
#811705000
1$
#811715000
0$
#811755000
0%
#811795000
1$
#811805000
0$
#811885000
1$
#811895000
0$
#811975000
1$
#811985000
0$
#812065000
1$
#812075000
0$
#812155000
1$
#812165000
0$
#812245000
1$
#812255000
0$
#812335000
1$
#812345000
0$
#812425000
1$
#812435000
0$
#812515000
1$
#812525000
0$
#812605000
1$
#812615000
0$
#812695000
1$
#812705000
0$
#812785000
1$
#812795000
0$
#812875000
1$
#812885000
0$
#812905000
1%
#812915000
b100 ,
#813015000
1$
#813025000
0$
#813065000
0%
#813105000
1$
#813115000
0$
#813195000
1$
#813205000
0$
#813285000
1$
#813295000
0$
#813375000
1$
#813385000
0$
#813465000
1$
#813475000
0$
#813555000
1$
#813565000
0$
#813645000
1$
#813655000
0$
#813735000
1$
#813745000
0$
#813825000
1$
#813835000
0$
#813915000
1$
#813925000
0$
#814005000
1$
#814015000
0$
#814095000
1$
#814105000
0$
#814185000
1$
#814195000
0$
#814215000
1%
#814225000
b0 ,
b1100 +
#814325000
1$
#814335000
0$
#814375000
0%
#814415000
1$
#814425000
0$
#814505000
1$
#814515000
0$
#814595000
1$
#814605000
0$
#814685000
1$
#814695000
0$
#814775000
1$
#814785000
0$
#814865000
1$
#814875000
0$
#814955000
1$
#814965000
0$
#815045000
1$
#815055000
0$
#815135000
1$
#815145000
0$
#815225000
1$
#815235000
0$
#815315000
1$
#815325000
0$
#815405000
1$
#815415000
0$
#815495000
1$
#815505000
0$
#815525000
1%
#815535000
b100 ,
#815635000
1$
#815645000
0$
#815685000
0%
#815725000
1$
#815735000
0$
#815815000
1$
#815825000
0$
#815905000
1$
#815915000
0$
#815995000
1$
#816005000
0$
#816085000
1$
#816095000
0$
#816175000
1$
#816185000
0$
#816265000
1$
#816275000
0$
#816355000
1$
#816365000
0$
#816445000
1$
#816455000
0$
#816535000
1$
#816545000
0$
#816625000
1$
#816635000
0$
#816715000
1$
#816725000
0$
#816805000
1$
#816815000
0$
#816835000
1%
#816855000
0#
#816995000
0%
#817015000
1"
#817035000
1(
1&
#817045000
0(
0&
0'
#817065000
1)
#817075000
0)
1'
#817095000
1(
1&
#817105000
0(
0&
0'
#817125000
1)
#817135000
0)
1'
#817155000
1(
1&
#817165000
0(
0&
0'
#817185000
1)
#817195000
0)
1'
#817215000
1(
1&
#817225000
0(
0&
0'
#817245000
1)
#817255000
0)
1'
#817275000
1(
1&
#817285000
0(
0&
0'
#817305000
1)
#817315000
0)
1'
#817335000
1(
1&
#817345000
0(
0&
0'
#817365000
1)
#817375000
0)
1'
#817395000
1(
1&
#817405000
0(
0&
0'
#817425000
1)
#817435000
0)
1'
#817455000
1(
1&
#817465000
0(
0&
0'
#817485000
1)
#817495000
0)
1'
#817515000
1(
1&
#817525000
0(
0&
0'
#817545000
1)
#817555000
0)
1'
#817575000
1(
1&
#817585000
0(
0&
0'
#817605000
1)
#817615000
0)
1'
#817635000
1(
1&
#817645000
0(
0&
0'
#817665000
1)
#817675000
0)
1'
#817695000
1(
1&
#817705000
0(
0&
0'
#817725000
1)
#817735000
0)
1'
#817755000
1(
1&
#817765000
0(
0&
0'
#817785000
1)
#817795000
0)
1'
#817815000
1(
1&
#817825000
0(
0&
0'
#817845000
1)
#817855000
0)
1'
#817875000
1(
1&
#817885000
0(
0&
0'
#817905000
1)
#817915000
0)
1'
#817935000
1(
1&
#817945000
0(
0&
0'
#817965000
1)
#817975000
0)
1'
#817995000
1(
1&
#818005000
0(
0&
0'
#818025000
1)
#818035000
0)
1'
#818055000
1(
1&
#818065000
0(
0&
0'
#818085000
1)
#818095000
0)
1'
#818115000
1(
1&
#818125000
0(
0&
0'
#818145000
1)
#818155000
0)
1'
#818175000
1(
1&
#818185000
0(
0&
0'
#818205000
1)
#818215000
0)
1'
#818235000
1(
1&
#818245000
0(
0&
0'
#818265000
1)
#818275000
0)
1'
#818295000
1(
1&
#818305000
0(
0&
0'
#818325000
1)
#818335000
0)
1'
#818355000
1(
1&
#818365000
0(
0&
0'
#818385000
1)
#818395000
0)
1'
#818415000
1(
1&
#818425000
0(
0&
0'
#818445000
1)
#818455000
0)
1'
#818475000
1(
1&
#818485000
0(
0&
0'
#818505000
1)
#818515000
0)
1'
#818535000
1(
1&
#818545000
0(
0&
0'
#818565000
1)
#818575000
0)
1'
#818595000
1(
1&
#818605000
0(
0&
0'
#818625000
1)
#818635000
0)
1'
#818655000
1(
1&
#818665000
0(
0&
0'
#818685000
1)
#818695000
0)
1'
#818715000
1(
1&
#818725000
0(
0&
0'
#818745000
1)
#818755000
0)
1'
#818775000
1(
1&
#818785000
0(
0&
0'
#818805000
1)
#818815000
0)
1'
#818835000
1(
1&
#818845000
0(
0&
0'
#818865000
1)
#818875000
0)
1'
#818895000
1(
1&
#818905000
0(
0&
0'
#818925000
1)
#818935000
0)
1'
#818955000
1(
1&
#818965000
0(
0&
0'
#818985000
1)
#818995000
0)
1'
#819015000
1(
1&
#819025000
0(
0&
0'
#819045000
1)
#819055000
0)
1'
#819075000
1(
1&
#819085000
0(
0&
0'
#819105000
1)
#819115000
0)
1'
#819135000
1(
1&
#819145000
0(
0&
0'
#819165000
1)
#819175000
0)
1'
#819195000
1(
1&
#819205000
0(
0&
0'
#819225000
1)
#819235000
0)
1'
#819255000
1(
1&
#819265000
0(
0&
0'
#819285000
1)
#819295000
0)
1'
#819315000
1(
1&
#819325000
0(
0&
0'
#819345000
1)
#819355000
0)
1'
#819375000
1(
1&
#819385000
0(
0&
0'
#819405000
1)
#819415000
0)
1'
#819435000
1(
1&
#819445000
0(
0&
0'
#819465000
1)
#819475000
0)
1'
#819495000
1(
1&
#819505000
0(
0&
0'
#819525000
1)
#819535000
0)
1'
#819555000
1(
1&
#819565000
0(
0&
0'
#819585000
1)
#819595000
0)
1'
#819615000
1(
1&
#819625000
0(
0&
0'
#819645000
1)
#819655000
0)
1'
#819675000
1(
1&
#819685000
0(
0&
0'
#819705000
1)
#819715000
0)
1'
#819735000
1(
1&
#819745000
0(
0&
0'
#819765000
1)
#819775000
0)
1'
#819795000
1(
1&
#819805000
0(
0&
0'
#819825000
1)
#819835000
0)
1'
#819855000
1(
1&
#819865000
0(
0&
0'
#819885000
1)
#819895000
0)
1'
#819915000
1(
1&
#819925000
0(
0&
0'
#819945000
1)
#819955000
0)
1'
#819975000
1(
1&
#819985000
0(
0&
0'
#820005000
1)
#820015000
0)
1'
#820035000
1(
1&
#820045000
0(
0&
0'
#820065000
1)
#820075000
0)
1'
#820095000
1(
1&
#820105000
0(
0&
0'
#820125000
1)
#820135000
0)
1'
#820155000
1(
1&
#820165000
0(
0&
0'
#820185000
1)
#820195000
0)
1'
#820215000
1(
1&
#820225000
0(
0&
0'
#820245000
1)
#820255000
0)
1'
#820275000
1(
1&
#820285000
0(
0&
0'
#820305000
1)
#820315000
0)
1'
#820335000
1(
1&
#820345000
0(
0&
0'
#820365000
1)
#820375000
0)
1'
#820395000
1(
1&
#820405000
0(
0&
0'
#820425000
1)
#820435000
0)
1'
#820455000
1(
1&
#820465000
0(
0&
0'
#820485000
1)
#820495000
0)
1'
#820515000
1(
1&
#820525000
0(
0&
0'
#820545000
1)
#820555000
0)
1'
#820575000
1(
1&
#820585000
0(
0&
0'
#820605000
1)
#820615000
0)
1'
#820635000
1(
1&
#820645000
0(
0&
0'
#820665000
1)
#820675000
0)
1'
#820695000
1(
1&
#820705000
0(
0&
0'
#820725000
1)
#820735000
0)
1'
#820755000
1(
1&
#820765000
0(
0&
0'
#820785000
1)
#820795000
0)
1'
#820815000
1(
1&
#820825000
0(
0&
0'
#820845000
1)
#820855000
0)
1'
#820875000
1(
1&
#820885000
0(
0&
0'
#820905000
1)
#820915000
0)
1'
#820935000
1(
1&
#820945000
0(
0&
0'
#820965000
1)
#820975000
0)
1'
#820995000
1(
1&
#821005000
0(
0&
0'
#821025000
1)
#821035000
0)
1'
#821055000
1(
1&
#821065000
0(
0&
0'
#821085000
1)
#821095000
0)
1'
#821115000
1(
1&
#821125000
0(
0&
0'
#821145000
1)
#821155000
0)
1'
#821175000
1(
1&
#821185000
0(
0&
0'
#821205000
1)
#821215000
0)
0"
1'
#821225000
0!
#821235000
1*
#821445000
0*
#821725000
1!
#821735000
1&
1"
#821745000
0&
0'
#821775000
1)
#821785000
0)
1&
1'
#821795000
0&
0'
#821825000
1)
#821835000
0)
1&
1'
#821845000
0&
0'
#821875000
1)
#821885000
0)
1&
1'
#821895000
0&
0'
#821925000
1)
#821935000
0)
0"
1'
#821955000
1&
1"
#821965000
0&
0'
#821995000
1)
#822005000
0)
1&
1'
#822015000
0&
0'
#822045000
1)
#822055000
0)
1&
1'
#822065000
0&
0'
#822095000
1)
#822105000
0)
1&
1'
#822115000
0&
0'
#822145000
1)
#822155000
0)
1&
1'
#822165000
0&
0'
#822195000
1)
#822205000
0)
1&
1'
#822215000
0&
0'
#822245000
1)
#822255000
0)
1&
1'
#822265000
0&
0'
#822295000
1)
#822305000
0)
1&
1'
#822315000
0&
0'
#822345000
1)
#822355000
0)
1&
1'
#822365000
0&
0'
#822395000
1)
#822405000
0)
1&
1'
#822415000
0&
0'
#822445000
1)
#822455000
0)
1&
1'
#822465000
0&
0'
#822495000
1)
#822505000
0)
1&
1'
#822515000
0&
0'
#822545000
1)
#822555000
0)
1&
1'
#822565000
0&
0'
#822595000
1)
#822605000
0)
1&
1'
#822615000
0&
0'
#822645000
1)
#822655000
0)
1&
1'
#822665000
0&
0'
#822695000
1)
#822705000
0)
1&
1'
#822715000
0&
0'
#822745000
1)
#822755000
0)
1&
1'
#822765000
0&
0'
#822795000
1)
#822805000
0)
1&
1'
#822815000
0&
0'
#822845000
1)
#822855000
0)
1&
1'
#822865000
0&
0'
#822895000
1)
#822905000
0)
1&
1'
#822915000
0&
0'
#822945000
1)
#822955000
0)
0"
1'
#822975000
b0 ,
b0 +
1#
#823075000
1$
#823085000
0$
#823165000
1$
#823175000
0$
#823255000
1$
#823265000
0$
#823345000
1$
#823355000
0$
#823375000
1%
#823385000
b100 ,
#823485000
1$
#823495000
0$
#823535000
0%
#823575000
1$
#823585000
0$
#823665000
1$
#823675000
0$
#823755000
1$
#823765000
0$
#823785000
1%
#823805000
0#
#823945000
0%
#823965000
1"
#823985000
1(
1&
#823995000
0(
0&
0'
#824025000
1)
#824035000
0)
1'
#824055000
1(
1&
#824065000
0(
0&
0'
#824095000
1)
#824105000
0)
1'
#824125000
1(
1&
#824135000
0(
0&
0'
#824165000
1)
#824175000
0)
1'
#824195000
1(
1&
#824205000
0(
0&
0'
#824235000
1)
#824245000
0)
1'
#824265000
1(
1&
#824275000
0(
0&
0'
#824305000
1)
#824315000
0)
0"
1'
#824325000
0!
#824335000
1*
#824545000
0*
#824825000
1!
#824835000
1&
1"
#824845000
0&
0'
#824885000
1)
#824895000
0)
1&
1'
#824905000
0&
0'
#824945000
1)
#824955000
0)
1&
1'
#824965000
0&
0'
#825005000
1)
#825015000
0)
1&
1'
#825025000
0&
0'
#825065000
1)
#825075000
0)
1&
1'
#825085000
0&
0'
#825125000
1)
#825135000
0)
1&
1'
#825145000
0&
0'
#825185000
1)
#825195000
0)
1&
1'
#825205000
0&
0'
#825245000
1)
#825255000
0)
1&
1'
#825265000
0&
0'
#825305000
1)
#825315000
0)
1&
1'
#825325000
0&
0'
#825365000
1)
#825375000
0)
0"
1'
#825395000
1&
1"
#825405000
0&
0'
#825445000
1)
#825455000
0)
1&
1'
#825465000
0&
0'
#825505000
1)
#825515000
0)
1&
1'
#825525000
0&
0'
#825565000
1)
#825575000
0)
1&
1'
#825585000
0&
0'
#825625000
1)
#825635000
0)
1&
1'
#825645000
0&
0'
#825685000
1)
#825695000
0)
1&
1'
#825705000
0&
0'
#825745000
1)
#825755000
0)
1&
1'
#825765000
0&
0'
#825805000
1)
#825815000
0)
1&
1'
#825825000
0&
0'
#825865000
1)
#825875000
0)
1&
1'
#825885000
0&
0'
#825925000
1)
#825935000
0)
0"
1'
#825955000
b0 ,
1#
#826055000
1$
#826065000
0$
#826085000
1%
#826095000
b100 ,
#826195000
1$
#826205000
0$
#826245000
0%
#826255000
1%
#826265000
b1000 ,
#826365000
1$
#826375000
0$
#826415000
0%
#826425000
1%
#826435000
b0 ,
b100 +
#826535000
1$
#826545000
0$
#826585000
0%
#826595000
1%
#826605000
b100 ,
#826705000
1$
#826715000
0$
#826755000
0%
#826765000
1%
#826775000
b1000 ,
#826875000
1$
#826885000
0$
#826925000
0%
#826935000
1%
#826945000
b0 ,
b1000 +
#827045000
1$
#827055000
0$
#827095000
0%
#827105000
1%
#827115000
b100 ,
#827215000
1$
#827225000
0$
#827265000
0%
#827275000
1%
#827285000
b1000 ,
#827385000
1$
#827395000
0$
#827435000
0%
#827445000
1%
#827465000
0#
#827605000
0%
#827625000
1"
#827645000
1(
1&
#827655000
0(
0&
0'
#827695000
1)
#827705000
0)
1'
#827725000
1(
1&
#827735000
0(
0&
0'
#827775000
1)
#827785000
0)
1'
#827805000
1(
1&
#827815000
0(
0&
0'
#827855000
1)
#827865000
0)
1'
#827885000
1(
1&
#827895000
0(
0&
0'
#827935000
1)
#827945000
0)
1'
#827965000
1(
1&
#827975000
0(
0&
0'
#828015000
1)
#828025000
0)
1'
#828045000
1(
1&
#828055000
0(
0&
0'
#828095000
1)
#828105000
0)
1'
#828125000
1(
1&
#828135000
0(
0&
0'
#828175000
1)
#828185000
0)
1'
#828205000
1(
1&
#828215000
0(
0&
0'
#828255000
1)
#828265000
0)
1'
#828285000
1(
1&
#828295000
0(
0&
0'
#828335000
1)
#828345000
0)
1'
#828365000
1(
1&
#828375000
0(
0&
0'
#828415000
1)
#828425000
0)
1'
#828445000
1(
1&
#828455000
0(
0&
0'
#828495000
1)
#828505000
0)
1'
#828525000
1(
1&
#828535000
0(
0&
0'
#828575000
1)
#828585000
0)
1'
#828605000
1(
1&
#828615000
0(
0&
0'
#828655000
1)
#828665000
0)
1'
#828685000
1(
1&
#828695000
0(
0&
0'
#828735000
1)
#828745000
0)
1'
#828765000
1(
1&
#828775000
0(
0&
0'
#828815000
1)
#828825000
0)
1'
#828845000
1(
1&
#828855000
0(
0&
0'
#828895000
1)
#828905000
0)
1'
#828925000
1(
1&
#828935000
0(
0&
0'
#828975000
1)
#828985000
0)
1'
#829005000
1(
1&
#829015000
0(
0&
0'
#829055000
1)
#829065000
0)
1'
#829085000
1(
1&
#829095000
0(
0&
0'
#829135000
1)
#829145000
0)
1'
#829165000
1(
1&
#829175000
0(
0&
0'
#829215000
1)
#829225000
0)
1'
#829245000
1(
1&
#829255000
0(
0&
0'
#829295000
1)
#829305000
0)
1'
#829325000
1(
1&
#829335000
0(
0&
0'
#829375000
1)
#829385000
0)
1'
#829405000
1(
1&
#829415000
0(
0&
0'
#829455000
1)
#829465000
0)
1'
#829485000
1(
1&
#829495000
0(
0&
0'
#829535000
1)
#829545000
0)
1'
#829565000
1(
1&
#829575000
0(
0&
0'
#829615000
1)
#829625000
0)
1'
#829645000
1(
1&
#829655000
0(
0&
0'
#829695000
1)
#829705000
0)
1'
#829725000
1(
1&
#829735000
0(
0&
0'
#829775000
1)
#829785000
0)
1'
#829805000
1(
1&
#829815000
0(
0&
0'
#829855000
1)
#829865000
0)
1'
#829885000
1(
1&
#829895000
0(
0&
0'
#829935000
1)
#829945000
0)
1'
#829965000
1(
1&
#829975000
0(
0&
0'
#830015000
1)
#830025000
0)
1'
#830045000
1(
1&
#830055000
0(
0&
0'
#830095000
1)
#830105000
0)
1'
#830125000
1(
1&
#830135000
0(
0&
0'
#830175000
1)
#830185000
0)
1'
#830205000
1(
1&
#830215000
0(
0&
0'
#830255000
1)
#830265000
0)
1'
#830285000
1(
1&
#830295000
0(
0&
0'
#830335000
1)
#830345000
0)
1'
#830365000
1(
1&
#830375000
0(
0&
0'
#830415000
1)
#830425000
0)
1'
#830445000
1(
1&
#830455000
0(
0&
0'
#830495000
1)
#830505000
0)
1'
#830525000
1(
1&
#830535000
0(
0&
0'
#830575000
1)
#830585000
0)
1'
#830605000
1(
1&
#830615000
0(
0&
0'
#830655000
1)
#830665000
0)
1'
#830685000
1(
1&
#830695000
0(
0&
0'
#830735000
1)
#830745000
0)
1'
#830765000
1(
1&
#830775000
0(
0&
0'
#830815000
1)
#830825000
0)
1'
#830845000
1(
1&
#830855000
0(
0&
0'
#830895000
1)
#830905000
0)
1'
#830925000
1(
1&
#830935000
0(
0&
0'
#830975000
1)
#830985000
0)
1'
#831005000
1(
1&
#831015000
0(
0&
0'
#831055000
1)
#831065000
0)
1'
#831085000
1(
1&
#831095000
0(
0&
0'
#831135000
1)
#831145000
0)
1'
#831165000
1(
1&
#831175000
0(
0&
0'
#831215000
1)
#831225000
0)
1'
#831245000
1(
1&
#831255000
0(
0&
0'
#831295000
1)
#831305000
0)
1'
#831325000
1(
1&
#831335000
0(
0&
0'
#831375000
1)
#831385000
0)
1'
#831405000
1(
1&
#831415000
0(
0&
0'
#831455000
1)
#831465000
0)
1'
#831485000
1(
1&
#831495000
0(
0&
0'
#831535000
1)
#831545000
0)
1'
#831565000
1(
1&
#831575000
0(
0&
0'
#831615000
1)
#831625000
0)
1'
#831645000
1(
1&
#831655000
0(
0&
0'
#831695000
1)
#831705000
0)
1'
#831725000
1(
1&
#831735000
0(
0&
0'
#831775000
1)
#831785000
0)
1'
#831805000
1(
1&
#831815000
0(
0&
0'
#831855000
1)
#831865000
0)
1'
#831885000
1(
1&
#831895000
0(
0&
0'
#831935000
1)
#831945000
0)
1'
#831965000
1(
1&
#831975000
0(
0&
0'
#832015000
1)
#832025000
0)
1'
#832045000
1(
1&
#832055000
0(
0&
0'
#832095000
1)
#832105000
0)
1'
#832125000
1(
1&
#832135000
0(
0&
0'
#832175000
1)
#832185000
0)
1'
#832205000
1(
1&
#832215000
0(
0&
0'
#832255000
1)
#832265000
0)
1'
#832285000
1(
1&
#832295000
0(
0&
0'
#832335000
1)
#832345000
0)
1'
#832365000
1(
1&
#832375000
0(
0&
0'
#832415000
1)
#832425000
0)
1'
#832445000
1(
1&
#832455000
0(
0&
0'
#832495000
1)
#832505000
0)
1'
#832525000
1(
1&
#832535000
0(
0&
0'
#832575000
1)
#832585000
0)
1'
#832605000
1(
1&
#832615000
0(
0&
0'
#832655000
1)
#832665000
0)
1'
#832685000
1(
1&
#832695000
0(
0&
0'
#832735000
1)
#832745000
0)
1'
#832765000
1(
1&
#832775000
0(
0&
0'
#832815000
1)
#832825000
0)
1'
#832845000
1(
1&
#832855000
0(
0&
0'
#832895000
1)
#832905000
0)
1'
#832925000
1(
1&
#832935000
0(
0&
0'
#832975000
1)
#832985000
0)
1'
#833005000
1(
1&
#833015000
0(
0&
0'
#833055000
1)
#833065000
0)
1'
#833085000
1(
1&
#833095000
0(
0&
0'
#833135000
1)
#833145000
0)
1'
#833165000
1(
1&
#833175000
0(
0&
0'
#833215000
1)
#833225000
0)
1'
#833245000
1(
1&
#833255000
0(
0&
0'
#833295000
1)
#833305000
0)
1'
#833325000
1(
1&
#833335000
0(
0&
0'
#833375000
1)
#833385000
0)
1'
#833405000
1(
1&
#833415000
0(
0&
0'
#833455000
1)
#833465000
0)
1'
#833485000
1(
1&
#833495000
0(
0&
0'
#833535000
1)
#833545000
0)
1'
#833565000
1(
1&
#833575000
0(
0&
0'
#833615000
1)
#833625000
0)
1'
#833645000
1(
1&
#833655000
0(
0&
0'
#833695000
1)
#833705000
0)
1'
#833725000
1(
1&
#833735000
0(
0&
0'
#833775000
1)
#833785000
0)
1'
#833805000
1(
1&
#833815000
0(
0&
0'
#833855000
1)
#833865000
0)
1'
#833885000
1(
1&
#833895000
0(
0&
0'
#833935000
1)
#833945000
0)
1'
#833965000
1(
1&
#833975000
0(
0&
0'
#834015000
1)
#834025000
0)
1'
#834045000
1(
1&
#834055000
0(
0&
0'
#834095000
1)
#834105000
0)
0"
1'
#834115000
0!
#834125000
1*
#834335000
0*
#834340000
0'
#834615000
1!
#834625000
1&
1"
#834635000
1'
#834645000
0&
0'
#834695000
1)
#834705000
0)
1&
#834715000
1'
#834725000
0&
0'
#834775000
1)
#834785000
0)
1&
#834795000
1'
#834805000
0&
0'
#834855000
1)
#834865000
0)
1&
#834875000
1'
#834885000
0&
0'
#834935000
1)
#834945000
0)
1&
#834955000
1'
#834965000
0&
0'
#835015000
1)
#835025000
0)
1&
#835035000
1'
#835045000
0&
0'
#835095000
1)
#835105000
0)
1&
#835115000
1'
#835125000
0&
0'
#835175000
1)
#835185000
0)
1&
#835195000
1'
#835205000
0&
0'
#835255000
1)
#835265000
0)
1&
#835275000
1'
#835285000
0&
0'
#835335000
1)
#835345000
0)
1&
#835355000
1'
#835365000
0&
0'
#835415000
1)
#835425000
0)
1&
#835435000
1'
#835445000
0&
0'
#835495000
1)
#835505000
0)
1&
#835515000
1'
#835525000
0&
0'
#835575000
1)
#835585000
0)
0"
#835605000
1&
1"
#835615000
1'
#835625000
0&
0'
#835675000
1)
#835685000
0)
1&
#835695000
1'
#835705000
0&
0'
#835755000
1)
#835765000
0)
1&
#835775000
1'
#835785000
0&
0'
#835835000
1)
#835845000
0)
1&
#835855000
1'
#835865000
0&
0'
#835915000
1)
#835925000
0)
1&
#835935000
1'
#835945000
0&
0'
#835995000
1)
#836005000
0)
1&
#836015000
1'
#836025000
0&
0'
#836075000
1)
#836085000
0)
1&
#836095000
1'
#836105000
0&
0'
#836155000
1)
#836165000
0)
1&
#836175000
1'
#836185000
0&
0'
#836235000
1)
#836245000
0)
1&
#836255000
1'
#836265000
0&
0'
#836315000
1)
#836325000
0)
1&
#836335000
1'
#836345000
0&
0'
#836395000
1)
#836405000
0)
1&
#836415000
1'
#836425000
0&
0'
#836475000
1)
#836485000
0)
1&
#836495000
1'
#836505000
0&
0'
#836555000
1)
#836565000
0)
1&
#836575000
1'
#836585000
0&
0'
#836635000
1)
#836645000
0)
1&
#836655000
1'
#836665000
0&
0'
#836715000
1)
#836725000
0)
1&
#836735000
1'
#836745000
0&
0'
#836795000
1)
#836805000
0)
1&
#836815000
1'
#836825000
0&
0'
#836875000
1)
#836885000
0)
1&
#836895000
1'
#836905000
0&
0'
#836955000
1)
#836965000
0)
1&
#836975000
1'
#836985000
0&
0'
#837035000
1)
#837045000
0)
1&
#837055000
1'
#837065000
0&
0'
#837115000
1)
#837125000
0)
1&
#837135000
1'
#837145000
0&
0'
#837195000
1)
#837205000
0)
1&
#837215000
1'
#837225000
0&
0'
#837275000
1)
#837285000
0)
1&
#837295000
1'
#837305000
0&
0'
#837355000
1)
#837365000
0)
1&
#837375000
1'
#837385000
0&
0'
#837435000
1)
#837445000
0)
1&
#837455000
1'
#837465000
0&
0'
#837515000
1)
#837525000
0)
1&
#837535000
1'
#837545000
0&
0'
#837595000
1)
#837605000
0)
1&
#837615000
1'
#837625000
0&
0'
#837675000
1)
#837685000
0)
1&
#837695000
1'
#837705000
0&
0'
#837755000
1)
#837765000
0)
1&
#837775000
1'
#837785000
0&
0'
#837835000
1)
#837845000
0)
1&
#837855000
1'
#837865000
0&
0'
#837915000
1)
#837925000
0)
1&
#837935000
1'
#837945000
0&
0'
#837995000
1)
#838005000
0)
1&
#838015000
1'
#838025000
0&
0'
#838075000
1)
#838085000
0)
1&
#838095000
1'
#838105000
0&
0'
#838155000
1)
#838165000
0)
1&
#838175000
1'
#838185000
0&
0'
#838235000
1)
#838245000
0)
1&
#838255000
1'
#838265000
0&
0'
#838315000
1)
#838325000
0)
1&
#838335000
1'
#838345000
0&
0'
#838395000
1)
#838405000
0)
1&
#838415000
1'
#838425000
0&
0'
#838475000
1)
#838485000
0)
1&
#838495000
1'
#838505000
0&
0'
#838555000
1)
#838565000
0)
1&
#838575000
1'
#838585000
0&
0'
#838635000
1)
#838645000
0)
1&
#838655000
1'
#838665000
0&
0'
#838715000
1)
#838725000
0)
1&
#838735000
1'
#838745000
0&
0'
#838795000
1)
#838805000
0)
1&
#838815000
1'
#838825000
0&
0'
#838875000
1)
#838885000
0)
1&
#838895000
1'
#838905000
0&
0'
#838955000
1)
#838965000
0)
1&
#838975000
1'
#838985000
0&
0'
#839035000
1)
#839045000
0)
1&
#839055000
1'
#839065000
0&
0'
#839115000
1)
#839125000
0)
1&
#839135000
1'
#839145000
0&
0'
#839195000
1)
#839205000
0)
1&
#839215000
1'
#839225000
0&
0'
#839275000
1)
#839285000
0)
1&
#839295000
1'
#839305000
0&
0'
#839355000
1)
#839365000
0)
1&
#839375000
1'
#839385000
0&
0'
#839435000
1)
#839445000
0)
1&
#839455000
1'
#839465000
0&
0'
#839515000
1)
#839525000
0)
1&
#839535000
1'
#839545000
0&
0'
#839595000
1)
#839605000
0)
1&
#839615000
1'
#839625000
0&
0'
#839675000
1)
#839685000
0)
1&
#839695000
1'
#839705000
0&
0'
#839755000
1)
#839765000
0)
1&
#839775000
1'
#839785000
0&
0'
#839835000
1)
#839845000
0)
1&
#839855000
1'
#839865000
0&
0'
#839915000
1)
#839925000
0)
1&
#839935000
1'
#839945000
0&
0'
#839995000
1)
#840005000
0)
1&
#840015000
1'
#840025000
0&
0'
#840075000
1)
#840085000
0)
1&
#840095000
1'
#840105000
0&
0'
#840155000
1)
#840165000
0)
1&
#840175000
1'
#840185000
0&
0'
#840235000
1)
#840245000
0)
1&
#840255000
1'
#840265000
0&
0'
#840315000
1)
#840325000
0)
1&
#840335000
1'
#840345000
0&
0'
#840395000
1)
#840405000
0)
0"
#840425000
b0 ,
b0 +
1#
#840525000
1$
#840535000
0$
#840615000
1$
#840625000
0$
#840705000
1$
#840715000
0$
#840795000
1$
#840805000
0$
#840885000
1$
#840895000
0$
#840975000
1$
#840985000
0$
#841065000
1$
#841075000
0$
#841155000
1$
#841165000
0$
#841245000
1$
#841255000
0$
#841335000
1$
#841345000
0$
#841425000
1$
#841435000
0$
#841515000
1$
#841525000
0$
#841545000
1%
#841555000
b100 ,
#841655000
1$
#841665000
0$
#841705000
0%
#841745000
1$
#841755000
0$
#841835000
1$
#841845000
0$
#841925000
1$
#841935000
0$
#842015000
1$
#842025000
0$
#842105000
1$
#842115000
0$
#842195000
1$
#842205000
0$
#842285000
1$
#842295000
0$
#842375000
1$
#842385000
0$
#842465000
1$
#842475000
0$
#842555000
1$
#842565000
0$
#842645000
1$
#842655000
0$
#842675000
1%
#842695000
0#
#842835000
0%
#842855000
1"
#842875000
1(
1&
#842885000
1'
#842895000
0(
0&
0'
#842945000
1)
#842955000
0)
#842975000
1(
1&
#842985000
1'
#842995000
0(
0&
0'
#843045000
1)
#843055000
0)
#843075000
1(
1&
#843085000
1'
#843095000
0(
0&
0'
#843145000
1)
#843155000
0)
#843175000
1(
1&
#843185000
1'
#843195000
0(
0&
0'
#843245000
1)
#843255000
0)
#843275000
1(
1&
#843285000
1'
#843295000
0(
0&
0'
#843345000
1)
#843355000
0)
0"
#843365000
0!
#843375000
1*
#843585000
0*
#843590000
1'
#843865000
1!
#843875000
1&
1"
#843885000
0&
0'
#843895000
1)
#843905000
0)
1&
1'
#843915000
0&
0'
#843925000
1)
#843935000
0)
1&
1'
#843945000
0&
0'
#843955000
1)
#843965000
0)
1&
1'
#843975000
0&
0'
#843985000
1)
#843995000
0)
1&
1'
#844005000
0&
0'
#844015000
1)
#844025000
0)
1&
1'
#844035000
0&
0'
#844045000
1)
#844055000
0)
1&
1'
#844065000
0&
0'
#844075000
1)
#844085000
0)
1&
1'
#844095000
0&
0'
#844105000
1)
#844115000
0)
1&
1'
#844125000
0&
0'
#844135000
1)
#844145000
0)
1&
1'
#844155000
0&
0'
#844165000
1)
#844175000
0)
1&
1'
#844185000
0&
0'
#844195000
1)
#844205000
0)
1&
1'
#844215000
0&
0'
#844225000
1)
#844235000
0)
1&
1'
#844245000
0&
0'
#844255000
1)
#844265000
0)
1&
1'
#844275000
0&
0'
#844285000
1)
#844295000
0)
1&
1'
#844305000
0&
0'
#844315000
1)
#844325000
0)
1&
1'
#844335000
0&
0'
#844345000
1)
#844355000
0)
0"
1'
#844375000
1&
1"
#844385000
0&
0'
#844395000
1)
#844405000
0)
1&
1'
#844415000
0&
0'
#844425000
1)
#844435000
0)
1&
1'
#844445000
0&
0'
#844455000
1)
#844465000
0)
1&
1'
#844475000
0&
0'
#844485000
1)
#844495000
0)
1&
1'
#844505000
0&
0'
#844515000
1)
#844525000
0)
1&
1'
#844535000
0&
0'
#844545000
1)
#844555000
0)
1&
1'
#844565000
0&
0'
#844575000
1)
#844585000
0)
1&
1'
#844595000
0&
0'
#844605000
1)
#844615000
0)
1&
1'
#844625000
0&
0'
#844635000
1)
#844645000
0)
1&
1'
#844655000
0&
0'
#844665000
1)
#844675000
0)
1&
1'
#844685000
0&
0'
#844695000
1)
#844705000
0)
1&
1'
#844715000
0&
0'
#844725000
1)
#844735000
0)
1&
1'
#844745000
0&
0'
#844755000
1)
#844765000
0)
1&
1'
#844775000
0&
0'
#844785000
1)
#844795000
0)
1&
1'
#844805000
0&
0'
#844815000
1)
#844825000
0)
1&
1'
#844835000
0&
0'
#844845000
1)
#844855000
0)
1&
1'
#844865000
0&
0'
#844875000
1)
#844885000
0)
1&
1'
#844895000
0&
0'
#844905000
1)
#844915000
0)
1&
1'
#844925000
0&
0'
#844935000
1)
#844945000
0)
1&
1'
#844955000
0&
0'
#844965000
1)
#844975000
0)
1&
1'
#844985000
0&
0'
#844995000
1)
#845005000
0)
1&
1'
#845015000
0&
0'
#845025000
1)
#845035000
0)
1&
1'
#845045000
0&
0'
#845055000
1)
#845065000
0)
1&
1'
#845075000
0&
0'
#845085000
1)
#845095000
0)
1&
1'
#845105000
0&
0'
#845115000
1)
#845125000
0)
1&
1'
#845135000
0&
0'
#845145000
1)
#845155000
0)
1&
1'
#845165000
0&
0'
#845175000
1)
#845185000
0)
1&
1'
#845195000
0&
0'
#845205000
1)
#845215000
0)
1&
1'
#845225000
0&
0'
#845235000
1)
#845245000
0)
1&
1'
#845255000
0&
0'
#845265000
1)
#845275000
0)
1&
1'
#845285000
0&
0'
#845295000
1)
#845305000
0)
1&
1'
#845315000
0&
0'
#845325000
1)
#845335000
0)
1&
1'
#845345000
0&
0'
#845355000
1)
#845365000
0)
1&
1'
#845375000
0&
0'
#845385000
1)
#845395000
0)
1&
1'
#845405000
0&
0'
#845415000
1)
#845425000
0)
1&
1'
#845435000
0&
0'
#845445000
1)
#845455000
0)
1&
1'
#845465000
0&
0'
#845475000
1)
#845485000
0)
1&
1'
#845495000
0&
0'
#845505000
1)
#845515000
0)
1&
1'
#845525000
0&
0'
#845535000
1)
#845545000
0)
1&
1'
#845555000
0&
0'
#845565000
1)
#845575000
0)
0"
1'
#845595000
b0 ,
1#
#845695000
1$
#845705000
0$
#845785000
1$
#845795000
0$
#845875000
1$
#845885000
0$
#845965000
1$
#845975000
0$
#845995000
1%
#846005000
b100 ,
#846105000
1$
#846115000
0$
#846155000
0%
#846195000
1$
#846205000
0$
#846285000
1$
#846295000
0$
#846375000
1$
#846385000
0$
#846405000
1%
#846415000
b1000 ,
#846515000
1$
#846525000
0$
#846565000
0%
#846605000
1$
#846615000
0$
#846695000
1$
#846705000
0$
#846785000
1$
#846795000
0$
#846815000
1%
#846835000
0#
#846975000
0%
#846995000
1"
#847015000
1(
1&
#847025000
0(
0&
0'
#847035000
1)
#847045000
0)
1'
#847065000
1(
1&
#847075000
0(
0&
0'
#847085000
1)
#847095000
0)
1'
#847115000
1(
1&
#847125000
0(
0&
0'
#847135000
1)
#847145000
0)
1'
#847165000
1(
1&
#847175000
0(
0&
0'
#847185000
1)
#847195000
0)
1'
#847215000
1(
1&
#847225000
0(
0&
0'
#847235000
1)
#847245000
0)
1'
#847265000
1(
1&
#847275000
0(
0&
0'
#847285000
1)
#847295000
0)
1'
#847315000
1(
1&
#847325000
0(
0&
0'
#847335000
1)
#847345000
0)
1'
#847365000
1(
1&
#847375000
0(
0&
0'
#847385000
1)
#847395000
0)
1'
#847415000
1(
1&
#847425000
0(
0&
0'
#847435000
1)
#847445000
0)
1'
#847465000
1(
1&
#847475000
0(
0&
0'
#847485000
1)
#847495000
0)
1'
#847515000
1(
1&
#847525000
0(
0&
0'
#847535000
1)
#847545000
0)
1'
#847565000
1(
1&
#847575000
0(
0&
0'
#847585000
1)
#847595000
0)
1'
#847615000
1(
1&
#847625000
0(
0&
0'
#847635000
1)
#847645000
0)
1'
#847665000
1(
1&
#847675000
0(
0&
0'
#847685000
1)
#847695000
0)
1'
#847715000
1(
1&
#847725000
0(
0&
0'
#847735000
1)
#847745000
0)
1'
#847765000
1(
1&
#847775000
0(
0&
0'
#847785000
1)
#847795000
0)
1'
#847815000
1(
1&
#847825000
0(
0&
0'
#847835000
1)
#847845000
0)
1'
#847865000
1(
1&
#847875000
0(
0&
0'
#847885000
1)
#847895000
0)
1'
#847915000
1(
1&
#847925000
0(
0&
0'
#847935000
1)
#847945000
0)
1'
#847965000
1(
1&
#847975000
0(
0&
0'
#847985000
1)
#847995000
0)
1'
#848015000
1(
1&
#848025000
0(
0&
0'
#848035000
1)
#848045000
0)
1'
#848065000
1(
1&
#848075000
0(
0&
0'
#848085000
1)
#848095000
0)
1'
#848115000
1(
1&
#848125000
0(
0&
0'
#848135000
1)
#848145000
0)
1'
#848165000
1(
1&
#848175000
0(
0&
0'
#848185000
1)
#848195000
0)
1'
#848215000
1(
1&
#848225000
0(
0&
0'
#848235000
1)
#848245000
0)
1'
#848265000
1(
1&
#848275000
0(
0&
0'
#848285000
1)
#848295000
0)
1'
#848315000
1(
1&
#848325000
0(
0&
0'
#848335000
1)
#848345000
0)
1'
#848365000
1(
1&
#848375000
0(
0&
0'
#848385000
1)
#848395000
0)
1'
#848415000
1(
1&
#848425000
0(
0&
0'
#848435000
1)
#848445000
0)
1'
#848465000
1(
1&
#848475000
0(
0&
0'
#848485000
1)
#848495000
0)
1'
#848515000
1(
1&
#848525000
0(
0&
0'
#848535000
1)
#848545000
0)
1'
#848565000
1(
1&
#848575000
0(
0&
0'
#848585000
1)
#848595000
0)
1'
#848615000
1(
1&
#848625000
0(
0&
0'
#848635000
1)
#848645000
0)
1'
#848665000
1(
1&
#848675000
0(
0&
0'
#848685000
1)
#848695000
0)
1'
#848715000
1(
1&
#848725000
0(
0&
0'
#848735000
1)
#848745000
0)
1'
#848765000
1(
1&
#848775000
0(
0&
0'
#848785000
1)
#848795000
0)
1'
#848815000
1(
1&
#848825000
0(
0&
0'
#848835000
1)
#848845000
0)
1'
#848865000
1(
1&
#848875000
0(
0&
0'
#848885000
1)
#848895000
0)
1'
#848915000
1(
1&
#848925000
0(
0&
0'
#848935000
1)
#848945000
0)
1'
#848965000
1(
1&
#848975000
0(
0&
0'
#848985000
1)
#848995000
0)
0"
1'
#849005000
0!
#849015000
1*
#849225000
0*
#849505000
1!
#849515000
1&
1"
#849525000
0&
0'
#849545000
1)
#849555000
0)
1&
1'
#849565000
0&
0'
#849585000
1)
#849595000
0)
1&
1'
#849605000
0&
0'
#849625000
1)
#849635000
0)
1&
1'
#849645000
0&
0'
#849665000
1)
#849675000
0)
1&
1'
#849685000
0&
0'
#849705000
1)
#849715000
0)
0"
1'
#849735000
1&
1"
#849745000
0&
0'
#849765000
1)
#849775000
0)
1&
1'
#849785000
0&
0'
#849805000
1)
#849815000
0)
1&
1'
#849825000
0&
0'
#849845000
1)
#849855000
0)
1&
1'
#849865000
0&
0'
#849885000
1)
#849895000
0)
1&
1'
#849905000
0&
0'
#849925000
1)
#849935000
0)
1&
1'
#849945000
0&
0'
#849965000
1)
#849975000
0)
1&
1'
#849985000
0&
0'
#850005000
1)
#850015000
0)
1&
1'
#850025000
0&
0'
#850045000
1)
#850055000
0)
1&
1'
#850065000
0&
0'
#850085000
1)
#850095000
0)
1&
1'
#850105000
0&
0'
#850125000
1)
#850135000
0)
1&
1'
#850145000
0&
0'
#850165000
1)
#850175000
0)
1&
1'
#850185000
0&
0'
#850205000
1)
#850215000
0)
1&
1'
#850225000
0&
0'
#850245000
1)
#850255000
0)
1&
1'
#850265000
0&
0'
#850285000
1)
#850295000
0)
1&
1'
#850305000
0&
0'
#850325000
1)
#850335000
0)
0"
1'
#850355000
b0 ,
1#
#850455000
1$
#850465000
0$
#850545000
1$
#850555000
0$
#850635000
1$
#850645000
0$
#850725000
1$
#850735000
0$
#850815000
1$
#850825000
0$
#850845000
1%
#850865000
0#
#851005000
0%
#851025000
1"
#851045000
1(
1&
#851055000
0(
0&
0'
#851075000
1)
#851085000
0)
1'
#851105000
1(
1&
#851115000
0(
0&
0'
#851135000
1)
#851145000
0)
1'
#851165000
1(
1&
#851175000
0(
0&
0'
#851195000
1)
#851205000
0)
0"
1'
#851215000
0!
#851225000
1*
#851435000
0*
#851715000
1!
#851725000
1&
1"
#851735000
0&
0'
#851765000
1)
#851775000
0)
1&
1'
#851785000
0&
0'
#851815000
1)
#851825000
0)
1&
1'
#851835000
0&
0'
#851865000
1)
#851875000
0)
1&
1'
#851885000
0&
0'
#851915000
1)
#851925000
0)
1&
1'
#851935000
0&
0'
#851965000
1)
#851975000
0)
1&
1'
#851985000
0&
0'
#852015000
1)
#852025000
0)
1&
1'
#852035000
0&
0'
#852065000
1)
#852075000
0)
1&
1'
#852085000
0&
0'
#852115000
1)
#852125000
0)
1&
1'
#852135000
0&
0'
#852165000
1)
#852175000
0)
1&
1'
#852185000
0&
0'
#852215000
1)
#852225000
0)
1&
1'
#852235000
0&
0'
#852265000
1)
#852275000
0)
1&
1'
#852285000
0&
0'
#852315000
1)
#852325000
0)
1&
1'
#852335000
0&
0'
#852365000
1)
#852375000
0)
1&
1'
#852385000
0&
0'
#852415000
1)
#852425000
0)
1&
1'
#852435000
0&
0'
#852465000
1)
#852475000
0)
1&
1'
#852485000
0&
0'
#852515000
1)
#852525000
0)
1&
1'
#852535000
0&
0'
#852565000
1)
#852575000
0)
1&
1'
#852585000
0&
0'
#852615000
1)
#852625000
0)
1&
1'
#852635000
0&
0'
#852665000
1)
#852675000
0)
1&
1'
#852685000
0&
0'
#852715000
1)
#852725000
0)
1&
1'
#852735000
0&
0'
#852765000
1)
#852775000
0)
1&
1'
#852785000
0&
0'
#852815000
1)
#852825000
0)
1&
1'
#852835000
0&
0'
#852865000
1)
#852875000
0)
1&
1'
#852885000
0&
0'
#852915000
1)
#852925000
0)
1&
1'
#852935000
0&
0'
#852965000
1)
#852975000
0)
1&
1'
#852985000
0&
0'
#853015000
1)
#853025000
0)
1&
1'
#853035000
0&
0'
#853065000
1)
#853075000
0)
1&
1'
#853085000
0&
0'
#853115000
1)
#853125000
0)
1&
1'
#853135000
0&
0'
#853165000
1)
#853175000
0)
1&
1'
#853185000
0&
0'
#853215000
1)
#853225000
0)
1&
1'
#853235000
0&
0'
#853265000
1)
#853275000
0)
1&
1'
#853285000
0&
0'
#853315000
1)
#853325000
0)
1&
1'
#853335000
0&
0'
#853365000
1)
#853375000
0)
1&
1'
#853385000
0&
0'
#853415000
1)
#853425000
0)
1&
1'
#853435000
0&
0'
#853465000
1)
#853475000
0)
1&
1'
#853485000
0&
0'
#853515000
1)
#853525000
0)
1&
1'
#853535000
0&
0'
#853565000
1)
#853575000
0)
1&
1'
#853585000
0&
0'
#853615000
1)
#853625000
0)
1&
1'
#853635000
0&
0'
#853665000
1)
#853675000
0)
1&
1'
#853685000
0&
0'
#853715000
1)
#853725000
0)
1&
1'
#853735000
0&
0'
#853765000
1)
#853775000
0)
1&
1'
#853785000
0&
0'
#853815000
1)
#853825000
0)
1&
1'
#853835000
0&
0'
#853865000
1)
#853875000
0)
1&
1'
#853885000
0&
0'
#853915000
1)
#853925000
0)
1&
1'
#853935000
0&
0'
#853965000
1)
#853975000
0)
1&
1'
#853985000
0&
0'
#854015000
1)
#854025000
0)
1&
1'
#854035000
0&
0'
#854065000
1)
#854075000
0)
1&
1'
#854085000
0&
0'
#854115000
1)
#854125000
0)
1&
1'
#854135000
0&
0'
#854165000
1)
#854175000
0)
1&
1'
#854185000
0&
0'
#854215000
1)
#854225000
0)
1&
1'
#854235000
0&
0'
#854265000
1)
#854275000
0)
1&
1'
#854285000
0&
0'
#854315000
1)
#854325000
0)
1&
1'
#854335000
0&
0'
#854365000
1)
#854375000
0)
1&
1'
#854385000
0&
0'
#854415000
1)
#854425000
0)
1&
1'
#854435000
0&
0'
#854465000
1)
#854475000
0)
1&
1'
#854485000
0&
0'
#854515000
1)
#854525000
0)
1&
1'
#854535000
0&
0'
#854565000
1)
#854575000
0)
1&
1'
#854585000
0&
0'
#854615000
1)
#854625000
0)
1&
1'
#854635000
0&
0'
#854665000
1)
#854675000
0)
1&
1'
#854685000
0&
0'
#854715000
1)
#854725000
0)
1&
1'
#854735000
0&
0'
#854765000
1)
#854775000
0)
1&
1'
#854785000
0&
0'
#854815000
1)
#854825000
0)
1&
1'
#854835000
0&
0'
#854865000
1)
#854875000
0)
1&
1'
#854885000
0&
0'
#854915000
1)
#854925000
0)
1&
1'
#854935000
0&
0'
#854965000
1)
#854975000
0)
1&
1'
#854985000
0&
0'
#855015000
1)
#855025000
0)
1&
1'
#855035000
0&
0'
#855065000
1)
#855075000
0)
1&
1'
#855085000
0&
0'
#855115000
1)
#855125000
0)
1&
1'
#855135000
0&
0'
#855165000
1)
#855175000
0)
1&
1'
#855185000
0&
0'
#855215000
1)
#855225000
0)
1&
1'
#855235000
0&
0'
#855265000
1)
#855275000
0)
1&
1'
#855285000
0&
0'
#855315000
1)
#855325000
0)
1&
1'
#855335000
0&
0'
#855365000
1)
#855375000
0)
1&
1'
#855385000
0&
0'
#855415000
1)
#855425000
0)
1&
1'
#855435000
0&
0'
#855465000
1)
#855475000
0)
1&
1'
#855485000
0&
0'
#855515000
1)
#855525000
0)
1&
1'
#855535000
0&
0'
#855565000
1)
#855575000
0)
1&
1'
#855585000
0&
0'
#855615000
1)
#855625000
0)
1&
1'
#855635000
0&
0'
#855665000
1)
#855675000
0)
1&
1'
#855685000
0&
0'
#855715000
1)
#855725000
0)
1&
1'
#855735000
0&
0'
#855765000
1)
#855775000
0)
1&
1'
#855785000
0&
0'
#855815000
1)
#855825000
0)
1&
1'
#855835000
0&
0'
#855865000
1)
#855875000
0)
1&
1'
#855885000
0&
0'
#855915000
1)
#855925000
0)
1&
1'
#855935000
0&
0'
#855965000
1)
#855975000
0)
1&
1'
#855985000
0&
0'
#856015000
1)
#856025000
0)
1&
1'
#856035000
0&
0'
#856065000
1)
#856075000
0)
1&
1'
#856085000
0&
0'
#856115000
1)
#856125000
0)
1&
1'
#856135000
0&
0'
#856165000
1)
#856175000
0)
1&
1'
#856185000
0&
0'
#856215000
1)
#856225000
0)
1&
1'
#856235000
0&
0'
#856265000
1)
#856275000
0)
1&
1'
#856285000
0&
0'
#856315000
1)
#856325000
0)
1&
1'
#856335000
0&
0'
#856365000
1)
#856375000
0)
1&
1'
#856385000
0&
0'
#856415000
1)
#856425000
0)
1&
1'
#856435000
0&
0'
#856465000
1)
#856475000
0)
1&
1'
#856485000
0&
0'
#856515000
1)
#856525000
0)
1&
1'
#856535000
0&
0'
#856565000
1)
#856575000
0)
1&
1'
#856585000
0&
0'
#856615000
1)
#856625000
0)
1&
1'
#856635000
0&
0'
#856665000
1)
#856675000
0)
1&
1'
#856685000
0&
0'
#856715000
1)
#856725000
0)
1&
1'
#856735000
0&
0'
#856765000
1)
#856775000
0)
1&
1'
#856785000
0&
0'
#856815000
1)
#856825000
0)
1&
1'
#856835000
0&
0'
#856865000
1)
#856875000
0)
1&
1'
#856885000
0&
0'
#856915000
1)
#856925000
0)
1&
1'
#856935000
0&
0'
#856965000
1)
#856975000
0)
1&
1'
#856985000
0&
0'
#857015000
1)
#857025000
0)
1&
1'
#857035000
0&
0'
#857065000
1)
#857075000
0)
1&
1'
#857085000
0&
0'
#857115000
1)
#857125000
0)
1&
1'
#857135000
0&
0'
#857165000
1)
#857175000
0)
1&
1'
#857185000
0&
0'
#857215000
1)
#857225000
0)
1&
1'
#857235000
0&
0'
#857265000
1)
#857275000
0)
1&
1'
#857285000
0&
0'
#857315000
1)
#857325000
0)
1&
1'
#857335000
0&
0'
#857365000
1)
#857375000
0)
1&
1'
#857385000
0&
0'
#857415000
1)
#857425000
0)
1&
1'
#857435000
0&
0'
#857465000
1)
#857475000
0)
1&
1'
#857485000
0&
0'
#857515000
1)
#857525000
0)
1&
1'
#857535000
0&
0'
#857565000
1)
#857575000
0)
1&
1'
#857585000
0&
0'
#857615000
1)
#857625000
0)
1&
1'
#857635000
0&
0'
#857665000
1)
#857675000
0)
1&
1'
#857685000
0&
0'
#857715000
1)
#857725000
0)
0"
1'
#857745000
1&
1"
#857755000
0&
0'
#857785000
1)
#857795000
0)
1&
1'
#857805000
0&
0'
#857835000
1)
#857845000
0)
1&
1'
#857855000
0&
0'
#857885000
1)
#857895000
0)
1&
1'
#857905000
0&
0'
#857935000
1)
#857945000
0)
1&
1'
#857955000
0&
0'
#857985000
1)
#857995000
0)
1&
1'
#858005000
0&
0'
#858035000
1)
#858045000
0)
1&
1'
#858055000
0&
0'
#858085000
1)
#858095000
0)
1&
1'
#858105000
0&
0'
#858135000
1)
#858145000
0)
1&
1'
#858155000
0&
0'
#858185000
1)
#858195000
0)
1&
1'
#858205000
0&
0'
#858235000
1)
#858245000
0)
1&
1'
#858255000
0&
0'
#858285000
1)
#858295000
0)
1&
1'
#858305000
0&
0'
#858335000
1)
#858345000
0)
1&
1'
#858355000
0&
0'
#858385000
1)
#858395000
0)
1&
1'
#858405000
0&
0'
#858435000
1)
#858445000
0)
1&
1'
#858455000
0&
0'
#858485000
1)
#858495000
0)
1&
1'
#858505000
0&
0'
#858535000
1)
#858545000
0)
1&
1'
#858555000
0&
0'
#858585000
1)
#858595000
0)
1&
1'
#858605000
0&
0'
#858635000
1)
#858645000
0)
1&
1'
#858655000
0&
0'
#858685000
1)
#858695000
0)
1&
1'
#858705000
0&
0'
#858735000
1)
#858745000
0)
1&
1'
#858755000
0&
0'
#858785000
1)
#858795000
0)
1&
1'
#858805000
0&
0'
#858835000
1)
#858845000
0)
1&
1'
#858855000
0&
0'
#858885000
1)
#858895000
0)
1&
1'
#858905000
0&
0'
#858935000
1)
#858945000
0)
1&
1'
#858955000
0&
0'
#858985000
1)
#858995000
0)
1&
1'
#859005000
0&
0'
#859035000
1)
#859045000
0)
1&
1'
#859055000
0&
0'
#859085000
1)
#859095000
0)
1&
1'
#859105000
0&
0'
#859135000
1)
#859145000
0)
1&
1'
#859155000
0&
0'
#859185000
1)
#859195000
0)
1&
1'
#859205000
0&
0'
#859235000
1)
#859245000
0)
1&
1'
#859255000
0&
0'
#859285000
1)
#859295000
0)
1&
1'
#859305000
0&
0'
#859335000
1)
#859345000
0)
1&
1'
#859355000
0&
0'
#859385000
1)
#859395000
0)
1&
1'
#859405000
0&
0'
#859435000
1)
#859445000
0)
1&
1'
#859455000
0&
0'
#859485000
1)
#859495000
0)
1&
1'
#859505000
0&
0'
#859535000
1)
#859545000
0)
1&
1'
#859555000
0&
0'
#859585000
1)
#859595000
0)
1&
1'
#859605000
0&
0'
#859635000
1)
#859645000
0)
1&
1'
#859655000
0&
0'
#859685000
1)
#859695000
0)
1&
1'
#859705000
0&
0'
#859735000
1)
#859745000
0)
1&
1'
#859755000
0&
0'
#859785000
1)
#859795000
0)
1&
1'
#859805000
0&
0'
#859835000
1)
#859845000
0)
1&
1'
#859855000
0&
0'
#859885000
1)
#859895000
0)
1&
1'
#859905000
0&
0'
#859935000
1)
#859945000
0)
1&
1'
#859955000
0&
0'
#859985000
1)
#859995000
0)
1&
1'
#860005000
0&
0'
#860035000
1)
#860045000
0)
1&
1'
#860055000
0&
0'
#860085000
1)
#860095000
0)
1&
1'
#860105000
0&
0'
#860135000
1)
#860145000
0)
1&
1'
#860155000
0&
0'
#860185000
1)
#860195000
0)
1&
1'
#860205000
0&
0'
#860235000
1)
#860245000
0)
1&
1'
#860255000
0&
0'
#860285000
1)
#860295000
0)
1&
1'
#860305000
0&
0'
#860335000
1)
#860345000
0)
1&
1'
#860355000
0&
0'
#860385000
1)
#860395000
0)
1&
1'
#860405000
0&
0'
#860435000
1)
#860445000
0)
1&
1'
#860455000
0&
0'
#860485000
1)
#860495000
0)
1&
1'
#860505000
0&
0'
#860535000
1)
#860545000
0)
1&
1'
#860555000
0&
0'
#860585000
1)
#860595000
0)
1&
1'
#860605000
0&
0'
#860635000
1)
#860645000
0)
1&
1'
#860655000
0&
0'
#860685000
1)
#860695000
0)
1&
1'
#860705000
0&
0'
#860735000
1)
#860745000
0)
1&
1'
#860755000
0&
0'
#860785000
1)
#860795000
0)
1&
1'
#860805000
0&
0'
#860835000
1)
#860845000
0)
1&
1'
#860855000
0&
0'
#860885000
1)
#860895000
0)
1&
1'
#860905000
0&
0'
#860935000
1)
#860945000
0)
1&
1'
#860955000
0&
0'
#860985000
1)
#860995000
0)
1&
1'
#861005000
0&
0'
#861035000
1)
#861045000
0)
1&
1'
#861055000
0&
0'
#861085000
1)
#861095000
0)
1&
1'
#861105000
0&
0'
#861135000
1)
#861145000
0)
1&
1'
#861155000
0&
0'
#861185000
1)
#861195000
0)
1&
1'
#861205000
0&
0'
#861235000
1)
#861245000
0)
1&
1'
#861255000
0&
0'
#861285000
1)
#861295000
0)
1&
1'
#861305000
0&
0'
#861335000
1)
#861345000
0)
1&
1'
#861355000
0&
0'
#861385000
1)
#861395000
0)
1&
1'
#861405000
0&
0'
#861435000
1)
#861445000
0)
1&
1'
#861455000
0&
0'
#861485000
1)
#861495000
0)
1&
1'
#861505000
0&
0'
#861535000
1)
#861545000
0)
1&
1'
#861555000
0&
0'
#861585000
1)
#861595000
0)
1&
1'
#861605000
0&
0'
#861635000
1)
#861645000
0)
1&
1'
#861655000
0&
0'
#861685000
1)
#861695000
0)
1&
1'
#861705000
0&
0'
#861735000
1)
#861745000
0)
1&
1'
#861755000
0&
0'
#861785000
1)
#861795000
0)
1&
1'
#861805000
0&
0'
#861835000
1)
#861845000
0)
1&
1'
#861855000
0&
0'
#861885000
1)
#861895000
0)
1&
1'
#861905000
0&
0'
#861935000
1)
#861945000
0)
0"
1'
#861965000
1#
#862065000
1$
#862075000
0$
#862155000
1$
#862165000
0$
#862245000
1$
#862255000
0$
#862335000
1$
#862345000
0$
#862425000
1$
#862435000
0$
#862515000
1$
#862525000
0$
#862605000
1$
#862615000
0$
#862695000
1$
#862705000
0$
#862785000
1$
#862795000
0$
#862875000
1$
#862885000
0$
#862965000
1$
#862975000
0$
#863055000
1$
#863065000
0$
#863085000
1%
#863095000
b100 ,
#863195000
1$
#863205000
0$
#863245000
0%
#863285000
1$
#863295000
0$
#863375000
1$
#863385000
0$
#863465000
1$
#863475000
0$
#863555000
1$
#863565000
0$
#863645000
1$
#863655000
0$
#863735000
1$
#863745000
0$
#863825000
1$
#863835000
0$
#863915000
1$
#863925000
0$
#864005000
1$
#864015000
0$
#864095000
1$
#864105000
0$
#864185000
1$
#864195000
0$
#864215000
1%
#864225000
b0 ,
b100 +
#864325000
1$
#864335000
0$
#864375000
0%
#864415000
1$
#864425000
0$
#864505000
1$
#864515000
0$
#864595000
1$
#864605000
0$
#864685000
1$
#864695000
0$
#864775000
1$
#864785000
0$
#864865000
1$
#864875000
0$
#864955000
1$
#864965000
0$
#865045000
1$
#865055000
0$
#865135000
1$
#865145000
0$
#865225000
1$
#865235000
0$
#865315000
1$
#865325000
0$
#865345000
1%
#865355000
b100 ,
#865455000
1$
#865465000
0$
#865505000
0%
#865545000
1$
#865555000
0$
#865635000
1$
#865645000
0$
#865725000
1$
#865735000
0$
#865815000
1$
#865825000
0$
#865905000
1$
#865915000
0$
#865995000
1$
#866005000
0$
#866085000
1$
#866095000
0$
#866175000
1$
#866185000
0$
#866265000
1$
#866275000
0$
#866355000
1$
#866365000
0$
#866445000
1$
#866455000
0$
#866475000
1%
#866485000
b0 ,
b1000 +
#866585000
1$
#866595000
0$
#866635000
0%
#866675000
1$
#866685000
0$
#866765000
1$
#866775000
0$
#866855000
1$
#866865000
0$
#866945000
1$
#866955000
0$
#867035000
1$
#867045000
0$
#867125000
1$
#867135000
0$
#867215000
1$
#867225000
0$
#867305000
1$
#867315000
0$
#867395000
1$
#867405000
0$
#867485000
1$
#867495000
0$
#867575000
1$
#867585000
0$
#867605000
1%
#867615000
b100 ,
#867715000
1$
#867725000
0$
#867765000
0%
#867805000
1$
#867815000
0$
#867895000
1$
#867905000
0$
#867985000
1$
#867995000
0$
#868075000
1$
#868085000
0$
#868165000
1$
#868175000
0$
#868255000
1$
#868265000
0$
#868345000
1$
#868355000
0$
#868435000
1$
#868445000
0$
#868525000
1$
#868535000
0$
#868615000
1$
#868625000
0$
#868705000
1$
#868715000
0$
#868735000
1%
#868755000
0#
#868895000
0%
#868915000
1"
#868935000
1(
1&
#868945000
0(
0&
0'
#868975000
1)
#868985000
0)
1'
#869005000
1(
1&
#869015000
0(
0&
0'
#869045000
1)
#869055000
0)
1'
#869075000
1(
1&
#869085000
0(
0&
0'
#869115000
1)
#869125000
0)
1'
#869145000
1(
1&
#869155000
0(
0&
0'
#869185000
1)
#869195000
0)
1'
#869215000
1(
1&
#869225000
0(
0&
0'
#869255000
1)
#869265000
0)
1'
#869285000
1(
1&
#869295000
0(
0&
0'
#869325000
1)
#869335000
0)
1'
#869355000
1(
1&
#869365000
0(
0&
0'
#869395000
1)
#869405000
0)
1'
#869425000
1(
1&
#869435000
0(
0&
0'
#869465000
1)
#869475000
0)
1'
#869495000
1(
1&
#869505000
0(
0&
0'
#869535000
1)
#869545000
0)
1'
#869565000
1(
1&
#869575000
0(
0&
0'
#869605000
1)
#869615000
0)
1'
#869635000
1(
1&
#869645000
0(
0&
0'
#869675000
1)
#869685000
0)
1'
#869705000
1(
1&
#869715000
0(
0&
0'
#869745000
1)
#869755000
0)
1'
#869775000
1(
1&
#869785000
0(
0&
0'
#869815000
1)
#869825000
0)
1'
#869845000
1(
1&
#869855000
0(
0&
0'
#869885000
1)
#869895000
0)
1'
#869915000
1(
1&
#869925000
0(
0&
0'
#869955000
1)
#869965000
0)
1'
#869985000
1(
1&
#869995000
0(
0&
0'
#870025000
1)
#870035000
0)
1'
#870055000
1(
1&
#870065000
0(
0&
0'
#870095000
1)
#870105000
0)
1'
#870125000
1(
1&
#870135000
0(
0&
0'
#870165000
1)
#870175000
0)
1'
#870195000
1(
1&
#870205000
0(
0&
0'
#870235000
1)
#870245000
0)
1'
#870265000
1(
1&
#870275000
0(
0&
0'
#870305000
1)
#870315000
0)
1'
#870335000
1(
1&
#870345000
0(
0&
0'
#870375000
1)
#870385000
0)
1'
#870405000
1(
1&
#870415000
0(
0&
0'
#870445000
1)
#870455000
0)
1'
#870475000
1(
1&
#870485000
0(
0&
0'
#870515000
1)
#870525000
0)
1'
#870545000
1(
1&
#870555000
0(
0&
0'
#870585000
1)
#870595000
0)
1'
#870615000
1(
1&
#870625000
0(
0&
0'
#870655000
1)
#870665000
0)
1'
#870685000
1(
1&
#870695000
0(
0&
0'
#870725000
1)
#870735000
0)
1'
#870755000
1(
1&
#870765000
0(
0&
0'
#870795000
1)
#870805000
0)
1'
#870825000
1(
1&
#870835000
0(
0&
0'
#870865000
1)
#870875000
0)
1'
#870895000
1(
1&
#870905000
0(
0&
0'
#870935000
1)
#870945000
0)
1'
#870965000
1(
1&
#870975000
0(
0&
0'
#871005000
1)
#871015000
0)
1'
#871035000
1(
1&
#871045000
0(
0&
0'
#871075000
1)
#871085000
0)
1'
#871105000
1(
1&
#871115000
0(
0&
0'
#871145000
1)
#871155000
0)
1'
#871175000
1(
1&
#871185000
0(
0&
0'
#871215000
1)
#871225000
0)
1'
#871245000
1(
1&
#871255000
0(
0&
0'
#871285000
1)
#871295000
0)
1'
#871315000
1(
1&
#871325000
0(
0&
0'
#871355000
1)
#871365000
0)
1'
#871385000
1(
1&
#871395000
0(
0&
0'
#871425000
1)
#871435000
0)
1'
#871455000
1(
1&
#871465000
0(
0&
0'
#871495000
1)
#871505000
0)
1'
#871525000
1(
1&
#871535000
0(
0&
0'
#871565000
1)
#871575000
0)
1'
#871595000
1(
1&
#871605000
0(
0&
0'
#871635000
1)
#871645000
0)
1'
#871665000
1(
1&
#871675000
0(
0&
0'
#871705000
1)
#871715000
0)
1'
#871735000
1(
1&
#871745000
0(
0&
0'
#871775000
1)
#871785000
0)
1'
#871805000
1(
1&
#871815000
0(
0&
0'
#871845000
1)
#871855000
0)
1'
#871875000
1(
1&
#871885000
0(
0&
0'
#871915000
1)
#871925000
0)
1'
#871945000
1(
1&
#871955000
0(
0&
0'
#871985000
1)
#871995000
0)
1'
#872015000
1(
1&
#872025000
0(
0&
0'
#872055000
1)
#872065000
0)
1'
#872085000
1(
1&
#872095000
0(
0&
0'
#872125000
1)
#872135000
0)
1'
#872155000
1(
1&
#872165000
0(
0&
0'
#872195000
1)
#872205000
0)
1'
#872225000
1(
1&
#872235000
0(
0&
0'
#872265000
1)
#872275000
0)
1'
#872295000
1(
1&
#872305000
0(
0&
0'
#872335000
1)
#872345000
0)
1'
#872365000
1(
1&
#872375000
0(
0&
0'
#872405000
1)
#872415000
0)
1'
#872435000
1(
1&
#872445000
0(
0&
0'
#872475000
1)
#872485000
0)
1'
#872505000
1(
1&
#872515000
0(
0&
0'
#872545000
1)
#872555000
0)
1'
#872575000
1(
1&
#872585000
0(
0&
0'
#872615000
1)
#872625000
0)
1'
#872645000
1(
1&
#872655000
0(
0&
0'
#872685000
1)
#872695000
0)
1'
#872715000
1(
1&
#872725000
0(
0&
0'
#872755000
1)
#872765000
0)
1'
#872785000
1(
1&
#872795000
0(
0&
0'
#872825000
1)
#872835000
0)
1'
#872855000
1(
1&
#872865000
0(
0&
0'
#872895000
1)
#872905000
0)
1'
#872925000
1(
1&
#872935000
0(
0&
0'
#872965000
1)
#872975000
0)
1'
#872995000
1(
1&
#873005000
0(
0&
0'
#873035000
1)
#873045000
0)
1'
#873065000
1(
1&
#873075000
0(
0&
0'
#873105000
1)
#873115000
0)
1'
#873135000
1(
1&
#873145000
0(
0&
0'
#873175000
1)
#873185000
0)
1'
#873205000
1(
1&
#873215000
0(
0&
0'
#873245000
1)
#873255000
0)
1'
#873275000
1(
1&
#873285000
0(
0&
0'
#873315000
1)
#873325000
0)
1'
#873345000
1(
1&
#873355000
0(
0&
0'
#873385000
1)
#873395000
0)
1'
#873415000
1(
1&
#873425000
0(
0&
0'
#873455000
1)
#873465000
0)
1'
#873485000
1(
1&
#873495000
0(
0&
0'
#873525000
1)
#873535000
0)
1'
#873555000
1(
1&
#873565000
0(
0&
0'
#873595000
1)
#873605000
0)
1'
#873625000
1(
1&
#873635000
0(
0&
0'
#873665000
1)
#873675000
0)
1'
#873695000
1(
1&
#873705000
0(
0&
0'
#873735000
1)
#873745000
0)
1'
#873765000
1(
1&
#873775000
0(
0&
0'
#873805000
1)
#873815000
0)
0"
1'
#873825000
0!
#873835000
1*
#874045000
0*
